asset,exchange,published_at,source,headline,text,url
RELIANCE,NSE,2026-07-07 04:02:17+00:00,marketaux:economictimes.indiatimes.com,RIL expands CBM production contract worth Rs 163 crore with SWPE,"Reliance Industries Limited has extended its Coal Bed Methane production contract with South West Pinnacle Exploration. This awarded work is expected to generate revenue from the second quarter of FY 2026-27. South West Pinnacle Exploration also received a separate contract from CMPDI for exploration services. This pact valued at Rs 5.89 crore will strengthen SWPE's order book. The exploration work is scheduled for completion within 180 days.

Synopsis

Reliance Industries Limited has extended its Coal Bed Methane production contract with South West Pinnacle Exploration. This awarded work is expected ...",https://economictimes.indiatimes.com/industry/energy/oil-gas/reliance-industries-limited-ril-expands-cbm-production-contract-with-swpe-worth-rs-163-crore-mukesh-ambani/articleshow/132229699.cms
RELIANCE,NSE,2026-07-07 15:53:41+00:00,marketaux:economictimes.indiatimes.com,Ahead of Market: 10 things that will decide stock market action on Wednesday,"Indian equities ended lower after four straight gains as profit booking, weak global cues and caution ahead of the US Fed minutes weighed on sentiment. IT stocks remained resilient, while analysts expect earnings, monsoon progress, stable rupee and foreign inflows to guide near-term market direction.

Live Events



as a Reliable and Trusted News Source Addas a Reliable and Trusted News Source Add Now!

(You can now subscribe to our

(You can now subscribe to...",https://economictimes.indiatimes.com/markets/stocks/news/ahead-of-market-10-things-that-will-decide-stock-market-action-on-wednesday/articleshow/132242806.cms
RELIANCE,NSE,2026-07-10 01:30:00+00:00,gdelt:manilatimes.net,NEXT Properties Announces the Termination of Its Tender Offer for,,https://www.manilatimes.net/2026/07/10/tmt-newswire/globenewswire/next-properties-announces-the-termination-of-its-tender-offer-for/2382096
RELIANCE,NSE,2026-07-10 01:30:00+00:00,gdelt:mondaq.com,Proposed EB - 5 Changes : What Investors And Regional Centers Should Know Now,,https://www.mondaq.com/unitedstates/investment-immigration/1814910/proposed-eb-5-changes-what-investors-and-regional-centers-should-know-now
RELIANCE,NSE,2026-07-10 02:45:00+00:00,gdelt:fool.com,D - Wave Quantum vs . Rigetti Computing : Which Quantum Computing Stock Is a Better Buy in 2026 ?,,https://www.fool.com/coverage/better-buy/2026/07/09/d-wave-quantum-vs-rigetti-computing-which-quantum-computing-stock-is-a-better-buy-in-2026/?source=iedfolrf0000001
RELIANCE,NSE,2026-07-10 02:45:00+00:00,gdelt:usa.chinadaily.com.cn,Scientists vow quicker path to applications,,http://usa.chinadaily.com.cn/a/202607/10/WS6a502d1aa310986e2b4647c8.html
RELIANCE,NSE,2026-07-10 03:00:00+00:00,gdelt:japan.cnet.com,"アルミニウム市場は輸送 、 建設 、 持続可能な製造分野での需要拡大を背景に2030年までに2 , 570億ドルを突破へ",,https://japan.cnet.com/release/31187114/
RELIANCE,NSE,2026-07-10 03:15:00+00:00,gdelt:forbes.com,Meet The Small Indian Firm Building A Missile - Tracking System For Space,,https://www.forbes.com/sites/meghamandavia/2026/07/09/meet-the-small-indian-firm-building-a-missile-tracking-system-for-space/
RELIANCE,NSE,2026-07-10 03:45:00+00:00,gdelt:siliconindia.com,"India , Australia , Canada Form Tech Triangle To Boost AI , Minerals",,https://www.siliconindia.com/news/general/india-australia-canada-form-tech-triangle-to-boost-ai-minerals-nid-241446-cid-1.html
RELIANCE,NSE,2026-07-10 04:00:00+00:00,gdelt:ghanamma.com,"Ghana as a Strategic and Dynamic Partner for Russia in West Africa : A Deep Dive into Economic , Diplomatic , and Technological Collaboration – Ghanamma . com",,https://www.ghanamma.com/2026/07/10/ghana-as-a-strategic-and-dynamic-partner-for-russia-in-west-africa-a-deep-dive-into-economic-diplomatic-and-technological-collaboration/
RELIANCE,NSE,2026-07-10 04:00:00+00:00,gdelt:etoday.co.kr,"KB운용 ,  RISE 차이나AI반도체TOP4Plus ETF  주목 … 중국 AI 반도체 투자 기회",,https://www.etoday.co.kr/news/view/2602452
RELIANCE,NSE,2026-07-10 04:45:00+00:00,gdelt:greenleft.org.au,New research finds Labor Safeguard Mechanism is failing,,https://www.greenleft.org.au/2026/1457/analysis/new-research-finds-labors-safeguard-mechanism-failing
RELIANCE,NSE,2026-07-10 05:15:00+00:00,gdelt:businessday.co.za,AYABONGA CAWE | Regional value chains will determine Sacu future,,https://www.businessday.co.za/opinion/2026-07-10-ayabonga-cawe-regional-value-chains-will-determine-sacus-future/
RELIANCE,NSE,2026-07-10 06:00:00+00:00,gdelt:forbes.com,Get A Grandstand View Of Indian Two - Wheeler Titan TVS Motor Global Race,,https://www.forbes.com/sites/naazneenkarmali/2026/07/09/get-a-grandstand-view-of-indian-two-wheeler-titan-tvs-motors-global-race/
RELIANCE,NSE,2026-07-10 06:15:00+00:00,gdelt:miragenews.com,Exercise Set to Boost Regional Economies,,https://www.miragenews.com/exercise-set-to-boost-regional-economies-1708124/
RELIANCE,NSE,2026-07-10 06:30:00+00:00,gdelt:unitaid.eu,The Future Of Display Technology : Understanding Digital Ink Innovations,,https://www.unitaid.eu/digital-ink-technology-k16q.html
RELIANCE,NSE,2026-07-10 06:30:00+00:00,gdelt:investegate.co.uk,Transaction in Own Shares | Company Announcement,,https://www.investegate.co.uk/announcement/rns/oakley-capital-investments-ltd-di---oci/transaction-in-own-shares/9661963
RELIANCE,NSE,2026-07-10 07:00:00+00:00,gdelt:navbharattimes.indiatimes.com,"Petrol Diesel Export : 90 % कच्चा तेल आयात करने वाला भारत पेट्रोल - डीजल का एक्सपोर्ट बढ़ाने की तैयारी में , क्या है प्लान ?",,https://navbharattimes.indiatimes.com/business/commodity/petroleum-products-export-may-rise-25-percent-from-india-as-iocls-is-boosting-capacity/articleshow/132304393.cms
RELIANCE,NSE,2026-07-10 07:15:00+00:00,gdelt:philstar.com,The rise of human - centered AI : This chatbot learned to speak Filipino,,https://www.philstar.com/business/technology/2026/07/10/2536329/rise-human-centered-ai-chatbot-learned-speak-filipino
RELIANCE,NSE,2026-07-10 07:30:00+00:00,gdelt:lokmat.com,IT शेअर्सच्या जोरावर शेअर बाजारात मोठी तेजी ; अवघ्या काही मिनिटांत गुंतवणूकदारांची ₹४ . ५९ लाख कोटींची कमाई ...,,https://www.lokmat.com/business/stock-market/share-market-10-july-2026-big-rise-in-the-stock-market-on-the-back-of-it-shares-investors-earn-rs459-lakh-crore-in-just-a-few-minutes-a-a732/
RELIANCE,NSE,2026-07-10 07:30:00+00:00,gdelt:economictimes.indiatimes.com,Critical mineral push calls for board - level focus on communication : Experts,,https://economictimes.indiatimes.com/news/economy/policy/indias-mining-revolution-corporate-boards-must-prioritize-stakeholder-communication-for-success/articleshow/132305498.cms
RELIANCE,NSE,2026-07-10 07:30:00+00:00,gdelt:moneycontrol.com,"Sensex Today | Stock Market Live : Sensex up 700 pts , Nifty above 24 , 150 ; Dixon , Cupid , TCS , Kalyan Jeweller most active",,https://www.moneycontrol.com/news/business/markets/stock-market-live-updates-nifty50-share-price-sensex-share-price-crude-fii-gift-nifty-rupee-latest-updates-10-07-2026-liveblog-13970424.html
RELIANCE,NSE,2026-07-10 08:15:00+00:00,gdelt:businesstimes.com.sg,A tale of two Chinas,,https://www.businesstimes.com.sg/wealth/wealth-investing/tale-two-chinas
RELIANCE,NSE,2026-07-10 09:15:00+00:00,gdelt:en.people.cn,Scientists vow quicker path to applications - People Daily Online,,http://en.people.cn/n3/2026/0710/c90000-20476605.html
RELIANCE,NSE,2026-07-10 10:45:00+00:00,gdelt:sbctv.gr,"Κίνα μπλοκάρει προσωρινά τις εξαγωγές ηλίου , ανησυχία για εφοδιασμό",,https://www.sbctv.gr/2026/07/%CE%B1%CF%80%CE%B1%CE%B3%CE%BF%CF%81%CE%B5%CF%85%CF%83%CE%B7-%CE%B5%CE%BE%CE%B1%CE%B3%CF%89%CE%B3%CF%89%CE%BD-%CE%B7%CE%BB%CE%B9%CE%BF%CF%85/
RELIANCE,NSE,2026-07-10 10:45:00+00:00,gdelt:civilserviceworld.com,DWP teams win award for work to improve poverty and incomes stats,,https://www.civilserviceworld.com/professions/article/dwp-teams-take-home-award-for-work-to-improve-poverty-and-incomes-stats
RELIANCE,NSE,2026-07-10 11:00:00+00:00,gdelt:unitaid.eu,Exploring Career Opportunities In KeloLand : A Comprehensive Guide,,https://www.unitaid.eu/keloland-jobs-4j4s.html
RELIANCE,NSE,2026-07-10 11:15:00+00:00,gdelt:freepressjournal.in,"Sensex Jumps 828 Points To 77 , 569 , Nifty Climbs 244 Points To Close Above 24 , 200 As Broad - Based Buying Lifts Markets",,https://www.freepressjournal.in/business/sensex-jumps-828-points-to-77569-nifty-climbs-244-points-to-close-above-24200-as-broad-based-buying-lifts-markets
RELIANCE,NSE,2026-07-10 11:15:00+00:00,gdelt:orissapost.com,Markets rally for 2nd day ; Sensex jumps over 800 points,,https://www.orissapost.com/markets-rally-for-2nd-day-sensex-jumps-over-800-points/
RELIANCE,NSE,2026-07-10 12:30:00+00:00,gdelt:vietnamnews.vn,Tech ambitions hinge on institutional success,,https://vietnamnews.vn/opinion/1785114/tech-ambitions-hinge-on-institutional-success.html
RELIANCE,NSE,2026-07-10 12:30:00+00:00,gdelt:euronews.com,From AI to greenlash : How is climate disinformation evolving ?,,https://www.euronews.com/my-europe/2026/07/10/from-ai-to-greenlash-how-is-climate-disinformation-evolving
RELIANCE,NSE,2026-07-10 12:30:00+00:00,gdelt:moneycontrol.com,"Taking Stock : Recovery extends for second day ; Nifty tops 24 , 200 , Sensex jumps 828 pts",,https://www.moneycontrol.com/news/business/markets/taking-stock-recovery-extends-for-second-day-nifty-tops-24-200-sensex-jumps-828-pts-13970804.html
RELIANCE,NSE,2026-07-10 12:45:00+00:00,gdelt:nobat.com,જામનગર જિલ્લાના કાનાલુસમાં બે હજારની ક્ષમતા સાથેની ગ્રામ સમાજવાડીનું ખાતમુહૂર્ત,,https://www.nobat.com/news5449-nd-5382876e323237323630.html
RELIANCE,NSE,2026-07-10 13:00:00+00:00,gdelt:finanznachrichten.de,Largo Inc .: Largo Announces Receipt of Nasdaq Notification Regarding Minimum Bid Price Deficiency,,https://www.finanznachrichten.de/nachrichten-2026-07/68996944-largo-inc-largo-announces-receipt-of-nasdaq-notification-regarding-minimum-bid-price-deficiency-296.htm
RELIANCE,NSE,2026-07-10 13:00:00+00:00,gdelt:manilatimes.net,"Wrap Technologies Inc . ( NASDAQ : WRAP ) Enters Strategic Transaction , Acquires US and NATO Distribution Rights to Physics - Based Sensing Tech",,https://www.manilatimes.net/2026/07/10/tmt-newswire/globenewswire/wrap-technologies-inc-nasdaq-wrap-enters-strategic-transaction-acquires-us-and-nato-distribution-rights-to-physics-based-sensing-tech/2382348
RELIANCE,NSE,2026-07-10 13:15:00+00:00,gdelt:nakedcapitalism.com,Europe Gathering Backlash Against Palantir Hits NATO Resistance,,https://www.nakedcapitalism.com/2026/07/europes-blacklisting-of-palantir-is-gathering-pace.html
RELIANCE,NSE,2026-07-10 13:15:00+00:00,gdelt:hindi.moneycontrol.com,"Market Outlook : बाजार में लगातार दूसरे दिन दिखी तेजी , जानिए 13 जुलाई को कैसी रह सकती है सेंसेक्स - निफ्टी की चाल",,https://hindi.moneycontrol.com/news/markets/market-outlook-sensex-nifty-sees-gains-for-the-second-consecutive-day-find-out-how-the-indices-might-perform-on-july-13-2418617.html
RELIANCE,NSE,2026-07-10 13:15:00+00:00,gdelt:thestarphoenix.com,A Past - Producing Nevada Tungsten Mine Just Lit Up in Soil - and Western Star Is Already Expanding the Hunt,,https://thestarphoenix.com/press-releases/globe-newswire/a-past-producing-nevada-tungsten-mine-just-lit-up-in-soil-and-western-star-is-already-expanding-the-hunt/
RELIANCE,NSE,2026-07-10 14:15:00+00:00,gdelt:thezimbabwemail.com,How moving from single - use to reusable packaging protects firms from geopolitical turmoil - The Zimbabwe Mail How moving from single - use to reusable packaging protects firms from geopolitical turmoil | Zimbabwe News,,https://thezimbabwemail.com/agriculture/how-moving-from-single-use-to-reusable-packaging-protects-firms-from-geopolitical-turmoil/
RELIANCE,NSE,2026-07-10 14:15:00+00:00,gdelt:moneycontrol.com,Sovereignty by design : Industry applauds Gujarat new data centre policy and subsidies,,https://www.moneycontrol.com/news/india/sovereignty-by-design-industry-applauds-gujarat-s-new-data-centre-policy-and-subsidies-13971136.html
RELIANCE,NSE,2026-07-10 14:15:00+00:00,gdelt:zerohedge.com,Futures Flat As Traders Brace For Weekend Iran Escalation,,https://www.zerohedge.com/markets/futures-flat-traders-brace-weekend-iran-escalation
RELIANCE,NSE,2026-07-10 15:15:00+00:00,gdelt:vaartha.com,Stock Market : షేర్‌ మార్కెట్‌లో జోరు .. 827 పాయింట్లు లాభపడ్డ,,https://vaartha.com/business/indian-stock-market-closing-friday-sensex-nifty-it-shares-gain/740022/
RELIANCE,NSE,2026-07-10 17:30:00+00:00,gdelt:globaltimes.cn,US - India relations : Strategic clarity amid waning enthusiasm,,https://www.globaltimes.cn/page/202607/1365642.shtml
RELIANCE,NSE,2026-07-10 17:45:00+00:00,gdelt:jdsupra.com,US Legal Updates for Japanese Companies from the First Half of 2026 | Hughes Hubbard & Reed LLP,,https://www.jdsupra.com/legalnews/us-legal-updates-for-japanese-companies-5661438/
RELIANCE,NSE,2026-07-10 17:45:00+00:00,gdelt:indiainfoline.com,"Closing Bell : Sensex Surges Over 825 Points , Nifty Reclaims 24 , 200 as TCS - Led IT Rally , Lower Crude Prices and Positive Global Cues Lift Markets",,https://www.indiainfoline.com/news/markets/closing-bell-sensex-surges-over-825-points-nifty-reclaims-24200-as-tcs-led-it-rally-lower-crude-prices-and-positive-global-cues-lift-markets
RELIANCE,NSE,2026-07-10 18:00:00+00:00,gdelt:economictimes.indiatimes.com,Indigenous stealth frigate Mahendragiri set for Navy commissioning,,https://economictimes.indiatimes.com/news/defence/indigenous-stealth-frigate-mahendragiri-set-for-navy-commissioning/articleshow/132317580.cms
RELIANCE,NSE,2026-07-10 18:45:00+00:00,gdelt:lbc.co.uk,Andy Burnham open - minded over approval of more oil and gas licences in the North Sea in a bid to help reindustrialise Britain,,https://www.lbc.co.uk/article/andy-burnham-approval-oil-and-gas-licences-north-sea-5HjddRT_2/
RELIANCE,NSE,2026-07-10 19:15:00+00:00,gdelt:philstar.com,RCBC backs Yuchengco BESS project in Capiz,,https://www.philstar.com/business/2026/07/11/2541248/rcbc-backs-yuchengco-bess-project-capiz
RELIANCE,NSE,2026-07-10 19:30:00+00:00,gdelt:unitaid.eu,Understanding 24 - Hour Booking : Convenience And Flexibility In Modern Services,,https://www.unitaid.eu/24-hour-booking-3k8w.html
RELIANCE,NSE,2026-07-10 19:45:00+00:00,gdelt:dw.com,چرا آمریکا پل راه‌آهن آق‌قلا را هدف قرار داد ؟,,https://www.dw.com/fa-ir/%DA%86%D8%B1%D8%A7-%D8%A2%D9%85%D8%B1%DB%8C%DA%A9%D8%A7-%D9%BE%D9%84-%D8%B1%D8%A7%D9%87%D8%A2%D9%87%D9%86-%D8%A2%D9%82%D9%82%D9%84%D8%A7-%D8%B1%D8%A7-%D9%87%D8%AF%D9%81-%D9%82%D8%B1%D8%A7%D8%B1-%D8%AF%D8%A7%D8%AF/a-77911562
RELIANCE,NSE,2026-07-10 21:15:00+00:00,gdelt:theindianawaaz.com,"July 10 : Markets Rally Over 1 %; Nifty Reclaims 24 , 200 on IT , Banking Strength – The Indian Awaaz",,https://theindianawaaz.com/july-10-markets-rally-over-1-nifty-reclaims-24200-on-it-banking-strength/
RELIANCE,NSE,2026-07-10 21:15:00+00:00,gdelt:manilatimes.net,MDWerks Appoints Jeff Hopmayer to Board of Directors as Molecular Targeting Technology Platform Expands Across Industrial Markets,,https://www.manilatimes.net/2026/07/11/tmt-newswire/globenewswire/mdwerks-appoints-jeff-hopmayer-to-board-of-directors-as-molecular-targeting-technology-platform-expands-across-industrial-markets/2382603
RELIANCE,NSE,2026-07-10 21:30:00+00:00,gdelt:hindi.business-standard.com,"Indian stock market weekly wrap : शेयर बाजार में हफ्ते भर मची रही हलचल , रिलायंस और बैंकिंग शेयरों की दम पर आखिरी दिन हुई चौतरफा रिकवरी - indian stock market snaps weekly winning streak amid global tensions",,https://hindi.business-standard.com/markets/indian-stock-market-snaps-weekly-winning-streak-amid-global-tensions-id-536224/
RELIANCE,NSE,2026-07-10 23:15:00+00:00,gdelt:manilatimes.net,FOBI AI Inc . Announces Revocation of Failure to File Cease Trade Order,,https://www.manilatimes.net/2026/07/11/tmt-newswire/globenewswire/fobi-ai-inc-announces-revocation-of-failure-to-file-cease-trade-order/2382643
RELIANCE,NSE,2026-07-12 16:07:55+00:00,marketaux:timesofindia.indiatimes.com,"Four top-10 firms add Rs 93,000 crore in mcap despite weak market; HDFC Bank, Airtel lead gains","India Business News: NEW DELHI: Despite a weak week for benchmark indices, four of India's 10 most-valued companies added nearly Rs 93,000 crore to their combined market c.

HDFC Bank and Bharti Airtel emerged as the biggest gainers among India's top-10 most-valued firms

Performance of four gainers

HDFC Bank emerged as the biggest...",https://timesofindia.indiatimes.com/business/india-business/four-top-10-firms-add-rs-93000-crore-in-mcap-despite-weak-market-hdfc-bank-airtel-lead-gains/articleshow/132348106.cms
RELIANCE,NSE,2026-07-13 02:15:00+00:00,gdelt:thisdaylive.com,Kale : Geopolitical Shifts Offer Nigeria Historic Opportunity to Lead Africa Industrialisation – THISDAYLIVE,,https://www.thisdaylive.com/2026/07/13/kale-geopolitical-shifts-offer-nigeria-historic-opportunity-to-lead-africas-industrialisation/
RELIANCE,NSE,2026-07-13 02:15:00+00:00,gdelt:tarunmitra.in,भारत ने रूस से खरीदा रिकॉर्ड 4 . 5 अरब यूरो का कच्चा तेल,,https://www.tarunmitra.in/business/india-bought-record-crude-oil-worth-45-billion-euros-from/article-152490
RELIANCE,NSE,2026-07-13 04:45:00+00:00,gdelt:davaotoday.com,IBON : PH economic model keeping millions of Filipinos poor,,https://davaotoday.com/headline/ibon-ph-economic-model-keeping-millions-of-filipinos-poor/
RELIANCE,NSE,2026-07-13 05:45:00+00:00,gdelt:leadership.ng,Africa Yawning Energy Gap Closing With Dangote Pan - African Refining Expansion,,https://leadership.ng/africas-yawning-energy-gap-closing-with-dangotes-pan-african-refining-expansion/
RELIANCE,NSE,2026-07-13 06:15:00+00:00,gdelt:organiser.org,PM Modi global diplomacy highlights Xi Jinping absence,,https://organiser.org/2026/07/13/369548/bharat/coup-fears-in-china-why-president-xi-staying-home-while-pm-modi-expands-indias-global-diplomatic-footprint/
RELIANCE,NSE,2026-07-13 06:15:00+00:00,gdelt:economictimes.indiatimes.com,"Goldman Sachs pegs Nifty target at 26 , 500 by June 2027 ; lists 15 stocks from key themes",,https://economictimes.indiatimes.com/markets/stocks/news/goldman-sachs-pegs-nifty-target-at-26500-by-june-2027-lists-15-stocks-from-key-themes/articleshow/132357525.cms
RELIANCE,NSE,2026-07-13 07:45:00+00:00,gdelt:thehindubusinessline.com,"Q1 Results 13th July Live : HCL Tech shares jump ahead of results , ICICI Prudential AMC , Nuvoco Vistas Corporation , Bajaj Consumer Care , Khaitan Chemicals to announce Q1 results , Krishana Phoschem Q1 profit dips",,https://www.thehindubusinessline.com/markets/q1-results-today-live-updates-hcl-technologies-icici-prudential-asset-management-company-nuvoco-vistas-corporation-bajaj-consumer-care-khaitan-chemicals-dmart-ltm-results-13-july-2026/article71215924.ece
RELIANCE,NSE,2026-07-13 07:45:00+00:00,gdelt:livemint.com,"ICICI Prudential Large Cap Fund portfolio : 3 new stocks added , GAIL among 4 exits in June",,https://www.livemint.com/money/personal-finance/icici-prudential-large-cap-fund-portfolio-3-new-stocks-added-gail-among-4-exits-in-june-11783924215678.html
RELIANCE,NSE,2026-07-13 07:45:00+00:00,gdelt:prnewswire.com,"Rock Tech Lithium Awarded $262 , 500 from Ontario Critical Minerals Innovation Fund to Advance Made - in - Ontario Lithium Supply Chain",,https://www.prnewswire.com/news-releases/rock-tech-lithium-awarded-262-500-from-ontarios-critical-minerals-innovation-fund-to-advance-made-in-ontario-lithium-supply-chain-302823582.html
RELIANCE,NSE,2026-07-13 08:15:00+00:00,gdelt:moneycontrol.com,Devson Catalyst SME IPO subscribed over 78x on Day 3 so far ; GMP surges to 38 %,,https://www.moneycontrol.com/news/business/ipo/devson-catalyst-sme-ipo-subscribed-over-78x-on-day-3-so-far-gmp-surges-to-38-13972467.html
RELIANCE,NSE,2026-07-13 08:15:00+00:00,gdelt:fnnews.com,AI 주권  시대 ... K - AI 생태계 구축 전략 시급,,https://www.fnnews.com/news/202607131211316765
RELIANCE,NSE,2026-07-13 08:30:00+00:00,gdelt:unitaid.eu,Exploring Metro Nashville Jobs Openings : Your Guide To Careers In Music City Public Sector,,https://www.unitaid.eu/openings-your-guide-careers-music-y6fg.html
RELIANCE,NSE,2026-07-13 08:45:00+00:00,gdelt:mining.com,Press Release,,https://www.mining.com/press-release?id=6a5491b28aa7edd799c69e70
RELIANCE,NSE,2026-07-13 08:45:00+00:00,gdelt:geeky-gadgets.com,XREAL Aura Hands - on : Testing the Hybrid AR / VR Headset,,https://www.geeky-gadgets.com/xreal-aura-hands-on/
RELIANCE,NSE,2026-07-13 09:45:00+00:00,gdelt:stockhouse.com,2026 - 07 - 13 | Myriad Uranium Provides Update on Process to Close Acquisition of Rush Rare Metals : Rush Information Circular Has Been Filed and Meeting Date Set | CSE : M,,https://stockhouse.com/news/press-releases/2026/07/13/myriad-uranium-provides-update-on-process-to-close-acquisition-of-rush-rare
RELIANCE,NSE,2026-07-13 09:45:00+00:00,gdelt:sunlive.co.nz,SunLive - Hopes forestry bio hub bid would bring jobs - The Bay News First,,https://www.sunlive.co.nz/news/383090-hopes-forestry-bio-hub-bid-would-bring-jobs.html
RELIANCE,NSE,2026-07-13 10:45:00+00:00,gdelt:countercurrents.org,Google - Raiden - Adani Data Centres in Vizag involve extensive environmental damage and gross human rights violations,,https://countercurrents.org/2026/07/google-raiden-adani-data-centres-in-vizag-involve-extensive-environmental-damage-and-gross-human-rights-violations/
RELIANCE,NSE,2026-07-13 10:45:00+00:00,gdelt:ibtimes.co.uk,Small - Cap Stocks Are Beating the S & P 500 by the Widest Margin Since 2003 : Is This Vanguard ETF the Top Choice ?,,https://www.ibtimes.co.uk/vanguard-small-cap-etfs-investment-opportunities-1808282
RELIANCE,NSE,2026-07-13 10:45:00+00:00,gdelt:theepochtimes.com,China Helium Export Ban Raises New Risks for Global Supply Chains,,https://www.theepochtimes.com/china/chinas-helium-export-ban-raises-new-risks-for-global-supply-chains-6060794
RELIANCE,NSE,2026-07-13 11:00:00+00:00,gdelt:portal.sina.com.hk,Compass Diversified Announces Amendments to Management Services Agreement Reducing Management Costs and Further Strengthening Shareholder Alignment,,https://portal.sina.com.hk/finance/finance-globenewswire/globenewswire/2026/07/13/1852958/compass-diversified-announces-amendments-to-management-services-agreement-reducing-management-costs-and-further-strengthening-shareholder-alignment/
RELIANCE,NSE,2026-07-13 11:00:00+00:00,gdelt:brazilsun.com,Column : How China sci - tech strategy is shaping global development,,http://www.brazilsun.com/news/279184127/column-how-china-sci-tech-strategy-is-shaping-global-development
RELIANCE,NSE,2026-07-13 11:00:00+00:00,gdelt:24sata.hr,AI ratovi : Zašto je potraga za  najboljim  modelom opasna,,https://www.24sata.hr/tech/ai-ratovi-zasto-je-potraga-za-najboljim-modelom-opasna-1140935
RELIANCE,NSE,2026-07-13 11:15:00+00:00,gdelt:hindi.business-standard.com,विदेशी निवेशकों की होगी जोरदार वापसी ? ग्लोबल ब्रोकरेज ने बताए टॉप 15 शेयर और सेक्टर - goldman sachs turns bullish on india sees nifty at 26500 by june 2027 banks defence among top bets,,https://hindi.business-standard.com/markets/goldman-sachs-turns-bullish-on-india-sees-nifty-at-26500-by-june-2027-banks-defence-among-top-bets-id-536544
RELIANCE,NSE,2026-07-13 12:15:00+00:00,gdelt:thehindubusinessline.com,"Markets stage comeback amid global sell - off , IT earnings boost",,https://www.thehindubusinessline.com/markets/stock-markets/markets-stage-comeback-amid-global-sell-off-it-earnings-boost/article71217095.ece
RELIANCE,NSE,2026-07-13 12:45:00+00:00,gdelt:forbes.com,​Fine ‑ Tuned SLMs : A New Operating Model For Enterprise AI,,https://www.forbes.com/councils/forbestechcouncil/2026/07/13/finetuned-slms-a-new-operating-model-for-enterprise-ai/
RELIANCE,NSE,2026-07-13 12:45:00+00:00,gdelt:whp580.iheart.com,Shapiro Signs $50 . 8 Billion Pennsylvania Budget,,https://whp580.iheart.com/content/2026-07-13-shapiro-signs-508-billion-pennsylvania-budget/
RELIANCE,NSE,2026-07-13 13:15:00+00:00,gdelt:montrealgazette.com,AI Infrastructure Boom Drives Taiwan Suppliers Toward U . S . Manufacturing Expansion,,https://montrealgazette.com/press-releases/globe-newswire/ai-infrastructure-boom-drives-taiwan-suppliers-toward-u-s-manufacturing-expansion/
RELIANCE,NSE,2026-07-13 13:30:00+00:00,gdelt:manilatimes.net,NEXBOARD™ Demonstrates Exceptional Properties in Independent Third - Party Testing,,https://www.manilatimes.net/2026/07/13/tmt-newswire/globenewswire/nexboard-demonstrates-exceptional-properties-in-independent-third-party-testing/2383335
RELIANCE,NSE,2026-07-13 13:30:00+00:00,gdelt:geeky-gadgets.com,"Microsoft Copilot Cowork Review : Great Features , High Cost",,https://www.geeky-gadgets.com/microsoft-copilot-cowork-review/
RELIANCE,NSE,2026-07-13 15:15:00+00:00,gdelt:finanznachrichten.de,"Mordor Intelligence Private Limited : Acidity Regulators Market to Hit $14 . 22 Billion by 2031 , Driven by Food Safety Compliance & Clean - Label Reformulation",,https://www.finanznachrichten.de/nachrichten-2026-07/69012788-mordor-intelligence-private-limited-acidity-regulators-market-to-hit-dollar-14-22-billion-by-2031-driven-by-food-safety-compliance-clean-label-reformula-008.htm
RELIANCE,NSE,2026-07-13 15:45:00+00:00,gdelt:economictimes.indiatimes.com,Sunil Singhania - backed Abakkus Flexi Cap Fund exits 3 Vedanta group companies after demerger . Check complete list,,https://economictimes.indiatimes.com/mf/analysis/sunil-singhania-backed-abakkus-flexi-cap-fund-exits-vedanta-group-companies-after-demerger-and-1-more/articleshow/132356728.cms
RELIANCE,NSE,2026-07-13 15:45:00+00:00,gdelt:hindi.business-standard.com,"Jio Platforms IPO : Jio IPO से पहले बड़ा बदलाव ! किरण थॉमस की जगह पंकज पवार बने CEO , जानिए क्या है पूरा मामला - jio ipo pankaj pawar replaces kiran thomas as ceo ahead of public issue",,https://hindi.business-standard.com/markets/ipo/jio-ipo-pankaj-pawar-replaces-kiran-thomas-as-ceo-ahead-of-public-issue-id-536684
RELIANCE,NSE,2026-07-13 16:00:00+00:00,gdelt:prnewswire.com,CREFC 2Q 2026 BOG Sentiment Index Steadies Near Baseline as CRE Finance Sentiment Moves from Shock to Caution,,http://www.prnewswire.com/news-releases/crefcs-2q-2026-bog-sentiment-index-steadies-near-baseline-as-cre-finance-sentiment-moves-from-shock-to-caution-302823912.html
RELIANCE,NSE,2026-07-13 16:30:00+00:00,gdelt:sci-tech-today.com,"SMS Marketing By Market , Industry And Demographics ( 2026 )",,https://www.sci-tech-today.com/stats/sms-marketing-updated/
RELIANCE,NSE,2026-07-13 16:30:00+00:00,gdelt:mondaq.com,"Tariffs , Turmoil And Tax Refunds : Turning Uncle Sam IOU Into Cash In Bankruptcy , - Insolvency / Bankruptcy",,https://www.mondaq.com/unitedstates/insolvencybankruptcy/1816290/tariffs-turmoil-and-tax-refunds-turning-uncle-sams-iou-into-cash-in-bankruptcy
RELIANCE,NSE,2026-07-13 16:30:00+00:00,gdelt:sci-tech-today.com,Glassdoor Statistics By Industry And Demographics ( 2026 ),,https://www.sci-tech-today.com/stats/glassdoor-statistics-updated/
RELIANCE,NSE,2026-07-13 16:45:00+00:00,gdelt:933thedrive.com,Bosch begins sample production at its first US semiconductor plant,,https://www.933thedrive.com/2026/07/13/bosch-begins-sample-production-at-its-first-us-semiconductor-plant/
RELIANCE,NSE,2026-07-13 17:00:00+00:00,gdelt:hawaiitelegraph.com,Olenox Industries Completes Acquisition of PsyLinks Neurotech Corp . to Expand its Applied Intelligence Capabilities,,http://www.hawaiitelegraph.com/news/279184638/olenox-industries-completes-acquisition-of-psylinks-neurotech-corp-to-expand-its-applied-intelligence-capabilities
RELIANCE,NSE,2026-07-13 17:13:45+00:00,marketaux:livemint.com,Jio Platforms replaces CEO Kiran Thomas with Pankaj Pawar ahead of IPO,"Jio Platforms has replaced Kiran Thomas as chief executive officer with Pankaj Pawar ahead of its planned initial public offering, according to the company's draft IPO papers.

New Delhi, Jul 13 (PTI) Jio Platforms has replaced Kiran Thomas as chief executive officer with Pankaj Pawar ahead of its planned initial public offering, accor...",https://www.livemint.com/companies/news/jio-platforms-replaces-ceo-kiran-thomas-with-pankaj-pawar-ahead-of-ipo-11783962166938.html
RELIANCE,NSE,2026-07-13 17:15:00+00:00,gdelt:adn.com,Trump sons invest heavily in defense tech as father administration pours money in,,https://www.adn.com/nation-world/2026/07/13/trumps-sons-invest-heavily-in-defense-tech-as-fathers-administration-pours-money-in/
RELIANCE,NSE,2026-07-13 17:30:00+00:00,gdelt:gcaptain.com,EU Paid Nearly €6 Billion for Russian Arctic LNG in First Half of 2026 Despite Phase - Out Plan,,https://gcaptain.com/eu-paid-nearly-e6-billion-for-russian-arctic-lng-in-first-half-of-2026-despite-phase-out-plan/
RELIANCE,NSE,2026-07-13 18:00:00+00:00,gdelt:thenextweb.com,Decoupling from China would cost the West $23 . 6tn,,https://thenextweb.com/news/china-decoupling-cost-23-trillion-west
RELIANCE,NSE,2026-07-13 18:15:00+00:00,gdelt:cbc.ca,Lithium - processing research in Northwestern Ontario gets 260K funding injection from the province,,https://www.cbc.ca/news/canada/thunder-bay/lithium-refining-9.7266571
RELIANCE,NSE,2026-07-13 18:15:00+00:00,gdelt:theconversation.com,"Climate disclosure gives Canadian companies an edge with European investors , new research shows",,https://theconversation.com/climate-disclosure-gives-canadian-companies-an-edge-with-european-investors-new-research-shows-286232
RELIANCE,NSE,2026-07-13 18:30:00+00:00,gdelt:news.uga.edu,Seven UGA faculty and administrators earn Fulbright awards for 2026 - 2027,,https://news.uga.edu/seven-uga-faculty-and-administrators-earn-fulbright-awards-for-2026-2027/
RELIANCE,NSE,2026-07-13 18:30:00+00:00,gdelt:finanznachrichten.de,IBC Advanced Alloys Corp .: IBC Announces Share - Based Compensation to Directors,,https://www.finanznachrichten.de/nachrichten-2026-07/69014227-ibc-advanced-alloys-corp-ibc-announces-share-based-compensation-to-directors-200.htm
RELIANCE,NSE,2026-07-13 18:45:00+00:00,gdelt:theuknews.com,R|Elan Circular Design Challenge 2026 : united kingdom jury selects Farouk Braimoh RWRK STUDIO as finalist,,http://www.theuknews.com/news/279184580/relan-circular-design-challenge-2026-uk-jury-selects-farouk-braimoh-rwrk-studio-as-finalist
RELIANCE,NSE,2026-07-13 18:45:00+00:00,gdelt:ug.edu.gh,"AI Must Serve Ghana Development rather than Deepen Digital Dependence , Prof . Isaac Wiafe Argues",,https://www.ug.edu.gh/news/ai-must-serve-ghanas-development-rather-deepen-digital-dependence-prof-isaac-wiafe-argues
RELIANCE,NSE,2026-07-13 18:45:00+00:00,gdelt:jagran.com,"Jio प्लेटफॉर्म्स में IPO से पहले मुकेश अंबानी ने किया उलटफेर , किरण थॉमस की छुट्टी ; अब इन्हें मिली कमान - jio platforms appoints pankaj pawar as new ceo before ipo 25 year old reliance employee",,https://www.jagran.com/business/biz-jio-platforms-appoints-pankaj-pawar-as-new-ceo-before-ipo-25-year-old-reliance-employee-40305437.html
RELIANCE,NSE,2026-07-13 18:45:00+00:00,gdelt:mondaq.com,Breaking The Cap : Fraud In The Inducement In Failed Oracle Fusion And Other ERP Implementations,,https://www.mondaq.com/unitedstates/contracts-and-commercial-law/1815754/breaking-the-cap-fraud-in-the-inducement-in-failed-oracle-fusion-and-other-erp-implementations
RELIANCE,NSE,2026-07-13 19:45:00+00:00,gdelt:panchjanya.com,"Explainer : आत्मनिर्भर भारत की नई क्रांति का नाम है E - 20 , अन्नदाता से ऊर्जादाता बनने की शुरुआत",,https://panchjanya.com/2026/07/13/481119/analysis/explainer-e-20-is-the-name-of-the-new-revolution-in-atmanirbhar-bharat-the-beginning-of-the-transition-from-annadata-to-urjadata/
RELIANCE,NSE,2026-07-13 20:45:00+00:00,gdelt:dailytrust.com,NASENI Centre of Excellence : Building Local Capacity for High - Precision Manufacturing – Daily Trust,,https://dailytrust.com/nasenis-centre-of-excellence-building-local-capacity-for-high-precision-manufacturing/
RELIANCE,NSE,2026-07-13 21:45:00+00:00,gdelt:manilatimes.net,"Univest Securities , LLC Announces Closing of $4 Million Registered Direct Offering for its Client Haoxi Health Technology Ltd ( NASDAQ : HAO )",,https://www.manilatimes.net/2026/07/14/tmt-newswire/globenewswire/univest-securities-llc-announces-closing-of-4-million-registered-direct-offering-for-its-client-haoxi-health-technology-ltd-nasdaq-hao/2383694
RELIANCE,NSE,2026-07-13 21:45:00+00:00,gdelt:theindianawaaz.com,"शेयर बाजार शुरुआती गिरावट से उबरे , IT शेयरों की मजबूती से मामूली बढ़त पर बंद – The Indian Awaaz",,https://theindianawaaz.com/sensex-ends-marginally-higher-amid-middle-east-instability/
RELIANCE,NSE,2026-07-13 22:45:00+00:00,gdelt:meobserver.org,The Iranian War : Between Subduing China and American Lobby Agendas,,https://meobserver.org/opinion/2026/07/13/the-iranian-war-between-subduing-china-and-american-lobby-agendas/
RELIANCE,NSE,2026-07-13 23:15:00+00:00,gdelt:itnewsonline.com,AvePoint to Announce Second Quarter 2026 Financial Results on August 6,,https://www.itnewsonline.com/GlobeNewswire/AvePoint-to-Announce-Second-Quarter-2026-Financial-Results-on-August-6/126316
RELIANCE,NSE,2026-07-13 23:30:00+00:00,gdelt:yoursourceone.com,"Group14 , With Moses Lake Plant , Announces Battery Deal",,https://www.yoursourceone.com/columbia_basin/group14-with-moses-lake-plant-announces-battery-deal/article_76ac79f4-500c-4d9a-94fd-6b10f2ca0391.html
RELIANCE,NSE,2026-07-14 00:00:00+00:00,gdelt:mondaq.com,"Amici Rally Behind Liberty Global , Urging Tenth Circuit To Rein In Economic Substance Doctrine",,https://www.mondaq.com/unitedstates/tax-authorities/1816344/amici-rally-behind-liberty-global-urging-tenth-circuit-to-rein-in-economic-substance-doctrine
RELIANCE,NSE,2026-07-14 00:15:00+00:00,gdelt:bangkokpost.com,Bangkok Post - Will Thailand succeed in joining OECD ?,,https://www.bangkokpost.com/opinion/opinion/3285685/will-thailand-succeed-in-joining-oecd
RELIANCE,NSE,2026-07-14 00:30:00+00:00,gdelt:punchng.com,Osun : AAC Candidate Targets N5bn Annual Mining Revenue,,https://punchng.com/well-generate-n5bn-annual-mining-revenue-for-osun-aac-gov-candidate/
RELIANCE,NSE,2026-07-14 00:30:00+00:00,gdelt:aol.co.uk,Labour MPs told backing North Sea is  about more than oil and gas,,https://www.aol.co.uk/articles/labour-mps-told-backing-north-230100000.html
RELIANCE,NSE,2026-07-14 00:45:00+00:00,gdelt:koreabridge.net,"Korea to Add Nearly 17 , 000 Foreign Seasonal Workers This Year",,https://koreabridge.net/post/korea-add-nearly-17000-foreign-seasonal-workers-year
RELIANCE,NSE,2026-07-14 00:45:00+00:00,gdelt:economictimes.indiatimes.com,"Goldman Sachs sees Nifty rallying to 26 , 500 , signals nearly 9 . 5 % upside",,https://economictimes.indiatimes.com/markets/stocks/news/goldman-sachs-sees-nifty-rallying-to-26500-signals-nearly-9-5-upside/articleshow/132378525.cms
RELIANCE,NSE,2026-07-14 01:00:00+00:00,gdelt:mondaq.com,When The UCC Doesnt Apply : California Common - Law Playbook For A Failed Cloud ERP - Contracts and Commercial Law,,https://www.mondaq.com/unitedstates/contracts-and-commercial-law/1816374/when-the-ucc-doesnt-apply-californias-common-law-playbook-for-a-failed-cloud-erp
RELIANCE,NSE,2026-07-14 01:00:00+00:00,gdelt:miragenews.com,No - Till Farming : Eco - Friendly or Not ?,,https://www.miragenews.com/no-till-farming-eco-friendly-or-not-1709402/
RELIANCE,NSE,2026-07-14 02:30:00+00:00,gdelt:theconversation.com,"What is no - till farming , and is it actually better for the environment ?",,https://theconversation.com/what-is-no-till-farming-and-is-it-actually-better-for-the-environment-287292
RELIANCE,NSE,2026-07-14 02:45:00+00:00,gdelt:techtimes.com,Pentagon Formalizes Expendable Drone Doctrine With Reaper Successor Solicitation,,https://www.techtimes.com/articles/320330/20260713/pentagon-formalizes-expendable-drone-doctrine-reaper-successor-solicitation.htm
RELIANCE,NSE,2026-07-14 03:00:00+00:00,gdelt:newkerala.com,"CM Dhami Inspects Science City , Launches STIP Initiatives",,https://www.newkerala.com/news/a/uttarakhand-cm-pushkar-singh-dhami-inspects-science-city-571.htm
RELIANCE,NSE,2026-07-14 04:00:00+00:00,gdelt:pjmedia.com,"EU Urges Pakistan to Address Abductions , Forced Conversions , Marriages of Non - Muslim Children",,https://pjmedia.com/uzay-bulut/2026/07/13/eu-urges-pakistan-to-address-abductions-forced-conversions-marriages-of-non-muslim-children-n4954967
RELIANCE,NSE,2026-07-14 04:45:00+00:00,gdelt:economictimes.indiatimes.com,The great Adani trade is back with Rs 1 . 4 lakh crore bang ! Why Adani Enterprises is Nifty hottest stock now,,https://economictimes.indiatimes.com/markets/stocks/news/the-great-adani-trade-is-back-with-rs-1-4-lakh-crore-bang-why-adani-enterprises-is-niftys-hottest-stock-now/articleshow/132380168.cms
RELIANCE,NSE,2026-07-14 05:45:00+00:00,gdelt:heraldscotland.com,North Sea oil : Industry urges Burnham to back production,,https://www.heraldscotland.com/news/26276729.north-sea-oil-industry-urges-burnham-back-production/
RELIANCE,NSE,2026-07-14 05:45:00+00:00,gdelt:indiagazette.com,"Uttarakhand CM Pushkar Singh Dhami inspects Science City project in Dehradun , addresses STIP symposium",,http://www.indiagazette.com/news/279185742/uttarakhand-cm-pushkar-singh-dhami-inspects-science-city-project-in-dehradun-addresses-stip-symposium
RELIANCE,NSE,2026-07-14 06:15:00+00:00,gdelt:allafrica.com,Botswana : Govt Rolls Out Reforms to Stabilise Economy,,https://allafrica.com/stories/202607140016.html
RELIANCE,NSE,2026-07-14 06:15:00+00:00,gdelt:businesstoday.in,"Stock to buy : Smallcap up 85 % since March 30 ; Investec sees 18 % upside , cites  rare combination",,https://www.businesstoday.in/markets/stocks/story/stock-to-buy-smallcap-up-85-since-march-30-investec-sees-18-upside-cites-a-rare-combination-542729-2026-07-14
RELIANCE,NSE,2026-07-14 06:15:00+00:00,gdelt:thebangladeshtoday.com,Industrialisation stalled as capital market fails to break bank dependency amid record IPO drought,,https://thebangladeshtoday.com/?p=35373
RELIANCE,NSE,2026-07-14 06:45:00+00:00,gdelt:economictimes.indiatimes.com,"Just Dial shares rocket 36 % in two days ! Why Citi , Kotak , others think Reliance - backed stock can rally up to 62 %?",,https://economictimes.indiatimes.com/markets/stocks/news/just-dial-shares-rocket-36-in-two-days-why-citi-kotak-others-think-reliance-backed-stock-can-rally-up-to-62/articleshow/132382158.cms
RELIANCE,NSE,2026-07-14 07:30:00+00:00,gdelt:financialexpress.com,Banks put up Rs 15K - crore fresh NPAs for sale in Q1,,https://www.financialexpress.com/business/banking-finance-banks-put-up-rs-15k-crorenbspfresh-npas-for-sale-in-q1nbsp-4290740/
RELIANCE,NSE,2026-07-14 07:30:00+00:00,gdelt:financialexpress.com,This auto ancillary stock trades cheaper than every major peer . A demerger could change that,,https://www.financialexpress.com/market/stock-insights/special-situations-alert/this-auto-ancillary-stock-trades-cheaper-than-every-major-peer-a-demerger-could-change-that/4289594/
RELIANCE,NSE,2026-07-14 07:30:00+00:00,gdelt:financialexpress.com,5 IT Stocks with High Overseas Revenue Exposure,,https://www.financialexpress.com/market/stock-insights/5-it-stocks-with-high-overseas-revenue-exposure/4290070/
RELIANCE,NSE,2026-07-14 08:15:00+00:00,gdelt:freepressjournal.in,"Who Is Pankaj Pawar , Jio Platform Newly Appointed CEO Replacing Kiran Thomas Ahead of IPO ?",,https://www.freepressjournal.in/tech/who-is-pankaj-pawar-jio-platforms-newly-appointed-ceo-replacing-kiran-thomas-ahead-of-ipo
RELIANCE,NSE,2026-07-14 08:30:00+00:00,gdelt:en.people.cn,Advancing Chinese modernization through sci - tech innovation,,http://en.people.cn/n3/2026/0714/c90000-20477440.html
RELIANCE,NSE,2026-07-14 08:30:00+00:00,gdelt:itbrief.co.nz,Codema launches AI committees for continuous assurance,,https://itbrief.co.nz/story/codema-launches-ai-committees-for-continuous-assurance
RELIANCE,NSE,2026-07-14 08:30:00+00:00,gdelt:birminghammail.co.uk,Andy Burnham told to make three rule changes for all businesses on day one as PM,,https://www.birminghammail.co.uk/news/midlands-news/andy-burnham-told-make-three-34285827
RELIANCE,NSE,2026-07-14 08:30:00+00:00,gdelt:dynamicbusiness.com,Tech Tuesday : Best bookkeeping & tax tools in 2026,,https://dynamicbusiness.com/featured/tech-tuesday/tech-tuesday-best-bookkeeping-tax-tools-in-2026.html
RELIANCE,NSE,2026-07-14 08:45:00+00:00,gdelt:auto.economictimes.indiatimes.com,"Bosch Launches First US Semiconductor Plant Amid Chip Shortages , ETAuto",,https://auto.economictimes.indiatimes.com/news/auto-components/bosch-begins-sample-production-at-its-first-us-semiconductor-plant/132381950
RELIANCE,NSE,2026-07-14 09:15:00+00:00,gdelt:dailydispatch.co.za,MLANDU KONA | Reforms needed to insulate SA against future energy shocks,,https://www.dailydispatch.co.za/news/opinion/2026-07-14-mlandu-kona-reforms-needed-to-insulate-sa-against-future-energy-shocks/
RELIANCE,NSE,2026-07-14 09:45:00+00:00,gdelt:stockhouse.com,2026 - 07 - 14 | Focus Graphite Completes Access Road Desktop Study and Selects Preferred Route for the Lac Knife Project | TSXV : FMS,,https://stockhouse.com/news/press-releases/2026/07/14/focus-graphite-completes-access-road-desktop-study-and-selects-preferred-route
RELIANCE,NSE,2026-07-14 10:00:00+00:00,gdelt:thailand-business-news.com,Focus Graphite Completes Access Road Desktop Study and Selects Preferred Route for the Lac Knife Project,,https://www.thailand-business-news.com/pr-news/focus-graphite-completes-access-road-desktop-study-and-selects-preferred-route-for-the-lac-knife-project
RELIANCE,NSE,2026-07-14 10:15:00+00:00,gdelt:developingtelecoms.com,Jio Platforms appoints new CEO ahead of planned IPO,,https://www.developingtelecoms.com/telecom-business/operator-news/20532-jio-platforms-appoints-new-ceo-ahead-of-planned-ipo.html
RELIANCE,NSE,2026-07-14 11:15:00+00:00,gdelt:economictimes.indiatimes.com,India refiners reap fuel export windfall as war drives shortages,,https://economictimes.indiatimes.com/industry/energy/oil-gas/india-refiners-reap-fuel-export-windfall-as-war-drives-shortages/articleshow/132388833.cms
RELIANCE,NSE,2026-07-14 11:15:00+00:00,gdelt:londonlovesbusiness.com,Can AI help construction firms solve growing geopolitical challenges in supply chains ? - London Business News,,https://londonlovesbusiness.com/can-ai-help-construction-firms-solve-growing-geopolitical-challenges-in-supply-chains/
RELIANCE,NSE,2026-07-14 11:30:00+00:00,gdelt:prnewswire.com,"Iridium Announces Commercial Availability of Iridium PNT ASIC , Bringing Resilient GNSS Protection to Devices Worldwide",,https://www.prnewswire.com/news-releases/iridium-announces-commercial-availability-of-iridium-pnt-asic-bringing-resilient-gnss-protection-to-devices-worldwide-302824520.html
RELIANCE,NSE,2026-07-14 11:45:00+00:00,gdelt:timesofindia.indiatimes.com,"Nous Research , maker of OpenClaw American rival Hermes agent , in talks to raise new funding at $1 . 5 billion valuation",,https://timesofindia.indiatimes.com/technology/tech-news/nous-research-maker-of-openclaws-american-rival-hermes-agent-in-talks-to-raise-new-funding-at-1-5-billion-valuation/articleshow/132389419.cms
RELIANCE,NSE,2026-07-14 12:15:00+00:00,gdelt:gdnonline.com,Motoring : Bosch begins sample production at its first US semiconductor plant,,https://www.gdnonline.com/Details/1400595/Bosch-begins-sample-production-at-its-first-US-semiconductor-plant
RELIANCE,NSE,2026-07-14 12:15:00+00:00,gdelt:mondaq.com,"Broad Brushes , Fishing Expeditions And Forfeited Claims : A Trade Secret Cautionary Tale",,https://www.mondaq.com/unitedstates/trade-secrets/1816802/broad-brushes-fishing-expeditions-and-forfeited-claims-a-trade-secret-cautionary-tale
RELIANCE,NSE,2026-07-14 12:15:00+00:00,gdelt:finanznachrichten.de,"ZenaTech Inc .: ZenaTech Signs Multiple Offers to Acquire Land Surveying and Geospatial Services Companies Across the U . S ., Canada and Australia , Expected to Contribute C$40 Million in Revenue During the First 12 Months Following Closing",,https://www.finanznachrichten.de/nachrichten-2026-07/69021687-zenatech-inc-zenatech-signs-multiple-offers-to-acquire-land-surveying-and-geospatial-services-companies-across-the-u-s-canada-and-australia-expec-399.htm
RELIANCE,NSE,2026-07-14 12:15:00+00:00,gdelt:thestarphoenix.com,"ZenaTech Signs Multiple Offers to Acquire Land Surveying and Geospatial Services Companies Across the U . S ., Canada and Australia , Expected to Contribute C$40 Million in Revenue During the First 12 Months Following Closing",,https://thestarphoenix.com/press-releases/globe-newswire/zenatech-signs-multiple-offers-to-acquire-land-surveying-and-geospatial-services-companies-across-the-u-s-canada-and-australia-expected-to-contribute-c40-million-in-revenue-during-the-first-12-mon/
RELIANCE,NSE,2026-07-14 12:15:00+00:00,gdelt:thestarphoenix.com,Almonty Expands Sangdong Tungsten Offtake Agreement with Global Tungsten & Powders to US$490 Million in Contracted Annual Revenue at Current APT Pricing,,https://thestarphoenix.com/press-releases/business-wire/almonty-expands-sangdong-tungsten-offtake-agreement-with-global-tungsten-powders-to-us490-million-in-contracted-annual-revenue-at-current-apt-pricing/
RELIANCE,NSE,2026-07-14 13:15:00+00:00,gdelt:manilatimes.net,GMEX Robotics Corporation Signs Letter of Intent for Strategic Acquisition of AI Platform to Build Social World Models for Human - Centric Mass Deployment,,https://www.manilatimes.net/2026/07/14/tmt-newswire/globenewswire/gmex-robotics-corporation-signs-letter-of-intent-for-strategic-acquisition-of-ai-platform-to-build-social-world-models-for-human-centric-mass-deployment/2384143
RELIANCE,NSE,2026-07-14 13:15:00+00:00,gdelt:manilatimes.net,"Fusemachines Announces Agentic AI Suite for Talent Acquisition , Bringing Agentic AI Across the Hiring Lifecycle",,https://www.manilatimes.net/2026/07/14/tmt-newswire/globenewswire/fusemachines-announces-agentic-ai-suite-for-talent-acquisition-bringing-agentic-ai-across-the-hiring-lifecycle/2384142
RELIANCE,NSE,2026-07-14 13:45:00+00:00,gdelt:tennesseedaily.com,"Evercore Holdings , Inc . ( OTC : EVHO ) Acquires Prediction Market Platform TraXion to Capture Explosive $240 Billion+ Prediction Markets Opportunity",,http://www.tennesseedaily.com/news/279186556/evercore-holdings-inc-otcevho-acquires-prediction-market-platform-traxion-to-capture-explosive-240-billion-prediction-markets-opportunity
RELIANCE,NSE,2026-07-14 13:45:00+00:00,gdelt:tennesseedaily.com,NutraVeri Closes the Last Gap Between a Supplement Idea and a Customer Doorstep,,http://www.tennesseedaily.com/news/279186672/nutraveri-closes-the-last-gap-between-a-supplement-idea-and-a-customer-doorstep
RELIANCE,NSE,2026-07-14 15:15:00+00:00,gdelt:dominicanrepublicpost.com,"Russia - Ukraine war : What is Europe new ballistic missile shield plan ? - Dominican Republic Post – Caribbean News , Business , Travel & Culture",,https://dominicanrepublicpost.com/russia-ukraine-war-what-is-europes-new-ballistic-missile-shield-plan/
RELIANCE,NSE,2026-07-14 16:00:00+00:00,gdelt:nypost.com,IBM shares plunge 25 % as AI spending boom hammers business,,https://nypost.com/2026/07/14/business/ibm-shares-plunge-25-as-ai-spending-boom-hammers-business/
RELIANCE,NSE,2026-07-14 16:15:00+00:00,gdelt:thehindubusinessline.com,"Indian Deep - Tech Startup Meine Electric Fast - Charging Iron - Air Battery Clears Independent Validation , Paving the Way for 24 / 7 Renewable Energy Storage",,https://www.thehindubusinessline.com/brandhub/pr-release/indian-deep-tech-startup-meine-electrics-fast-charging-iron-air-battery-clears-independent-validation-paving-the-way-for-24-7-renewable-energy-storage/article71221169.ece
RELIANCE,NSE,2026-07-14 17:00:00+00:00,gdelt:blueprint.ng,"Defence minister in China to drive tech transfer , local weapons production",,https://blueprint.ng/defence-minister-in-china-to-drive-tech-transfer-local-weapons-production/
RELIANCE,NSE,2026-07-14 17:00:00+00:00,gdelt:money.pl,Kontrola PIP i koniec B2B . Czy działalność trzeba zlikwidować ?,,https://www.money.pl/firma/kontrola-pip-i-koniec-b2b-czy-dzialalnosc-trzeba-zlikwidowac-7307392621984192a.html
RELIANCE,NSE,2026-07-14 17:45:00+00:00,gdelt:leaderpost.com,Nightfood Holdings Inc . ( OTCQB : NGTF ) Focused on Supporting Key Customers Driving New Wave of Capital Spending,,https://leaderpost.com/press-releases/globe-newswire/nightfood-holdings-inc-otcqb-ngtf-focused-on-supporting-key-customers-driving-new-wave-of-capital-spending/
RELIANCE,NSE,2026-07-14 17:45:00+00:00,gdelt:leaderpost.com,Epic Experience : Vail Resorts Puts Guest Experience at the Center of New Growth Plan,,https://leaderpost.com/press-releases/pr-newswire/epic-experience-vail-resorts-puts-guest-experience-at-the-center-of-new-growth-plan/
RELIANCE,NSE,2026-07-14 18:15:00+00:00,gdelt:insidegnss.com,"Iridium Announces Commercial Availability of Iridium PNT ASIC , Bringing Resilient GNSS Protection to Devices Worldwide - Inside GNSS - Global Navigation Satellite Systems Engineering , Policy , and Design",,https://insidegnss.com/iridium-announces-commercial-availability-of-iridium-pnt-asic-bringing-resilient-gnss-protection-to-devices-worldwide/
RELIANCE,NSE,2026-07-14 18:30:00+00:00,gdelt:torontotelegraph.com,AIAI Holding MediGuide Enters the State - of - the - Art Medicine Market With AI - Driven Innovation,,http://www.torontotelegraph.com/news/279187011/aiai-holdings-mediguide-enters-the-state-of-the-art-medicine-market-with-ai-driven-innovation
RELIANCE,NSE,2026-07-14 19:15:00+00:00,gdelt:nayaindia.com,"शेयर बाजारों में गिरावट , सेंसेक्स 561 अंक टूटा - Naya India - Hindi News , Latest Hindi News , Breaking News , Hindi Samachar",,https://www.nayaindia.com/business/%E0%A4%B6%E0%A5%87%E0%A4%AF%E0%A4%B0-%E0%A4%AC%E0%A4%BE%E0%A4%9C%E0%A4%BE%E0%A4%B0%E0%A5%8B%E0%A4%82-%E0%A4%AE%E0%A5%87%E0%A4%82-%E0%A4%97%E0%A4%BF%E0%A4%B0%E0%A4%BE%E0%A4%B5%E0%A4%9F-%E0%A4%B8/519094.html
RELIANCE,NSE,2026-07-14 19:45:00+00:00,gdelt:panchjanya.com,डॉ . श्‍यामा प्रसाद मुखर्जी की 125वीं जयंती : स्वतंत्र भारत के औद्योगिक पुनर्जागरण के शिल्पी,,https://panchjanya.com/2026/07/14/481248/bharat/dr-syama-prasad-mookerjees-125th-birth-anniversary-the-architect-of-independent-indias-industrial-resurgence/
RELIANCE,NSE,2026-07-14 19:45:00+00:00,gdelt:postcourier.com.pg,Yu Tok - Post Courier,,https://www.postcourier.com.pg/yu-tok-150726/
RELIANCE,NSE,2026-07-14 21:30:00+00:00,gdelt:dailymaverick.co.za,SA to more than double its electricity generation Ramokgopa,,https://www.dailymaverick.co.za/article/2026-07-14-sa-to-more-than-double-its-electricity-generation-ramokgopa/
RELIANCE,NSE,2026-07-14 21:45:00+00:00,gdelt:fool.com,Dow vs . LyondellBasell Industries : Which Materials Stock Is a Better Buy in 2026 ?,,https://www.fool.com/coverage/better-buy/2026/07/14/dow-vs-lyondellbasell-industries-which-materials-stock-is-a-better-buy-in-2026/?source=iedfolrf0000001
RELIANCE,NSE,2026-07-14 21:45:00+00:00,gdelt:asiabulletin.com,Indian Deep - Tech Startup Meine Electric Fast - Charging Iron - Air Battery Clears Independent Validation,,http://www.asiabulletin.com/news/279187453/indian-deep-tech-startup-meine-electric-fast-charging-iron-air-battery-clears-independent-validation
RELIANCE,NSE,2026-07-14 22:30:00+00:00,gdelt:naija247news.com,The Big Read : Nigeria Great Grid Exit,,https://naija247news.com/the-big-read-nigerias-great-grid-exit/
RELIANCE,NSE,2026-07-14 23:15:00+00:00,gdelt:businesstimes.com.sg,IBM warns AI boom squeezing software budgets ; shares sink in sector rout,,https://www.businesstimes.com.sg/companies-markets/telcos-media-tech/ibm-warns-ai-boom-squeezing-software-budgets-shares-sink-sector-rout
RELIANCE,NSE,2026-07-14 23:45:00+00:00,gdelt:allafrica.com,"Ethiopia : The Week in Review - Geopolitics , Economy , Ai and Climate in Focus",,https://allafrica.com/stories/202607140679.html
RELIANCE,NSE,2026-07-15 01:00:00+00:00,gdelt:finanznachrichten.de,Trenchant Technologies Capital Corp .: Trenchant Technologies Capital Corp . Announces Closing of First Tranche of the Private Placement of Convertible Debentures,,https://www.finanznachrichten.de/nachrichten-2026-07/69027146-trenchant-technologies-capital-corp-trenchant-technologies-capital-corp-announces-closing-of-first-tranche-of-the-private-placement-of-convertible-296.htm
RELIANCE,NSE,2026-07-15 01:15:00+00:00,gdelt:prnewswire.com,Insilico Medicine and Bora Pharmaceuticals Announce Strategic Alliance for AI - Driven Drug Discovery and Development,,http://www.prnewswire.com/news-releases/insilico-medicine-and-bora-pharmaceuticals-announce-strategic-alliance-for-ai-driven-drug-discovery-and-development-302824911.html
RELIANCE,NSE,2026-07-15 02:30:00+00:00,gdelt:vietnam.vnanet.vn,Top leader requests building of stronger maritime industry to support national development,,https://vietnam.vnanet.vn/english/tin-van/top-leader-requests-building-of-stronger-maritime-industry-to-support-national-development-456877.html
RELIANCE,NSE,2026-07-15 02:45:00+00:00,gdelt:thisdaylive.com,"EKSU 108th Inaugural Lecturer Advocates Indigenous Plants as Future of Disease Prevention , Drug Discovery – THISDAYLIVE",,https://www.thisdaylive.com/2026/07/15/eksu-108th-inaugural-lecturer-advocates-indigenous-plants-as-future-of-disease-prevention-drug-discovery/
RELIANCE,NSE,2026-07-15 03:00:00+00:00,gdelt:stockhouse.com,2026 - 07 - 14 | Trenchant Technologies Capital Corp . Announces Closing of First Tranche of the Private Placement of Convertible Debentures | CSE : AITT,,https://stockhouse.com/news/press-releases/2026/07/14/trenchant-technologies-capital-corp-announces-closing-of-first-tranche-of-the
RELIANCE,NSE,2026-07-15 03:00:00+00:00,gdelt:stockhouse.com,2026 - 07 - 14 | Ur - Energy Appoints US Energy and Mining Veteran as Chair of the Board | TSX : URE,,https://stockhouse.com/news/press-releases/2026/07/14/ur-energy-appoints-us-energy-and-mining-veteran-as-chair-of-the-board
RELIANCE,NSE,2026-07-15 03:15:00+00:00,gdelt:thesun.ng,"How underinvestment costs Nigeria $1bn annually in fish imports ,",,https://thesun.ng/how-underinvestment-costs-nigeria-1bn-annually-in-fish-imports-500000-jobs/
RELIANCE,NSE,2026-07-15 03:15:00+00:00,gdelt:tennesseedaily.com,Ur - Energy Appoints US Energy and Mining Veteran as Chair of the Board,,http://www.tennesseedaily.com/news/279188038/ur-energy-appoints-us-energy-and-mining-veteran-as-chair-of-the-board
RELIANCE,NSE,2026-07-15 03:30:00+00:00,gdelt:thedailystar.net,We must adapt to the changing rules of global trade and development,,https://www.thedailystar.net/opinion/views/macro-mirror/news/we-must-adapt-the-changing-rules-global-trade-and-development-4223916
RELIANCE,NSE,2026-07-15 04:00:00+00:00,gdelt:navbharattimes.indiatimes.com,"Success Story :  औरतें आलसी हो गईं  पुलिस के ताने ने स्वीटी को बना दिया अफसर , 1st अटेंप्ट में क्रैक किया था PCS",,https://navbharattimes.indiatimes.com/education/exam-results/success-story-of-pcs-officer-sweety-upadhyay-she-got-55th-rank-in-first-attempt-after-private-job-tips-and-advice-by-noida-ac/articleshow/132393000.cms
RELIANCE,NSE,2026-07-15 04:45:00+00:00,gdelt:ohmynews.com,"단 1원의 예산도 지역 선순환과 생산적 가치소비에 쓰여야  박란희 세종시의원 , 공공구매 체계 혁신 제안",,https://www.ohmynews.com/NWS_Web/View/at_pg.aspx?CNTN_CD=A0003251584&PAGE_CD=N0002&BLCK_NO=&CMPT_CD=M0147
RELIANCE,NSE,2026-07-15 05:00:00+00:00,gdelt:segye.com,국민성장펀드 200조로 늘려 매년 10조씩 더 … 우주항공 등도 지원,,https://segye.com/newsView/20260715511143
RELIANCE,NSE,2026-07-15 05:30:00+00:00,gdelt:itbusinessnet.com,Trenchant Technologies Capital Corp . Announces Closing of First Tranche of the Private Placement of Convertible Debentures – IT Business Net,,https://itbusinessnet.com/2026/07/trenchant-technologies-capital-corp-announces-closing-of-first-tranche-of-the-private-placement-of-convertible-debentures/
RELIANCE,NSE,2026-07-15 06:15:00+00:00,gdelt:thestarphoenix.com,Veea Begins Generating Revenue from SecureConnect Sales Through Telcel Internet Gestionado Service,,https://thestarphoenix.com/press-releases/globe-newswire/veea-begins-generating-revenue-from-secureconnect-sales-through-telcels-internet-gestionado-service/
RELIANCE,NSE,2026-07-15 06:15:00+00:00,gdelt:prokerala.com,"Grand conclave on skills , employment and innovation to be held in Lucknow on Wednesday on World Youth Skills Day",,https://www.prokerala.com/news/articles/a1788106.html
RELIANCE,NSE,2026-07-15 06:15:00+00:00,gdelt:economictimes.indiatimes.com,Mutual funds cut IT exposure to all - time low of 5 . 9 % in June . Contrarian opportunity or signal for caution ?,,https://economictimes.indiatimes.com/mf/analysis/mutual-funds-cut-it-exposure-to-all-time-low-of-5-9-in-june-contrarian-opportunity-or-signal-for-caution/articleshow/132406739.cms
RELIANCE,NSE,2026-07-15 06:45:00+00:00,gdelt:investegate.co.uk,Launch of Retail Offer | Company Announcement,,https://www.investegate.co.uk/announcement/rns/investment-company--inv/launch-of-retail-offer/9669250
RELIANCE,NSE,2026-07-15 06:45:00+00:00,gdelt:investegate.co.uk,Retail Offer | Company Announcement,,https://www.investegate.co.uk/announcement/rns/supermarket-income-reit--supr/retail-offer/9669200
RELIANCE,NSE,2026-07-15 06:45:00+00:00,gdelt:investegate.co.uk,Barroso Li Project : Definitive Feasibility Study | Company Announcement,,https://www.investegate.co.uk/announcement/rns/savannah-resources--sav/barroso-li-project-definitive-feasibility-study/9669766
RELIANCE,NSE,2026-07-15 06:45:00+00:00,gdelt:investinglive.com,New home prices in China fell for a fourth straight year in June,,https://investinglive.com/news/new-home-prices-in-china-fell-for-a-fourth-straight-year-in-june
RELIANCE,NSE,2026-07-15 07:15:00+00:00,gdelt:newkerala.com,US Dismisses  Middle Power Coalition as Distraction,,https://www.newkerala.com/news/a/senior-us-defence-official-rejects-cohesion-middle-powers-757.htm
RELIANCE,NSE,2026-07-15 07:45:00+00:00,gdelt:prabhasakshi.com,sensex rises 502 points nifty crosses the 24150 mark - Prabhasakshi latest news in hindi,,https://www.prabhasakshi.com/business/sensex-rises-502-points-nifty-crosses-the-24150-mark
RELIANCE,NSE,2026-07-15 07:45:00+00:00,gdelt:auto.economictimes.indiatimes.com,"India Fuel Export Boom : How the War is Shaping Global Oil Markets , ETAuto",,https://auto.economictimes.indiatimes.com/news/oil-and-lubes/india-refiners-reap-fuel-export-windfall-as-war-drives-shortages/132405117
RELIANCE,NSE,2026-07-15 08:15:00+00:00,gdelt:euronews.com,Can batteries save the EU wasted renewable energy ?,,https://www.euronews.com/my-europe/2026/07/15/are-batteries-the-solution-to-the-eus-wasted-renewable-energy
RELIANCE,NSE,2026-07-15 08:15:00+00:00,gdelt:leaderpost.com,North - East - Based Turntide Receives Initial Battery Production Order from Hitachi Rail for Arriva Grand Central Intercity united kingdom Battery Trains,,https://leaderpost.com/press-releases/globe-newswire/north-east-based-turntide-receives-initial-battery-production-order-from-hitachi-rail-for-arrivas-grand-central-intercity-uk-battery-trains/
RELIANCE,NSE,2026-07-15 09:30:00+00:00,gdelt:ariananews.af,India says Kabul - Delhi air corridor remains operational despite regional challenges | Ariana News,,https://www.ariananews.af/india-says-kabul-delhi-air-corridor-remains-operational-despite-regional-challenges/
RELIANCE,NSE,2026-07-15 09:30:00+00:00,gdelt:manilatimes.net,Kandi Technologies Announces Commencement of Production at its China Battery Exchange Manufacturing Base in Linan,,https://www.manilatimes.net/2026/07/15/tmt-newswire/globenewswire/kandi-technologies-announces-commencement-of-production-at-its-china-battery-exchange-manufacturing-base-in-linan/2384799
RELIANCE,NSE,2026-07-15 09:30:00+00:00,gdelt:itbusinessnet.com,"Fusemachines Announces Agentic AI Suite for Talent Acquisition , Bringing Agentic AI Across the Hiring Lifecycle – IT Business Net",,https://itbusinessnet.com/2026/07/fusemachines-announces-agentic-ai-suite-for-talent-acquisition-bringing-agentic-ai-across-the-hiring-lifecycle/
RELIANCE,NSE,2026-07-15 11:00:00+00:00,gdelt:dailynews.co.tz,"Local electric vehicle revolution begins with landmark manufacturing investment , innovation",,https://dailynews.co.tz/local-electric-vehicle-revolution-begins-with-landmark-manufacturing-investment-innovation/
RELIANCE,NSE,2026-07-15 11:15:00+00:00,gdelt:bssnews.net,BEPZA contributes 17 . 51pc to national exports in FY26,,https://www.bssnews.net/business/405830
RELIANCE,NSE,2026-07-15 11:45:00+00:00,gdelt:thenextweb.com,India pledges $20 billion to boost chips and smartphones as Modi pushes for an Indian mobile brand,,https://thenextweb.com/news/india-20-billion-semiconductor-smartphone-chip-fund-modi
RELIANCE,NSE,2026-07-15 11:45:00+00:00,gdelt:money.pl,Lekarze wyjęci spod kontroli PIP ? Jednoznaczne stanowisko resortu,,https://www.money.pl/gospodarka/lekarze-wyjeci-spod-kontroli-pip-jednoznaczne-stanowisko-resortu-7307397104523712a.html
RELIANCE,NSE,2026-07-15 11:45:00+00:00,gdelt:thehindubusinessline.com,"Stock Market Today Highlights , July 15 : Sensex , Nifty retreat from day highs ; Bank Nifty leads gains",,https://www.thehindubusinessline.com/markets/sensex-nifty50-today-stock-market-highlights-15-july-2026/article71220956.ece
RELIANCE,NSE,2026-07-15 11:45:00+00:00,gdelt:middleeastmonitor.com,"Chokepoints of power : Hormuz , Bab el - Mandeb , and the new corridor wars",,https://www.middleeastmonitor.com/20260715-chokepoints-of-power-hormuz-bab-el-mandeb-and-the-new-corridor-wars/
RELIANCE,NSE,2026-07-15 11:45:00+00:00,gdelt:channelstv.com,India Approves $13b Semiconductor Plan,,https://www.channelstv.com/2026/07/15/india-approves-13b-semiconductor-plan/
RELIANCE,NSE,2026-07-15 12:00:00+00:00,gdelt:prokerala.com,The govt before 2017 was the biggest omen of misfortune : CM Yogi,,https://www.prokerala.com/news/articles/a1788290.html
RELIANCE,NSE,2026-07-15 12:30:00+00:00,gdelt:freemalaysiatoday.com,India approves US$13bil semiconductor plan,,https://www.freemalaysiatoday.com/category/business/2026/07/15/india-approves-us13bil-semiconductor-plan
RELIANCE,NSE,2026-07-15 12:45:00+00:00,gdelt:manilatimes.net,Xeriant Receives U . S . Patent for Its Breakthrough Fire - Resistant Composite Technology,,https://www.manilatimes.net/2026/07/15/tmt-newswire/globenewswire/xeriant-receives-us-patent-for-its-breakthrough-fire-resistant-composite-technology/2385018
RELIANCE,NSE,2026-07-15 12:45:00+00:00,gdelt:freepressjournal.in,Reliance Industrial Infrastructure Reports ₹2 . 84 Crore Q1 Profit,,https://www.freepressjournal.in/business/reliance-industrial-infrastructure-reports-284-crore-q1-profit
RELIANCE,NSE,2026-07-15 12:45:00+00:00,gdelt:hurriyetdailynews.com,India approves $13 billion semiconductor plan,,https://www.hurriyetdailynews.com/india-approves-13-billion-semiconductor-plan-224414
RELIANCE,NSE,2026-07-15 13:00:00+00:00,gdelt:newsday.co.zw,Shuntai Cement Plant develops 50MW solar plant - Newsday Zimbabwe,,https://www.newsday.co.zw/local-news/article/200058336/shuntai-cement-plant-develops-50mw-solar-plant
RELIANCE,NSE,2026-07-15 13:00:00+00:00,gdelt:2lt.com.au,Senior US defence official rejects cohesion of  middle powers  amid shifting European ties,,https://www.2lt.com.au/senior-us-defence-official-rejects-cohesion-of-middle-powers-amid-shifting-european-ties/
RELIANCE,NSE,2026-07-15 13:00:00+00:00,gdelt:finanznachrichten.de,Sekur Private Data Ltd .: Sekur Private Data Launches SekurOne with Encrypted Voice for All Devices,,https://www.finanznachrichten.de/nachrichten-2026-07/69035866-sekur-private-data-ltd-sekur-private-data-launches-sekurone-with-encrypted-voice-for-all-devices-200.htm
RELIANCE,NSE,2026-07-15 13:00:00+00:00,gdelt:manilatimes.net,SalesCloser Announces USPTO Notice of Allowance for Expected Third U . S . Patent Covering AI - Driven Appointment Scheduling,,https://www.manilatimes.net/2026/07/15/tmt-newswire/globenewswire/salescloser-announces-uspto-notice-of-allowance-for-expected-third-us-patent-covering-ai-driven-appointment-scheduling/2385065
RELIANCE,NSE,2026-07-15 13:00:00+00:00,gdelt:tennesseedaily.com,United States Antimony Announces Utilization of AI Technology into Certain Mining Projects,,http://www.tennesseedaily.com/news/279188839/united-states-antimony-announces-utilization-of-ai-technology-into-certain-mining-projects
RELIANCE,NSE,2026-07-15 13:15:00+00:00,gdelt:leaderpost.com,"The Hidden Layer of the AI Boom : Robotics , Packaging Equipment Companies Are Thriving",,https://leaderpost.com/press-releases/globe-newswire/the-hidden-layer-of-the-ai-boom-robotics-packaging-equipment-companies-are-thriving/
RELIANCE,NSE,2026-07-15 13:15:00+00:00,gdelt:khaskhabar.com,"State - level event organized on World Youth Skills Day , Jaipur News in Hindi",,https://www.khaskhabar.com/local/rajasthan/jaipur-news/news-state-level-event-organized-on-world-youth-skills-day-news-hindi-1-829002-KKN.html
RELIANCE,NSE,2026-07-15 13:30:00+00:00,gdelt:allafrica.com,Mozambique : Private Sector Challenged to Prioritize Agricultural Development Projects,,https://allafrica.com/stories/202607150454.html
RELIANCE,NSE,2026-07-15 13:30:00+00:00,gdelt:newkerala.com,Reliance Puri Rath Yatra Seva 2026 for Pilgrims,,https://www.newkerala.com/news/a/reliance-rolls-out-puri-rath-yatra-seva-pilgrims-407.htm
RELIANCE,NSE,2026-07-15 13:45:00+00:00,gdelt:torontotelegraph.com,Sekur Private Data Launches SekurOne with Encrypted Voice for All Devices,,http://www.torontotelegraph.com/news/279188868/sekur-private-data-launches-sekurone-with-encrypted-voice-for-all-devices
RELIANCE,NSE,2026-07-15 14:00:00+00:00,gdelt:portalspozywczy.pl,Coraz więcej cudzoziemców w polskim handlu . Język polski nową kompetencją zawodową ?,,"https://www.portalspozywczy.pl/handel/wiadomosci/coraz-wiecej-cudzoziemcow-w-polskim-handlu-jezyk-polski-nowa-kompetencja-zawodowa,290874.html"
RELIANCE,NSE,2026-07-15 14:15:00+00:00,gdelt:justsecurity.org,"After Colombia Election , What Next on Climate and Human Rights ?",,https://www.justsecurity.org/146793/colombia-presidential-election-climate-human-rights/
RELIANCE,NSE,2026-07-15 14:15:00+00:00,gdelt:news.webindia123.com,Reliance rolls out Puri Rath Yatra Seva for pilgrims and frontline workers,,https://news.webindia123.com/news/Articles/Entertainment/20260715/4475196.html
RELIANCE,NSE,2026-07-15 14:45:00+00:00,gdelt:navabharat.com,"शेयर बाजारों में लौटी तेजी , सेंसेक्स 130 अंक चढ़ा",,https://navabharat.com/?p=519957
RELIANCE,NSE,2026-07-15 15:30:00+00:00,gdelt:thehindu.com,"Lokesh launches ₹3 , 100 crore expansion of Dalmia Cement plant in Kadapa district",,https://www.thehindu.com/news/national/andhra-pradesh/lokesh-launches-3100-crore-expansion-of-dalmia-cement-plant-in-kadapa-district/article71226253.ece
RELIANCE,NSE,2026-07-15 16:00:00+00:00,gdelt:deccanchronicle.com,India Clears $13 Billion Semiconductor Push,,https://www.deccanchronicle.com/business/india-clears-13-billion-semiconductor-push-1971156
RELIANCE,NSE,2026-07-15 16:15:00+00:00,gdelt:thehindubusinessline.com,ODI to GCC nations surges as war increases funding needs of overseas subsidiaries,,https://www.thehindubusinessline.com/data-stories/data-focus/odi-to-gcc-nations-surges-as-war-increases-funding-needs-of-overseas-subsidiaries/article71226017.ece
RELIANCE,NSE,2026-07-15 16:15:00+00:00,gdelt:thehindubusinessline.com,MHI 10 GWh battery tender opens new growth market for India BESS sector,,https://www.thehindubusinessline.com/news/mhis-10-gwh-battery-tender-opens-new-growth-market-for-indias-bess-sector/article71226438.ece
RELIANCE,NSE,2026-07-15 16:15:00+00:00,gdelt:divyabhaskar.co.in,India - UK FTA Live : India Bypasses US Economic Dominance with 58 - Country Free Trade Network,,https://www.divyabhaskar.co.in/local/gujarat/news/india-uk-fta-live-duty-free-trade-bypasses-us-dollar-dominance-explainer-138450488.html
RELIANCE,NSE,2026-07-15 16:30:00+00:00,gdelt:itbrief.co.nz,Businesses urged to rethink young workers entry paths,,https://itbrief.co.nz/story/businesses-urged-to-rethink-young-workers-entry-paths
RELIANCE,NSE,2026-07-15 16:45:00+00:00,gdelt:navabharat.com,"पुरी रथयात्रा में रिलायंस फाउंडेशन का सेवा संकल्प , भोजन , पानी और सुरक्षा पर जोर",,https://navabharat.com/?p=520081
RELIANCE,NSE,2026-07-15 16:45:00+00:00,gdelt:beijingbulletin.com,Senior US defence official rejects cohesion of,,http://www.beijingbulletin.com/news/279188700/senior-us-defence-official-rejects-cohesion-of-middle-powers-amid-shifting-european-ties
RELIANCE,NSE,2026-07-15 16:45:00+00:00,gdelt:odt.co.nz,Hormuz uncertainty,,https://www.odt.co.nz/opinion/editorial/hormuz-uncertainty
RELIANCE,NSE,2026-07-15 17:00:00+00:00,gdelt:finanznachrichten.de,EQS - News : Vulcan Energy Resources Limited : Vulcan receives initial strategic funding for Lionheart Project,,https://www.finanznachrichten.de/nachrichten-2026-07/69038806-eqs-news-vulcan-energy-resources-limited-vulcan-receives-initial-strategic-funding-for-lionheart-project-023.htm
RELIANCE,NSE,2026-07-15 17:00:00+00:00,gdelt:morningstar.com,How to Build Wealth That Lasts Beyond You and Avoid the  Expertise Trap,,https://www.morningstar.com/personal-finance/expertise-trap-how-build-wealth-that-lasts-beyond-you
RELIANCE,NSE,2026-07-15 17:00:00+00:00,gdelt:grandprix247.com,The Financial Race : How Online Gaming and Betting Brands Became F1 New Big Spenders,,https://www.grandprix247.com/f1-history/the-financial-race-how-online-gaming-and-betting-brands-became-f1s-new-big-spenders
RELIANCE,NSE,2026-07-15 17:00:00+00:00,gdelt:navbharattimes.indiatimes.com,"मान गए उस्ताद .... भारत ने तोड़ दिया चीन का घमंड , बिना रेयर अर्थ के बना ली इलेक्ट्रिक मोटर",,https://navbharattimes.indiatimes.com/india/india-builds-electric-motor-without-rare-earth-metals-for-evs-challenging-china-monopoly-on-supply-chain/articleshow/132420053.cms
RELIANCE,NSE,2026-07-15 17:00:00+00:00,gdelt:thinkglobalhealth.org,You Cant Eat Tobacco | Think Global Health,,https://www.thinkglobalhealth.org/article/you-cant-eat-tobacco
RELIANCE,NSE,2026-07-15 17:00:00+00:00,gdelt:equitybulls.com,Reliance Industrial Infrastructure Limited Reports Q1 FY27 Results : Consolidated PAT Declines to ₹284 Lakh,,https://www.equitybulls.com/category.php?id=372957
RELIANCE,NSE,2026-07-15 17:45:00+00:00,gdelt:philstar.com,Lalamove makes inroads into Middle East,,https://www.philstar.com/business/2026/07/16/2542379/lalamove-makes-inroads-middle-east
RELIANCE,NSE,2026-07-15 19:30:00+00:00,gdelt:weeklyblitz.net,EU imports record volumes of Russian LNG ahead of planned 2027 ban,,https://weeklyblitz.net/2026/07/16/eu-imports-record-volumes-of-russian-lng-ahead-of-planned-2027-ban/
RELIANCE,NSE,2026-07-15 20:00:00+00:00,gdelt:theindianawaaz.com,Cabinet Clears ₹1 . 27 Lakh - Crore Semicon 2 . 0 Mission to Accelerate India Semiconductor Ecosystem – The Indian Awaaz,,https://theindianawaaz.com/cabinet-clears-%E2%82%B91-27-lakh-crore-semicon-2-0-mission-to-accelerate-indias-semiconductor-ecosystem/
RELIANCE,NSE,2026-07-15 21:00:00+00:00,gdelt:finanznachrichten.de,Avalon Advanced Materials Inc .: Avalon Advanced Materials Announces Finnvera Letter of Interest Supporting Potential EUR 100 Million Financing for Metso Equipment and Services at Thunder Bay Lithium Processing Facility,,https://www.finanznachrichten.de/nachrichten-2026-07/69040074-avalon-advanced-materials-inc-avalon-advanced-materials-announces-finnvera-letter-of-interest-supporting-potential-eur-100-million-financing-for-met-296.htm
RELIANCE,NSE,2026-07-15 21:00:00+00:00,gdelt:digitaljournal.com,Why Canada should pay attention to Iridium new anti - spoofing navigation chip,,https://www.digitaljournal.com/article/why-canada-should-pay-attention-to-iridiums-new-anti-spoofing-navigation-chip/
RELIANCE,NSE,2026-07-15 21:15:00+00:00,gdelt:manilatimes.net,ETC Announces Fiscal 2027 First Quarter Results,,https://www.manilatimes.net/2026/07/16/tmt-newswire/globenewswire/etc-announces-fiscal-2027-first-quarter-results/2385433
RELIANCE,NSE,2026-07-15 21:15:00+00:00,gdelt:chimpreports.com,Museveni Commissions Military - Backed Meat and Beans Processing Factory in Gomba,,https://chimpreports.com/museveni-commissions-military-backed-meat-and-beans-processing-factory-in-gomba/
RELIANCE,NSE,2026-07-15 21:30:00+00:00,gdelt:indiagazette.com,Reliance Industrial Infrastructure Q1 net profit declines 8 . 4 % to Rs 2 . 84 crore on lower contract income,,http://www.indiagazette.com/news/279189663/reliance-industrial-infrastructure-q1-net-profit-declines-84-to-rs-284-crore-on-lower-contract-income
RELIANCE,NSE,2026-07-15 22:15:00+00:00,gdelt:finanznachrichten.de,"Dixie Gold Inc .: Dixie Gold Inc . Announces Appointment of Two New Directors , Corporate Secretary and CFO",,https://www.finanznachrichten.de/nachrichten-2026-07/69040396-dixie-gold-inc-dixie-gold-inc-announces-appointment-of-two-new-directors-corporate-secretary-and-cfo-296.htm
RELIANCE,NSE,2026-07-15 22:30:00+00:00,gdelt:stockhouse.com,"2026 - 07 - 15 | Dixie Gold Inc . Announces Appointment of Two New Directors , Corporate Secretary and CFO | TSXV : DG",,https://stockhouse.com/news/press-releases/2026/07/15/dixie-gold-inc-announces-appointment-of-two-new-directors-corporate-secretary
RELIANCE,NSE,2026-07-15 22:45:00+00:00,gdelt:azosensors.com,"Smarter Sensors , Less Data : How Edge AI Changes Connectivity",,https://www.azosensors.com/article.aspx?ArticleID=3337
RELIANCE,NSE,2026-07-15 23:00:00+00:00,gdelt:timesofindia.indiatimes.com,"Kudankulam Nuclear Plant : Kudankulam nuclear plant data breached , NPCIL says core systems untouched | India News",,https://timesofindia.indiatimes.com/india/kudankulam-nuclear-plant-data-breached-npcil-says-core-systems-untouched/articleshow/132425150.cms
RELIANCE,NSE,2026-07-15 23:30:00+00:00,gdelt:muscatdaily.com,Papaya farming shows promise for agricultural diversification,,https://www.muscatdaily.com/2026/07/15/papaya-farming-shows-promise-for-agricultural-diversification/
RELIANCE,NSE,2026-07-17 00:00:00+00:00,gdelt:wenweipo.com,港投公司賺64億增1 . 75倍 陳茂波 ： 以飛輪效應為經濟注入活力 - 財經,,https://www.wenweipo.com/a/202607/17/AP6a596baae4b0b49ad1c3b216.html
RELIANCE,NSE,2026-07-17 00:15:00+00:00,gdelt:itbrief.co.nz,Networks take the wheel as AI moves from hype to reality,,https://itbrief.co.nz/story/networks-take-the-wheel-as-ai-moves-from-hype-to-reality
RELIANCE,NSE,2026-07-17 00:15:00+00:00,gdelt:oilprice.com,The No . 1 Commodity Story of the Year Is Flying Under Wall Street Radar,,https://oilprice.com/Energy/Energy-General/The-No1-Commodity-Story-of-the-Year-Is-Flying-Under-Wall-Streets-Radar.html
RELIANCE,NSE,2026-07-17 00:45:00+00:00,gdelt:latintimes.com,President Trump Says U . S . Needs More Magnets to Reduce Reliance on China in Defense Manufacturing,,https://www.latintimes.com/president-trump-says-us-needs-more-magnets-reduce-reliance-china-defense-manufacturing-598254
RELIANCE,NSE,2026-07-17 00:45:00+00:00,gdelt:naturalnews.com,U . S . Graphene Production Just Got a 360 - Ton Boost with New Factory in Texas – NaturalNews . com,,https://www.naturalnews.com/2026-07-16-us-graphene-production-boost-new-factory-texas.html
RELIANCE,NSE,2026-07-17 01:00:00+00:00,gdelt:livemint.com,"Adani , Reliance , Birla , Vedanta , Jindal among suitors for Odisha prized Karlapat bauxite block",,https://www.livemint.com/companies/adani-reliance-birla-vedanta-jindal-suitors-for-odisha-karlapat-bauxite-block-aluminium-11784201324841.html
RELIANCE,NSE,2026-07-17 01:00:00+00:00,gdelt:dailypioneer.com,"Sensex Ends Flat , Nifty Slips as IT Gains Offset Profit Booking in Banking and Reliance Stocks",,https://dailypioneer.com/news/stock-markets-close-flat-amid-uncertainties
RELIANCE,NSE,2026-07-17 01:30:00+00:00,gdelt:mondaq.com,First District Court Upholds San Ramon Infill Housing Approval And Clarifies Limits Of General Plan Consistency Challenges,,https://www.mondaq.com/unitedstates/real-estate/1818648/first-district-court-upholds-san-ramon-infill-housing-approval-and-clarifies-limits-of-general-plan-consistency-challenges
RELIANCE,NSE,2026-07-17 01:45:00+00:00,gdelt:techtimes.com,Australia Rejects AI Copyright Carve - Out : PM Calls Unlicensed Training Theft,,https://www.techtimes.com/articles/320755/20260716/australia-rejects-ai-copyright-carve-out-pm-calls-unlicensed-training-theft.htm
RELIANCE,NSE,2026-07-17 03:00:00+00:00,gdelt:moneycontrol.com,"Stocks to Watch Today : Tech Mahindra , WeWork India , Borosil Renewables , Servotech Renewable , Maruti Suzuki , Laser Power in focus on 17 July",,https://www.moneycontrol.com/news/business/markets/stocks-to-watch-today-tech-mahindra-wework-india-borosil-renewables-servotech-renewable-maruti-suzuki-laser-power-in-focus-on-17-july-13976110.html
RELIANCE,NSE,2026-07-17 03:00:00+00:00,gdelt:timesofindia.indiatimes.com,"Top stocks to buy today : Stock recommendations for July 17 , 2026 - check list",,https://timesofindia.indiatimes.com/business/india-business/top-stocks-to-buy-today-stock-recommendations-for-july-17-2026-adani-power-indusind-bank-check-list/articleshow/132440304.cms
RELIANCE,NSE,2026-07-17 04:00:00+00:00,gdelt:livemint.com,Saudi Arabia was in the midst of transformation . Then came the Iran war .,,https://www.livemint.com/global/saudi-arabia-was-in-the-midst-of-transformation-then-came-the-iran-war-11784252218534.html
RELIANCE,NSE,2026-07-17 04:00:00+00:00,gdelt:livemint.com,Q1 results today 2026 : RIL to Federal Bank among companies to declare Q1 earnings on 17 July ; full list here,,https://www.livemint.com/market/stock-market-news/q1-results-today-2026-ril-to-federal-bank-among-companies-to-declare-q1-earnings-on-17-july-full-list-here-11784256345664.html
RELIANCE,NSE,2026-07-17 04:00:00+00:00,gdelt:livemint.com,"Stocks to watch : Reliance Industries , Wipro , CEAT among shares in focus today ; check list here",,https://www.livemint.com/market/stock-market-news/stocks-to-watch-reliance-industries-wipro-ceat-among-shares-in-focus-today-check-list-here-11784221922148.html
RELIANCE,NSE,2026-07-17 04:15:00+00:00,gdelt:rttnews.com,Indian Shares Set For Cautious Open,,https://www.rttnews.com/3667816/indian-shares-set-for-cautious-open.aspx
RELIANCE,NSE,2026-07-17 04:30:00+00:00,gdelt:idrw.org,NPCIL statement on Drawings / Data leak through breach at M / s . Reliance Infra Limited with respect to Kudankulam Nuclear Power Project ( KKNPP ),,https://idrw.org/npcil-statement-on-drawings-data-leak-through-breach-at-m-s-reliance-infra-limited-with-respect-to-kudankulam-nuclear-power-project-kknpp/
RELIANCE,NSE,2026-07-17 04:30:00+00:00,gdelt:moneycontrol.com,"GIFT Nifty signals flat start for Sensex , Nifty as investors await Q1 earnings ; high oil prices cap sentiment",,https://www.moneycontrol.com/news/business/markets/gift-nifty-signals-flat-start-for-sensex-nifty-as-investors-await-q1-earnings-high-oil-prices-cap-sentiment-13976236.html
RELIANCE,NSE,2026-07-17 04:30:00+00:00,gdelt:moneycontrol.com,"Sensex jumps 500 points , Nifty up over 0 . 5 %; IT stocks , Reliance among key factors lifting Indian markets today",,https://www.moneycontrol.com/news/business/markets/sensex-jumps-500-points-nifty-up-over-0-5-it-stocks-reliance-among-key-factors-lifting-indian-markets-today-13976384.html
RELIANCE,NSE,2026-07-17 05:00:00+00:00,gdelt:thehindubusinessline.com,"Stock Market Today Live , July 17 : Sensex surges nearly 600 points ; Nifty reclaims 24 , 200 as IT stocks rally",,https://www.thehindubusinessline.com/markets/sensex-nifty50-today-stock-market-live-updates-17th-july-2026/article71229818.ece
RELIANCE,NSE,2026-07-17 05:00:00+00:00,gdelt:economictimes.indiatimes.com,RIL Q1 strategy : How to trade Reliance Industries shares ahead of June quarter earnings ?,,https://economictimes.indiatimes.com/markets/stocks/earnings/ril-q1-strategy-how-to-trade-reliance-industries-shares-ahead-of-june-quarter-earnings/articleshow/132452163.cms
RELIANCE,NSE,2026-07-17 05:00:00+00:00,gdelt:economictimes.indiatimes.com,Best arbitrage mutual funds to invest in July 2026,,https://economictimes.indiatimes.com/mf/analysis/best-arbitrage-mutual-funds-to-invest-in-july-2026/articleshow/132452060.cms
RELIANCE,NSE,2026-07-17 05:00:00+00:00,gdelt:thehindubusinessline.com,"Q1 Results 17th July Live : Reliance Industries , JSW Steel , Havells , Oberoi Realty , Tata Tech to announce Q1 results , Wipro , Tech Mahindra , Jio , ITC Hotels , CEAT , Polycab , BHEL shares in focus",,https://www.thehindubusinessline.com/markets/q1-results-today-live-updates-reliance-industries-jsw-steel-tata-tech-turtlemint-havells-poonawalla-navkar-wipro-jio-financial-tech-mahindra-bhel-itc-results-17-july-2026/article71229272.ece
RELIANCE,NSE,2026-07-17 05:00:00+00:00,gdelt:thehindubusinessline.com,"IT stocks power Nifty higher ; crude , Rupee pressure cap gains",,https://www.thehindubusinessline.com/markets/it-stocks-power-nifty-higher-crude-rupee-pressure-cap-gains/article71232687.ece
RELIANCE,NSE,2026-07-17 05:00:00+00:00,gdelt:sb.by,В Беларуси реализуется комплекс мер по дальнейшему улучшению бизнес - среды,,https://www.sb.by/articles/v-sektore-malogo-i-srednego-predprinimatelstva-zanyato-1-7-milliona-chelovek.html
RELIANCE,NSE,2026-07-17 05:15:00+00:00,gdelt:navbharattimes.indiatimes.com,"Share Market Opening : रिलायंस के रिजल्ट से शेयर बाजार में तेजी , सेंसेक्स 700 अंक उछला , रुपया भी हुआ मजबूत",,https://navbharattimes.indiatimes.com/business/share-market/share-news/share-market-update-on-17-july-2026-bse-sensex-and-nse-nifty-trends-reliance-up-before-q1-result/articleshow/132452377.cms
RELIANCE,NSE,2026-07-17 05:30:00+00:00,gdelt:moneycontrol.com,"Why foreign investors are buying India again , and why they are still not all in",,https://www.moneycontrol.com/news/business/markets/why-foreign-investors-are-buying-india-again-and-why-they-are-still-not-all-in-13976286.html
RELIANCE,NSE,2026-07-17 05:30:00+00:00,gdelt:economictimes.indiatimes.com,"Planning retirement & child education through mutual funds ? Expert explains SWP , taxation , portfolio rebalancing",,https://economictimes.indiatimes.com/mf/analysis/planning-retirement-childs-education-through-mutual-funds-expert-explains-swp-taxation-portfolio-rebalancing/articleshow/132452457.cms
RELIANCE,NSE,2026-07-17 05:30:00+00:00,gdelt:economictimes.indiatimes.com,"Q1 Results today : Reliance Industries , JSW Steel among 33 companies announcing June quarter earnings . What to expect ?",,https://economictimes.indiatimes.com/markets/stocks/news/q1-results-today-reliance-industries-jsw-steel-among-33-companies-announcing-june-quarter-earnings-what-to-expect/articleshow/132452648.cms
RELIANCE,NSE,2026-07-17 06:00:00+00:00,gdelt:thehindu.com,Nifty and Sensex rally in early trade propelled by buying in IT firms,,https://www.thehindu.com/business/markets/nifty-and-sensex-rally-in-early-trade-propelled-by-buying-in-it-firms/article71232784.ece
RELIANCE,NSE,2026-07-17 06:00:00+00:00,gdelt:rediff.com,"Indian Stock Market Rallies : Tech Mahindra Q1 Profit Lifts IT Shares , Sensex Nifty Up",,https://www.rediff.com/business/report/indian-stock-market-rallies-on-july-17-tech-mahindra-q1-profit-lifts-it-shares-sensex-nifty-up/20260717.htm
RELIANCE,NSE,2026-07-17 06:15:00+00:00,gdelt:businesstoday.in,"RIL shares jump , add Rs 37 , 000 crore in m cap : Q1 results 2026 preview",,https://www.businesstoday.in/markets/stocks/story/ril-shares-jump-add-rs-37000-crore-in-m-cap-q1-results-2026-preview-543545-2026-07-17
RELIANCE,NSE,2026-07-17 06:15:00+00:00,gdelt:livemint.com,"Reliance Industries Q1 Results LIVE : Here what brokerages expect from the Mukesh Ambani company - Jio , Retail in focus",,https://www.livemint.com/market/stock-market-news/reliance-industries-q1-results-2026-live-ril-q1-preview-ril-results-jio-ril-share-reliance-q1-preview-ril-q1fy27-11784264173532.html
RELIANCE,NSE,2026-07-17 06:30:00+00:00,gdelt:allafrica.com,Africa : Beyond the Supply Chain - South Africa China Dilemma,,https://allafrica.com/stories/202607170046.html
RELIANCE,NSE,2026-07-17 06:30:00+00:00,gdelt:timesofindia.indiatimes.com,"Stock market rally : Sensex rises over 750 points , Nifty50 crosses 24 , 250 - top reasons for rise",,https://timesofindia.indiatimes.com/business/india-business/stock-market-rally-today-july-17-2026-bse-sensex-rises-nifty50-top-reasons-why-market-is-up/articleshow/132453953.cms
RELIANCE,NSE,2026-07-17 07:00:00+00:00,gdelt:patrika.com,"Jio Financial Share Price : RIL , HCL Tech और टेक महिंद्रा समेत इन शेयरों में आई अच्छी तेजी , जानिए क्या है PE रेश्यो | Hcl Tech Jio Financial Kotak Mahindra Reliance Industries And Tech Mahindra Share Price Rise",,https://www.patrika.com/business-news/hcl-tech-jio-financial-kotak-mahindra-reliance-industries-and-tech-mahindra-share-price-rise-20754482
RELIANCE,NSE,2026-07-17 07:00:00+00:00,gdelt:investegate.co.uk,Strategic MOU Signed with Portsmouth Aviation | Company Announcement,,https://www.investegate.co.uk/announcement/rns/metir-plc--met/strategic-mou-signed-with-portsmouth-aviation/9673540
RELIANCE,NSE,2026-07-17 07:00:00+00:00,gdelt:indiablooms.com,"Stock Market opens with a bang ! Sensex soars 350+ points , Nifty races ahead | Indiablooms - First Portal on Digital News Management",,https://www.indiablooms.com/finance/stock-market-opens-with-a-bang-sensex-soars-350-points-nifty-races-ahead/details
RELIANCE,NSE,2026-07-17 07:00:00+00:00,gdelt:siliconindia.com,"India Should Rethink China Investment Policy , Says PMEAC Member",,https://www.siliconindia.com/news/general/india-should-rethink-china-investment-policy-says-pmeac-member-nid-241550-cid-1.html
RELIANCE,NSE,2026-07-17 07:00:00+00:00,gdelt:tribuneindia.com,Stock markets rally in early trade propelled by buying in IT firms,,https://www.tribuneindia.com/news/business/stock-markets-rally-in-early-trade-propelled-by-buying-in-it-firms/
RELIANCE,NSE,2026-07-17 07:00:00+00:00,gdelt:prabhasakshi.com,domestic markets rally in early trade driven by buying in it company shares - Prabhasakshi latest news in hindi,,https://www.prabhasakshi.com/business/domestic-markets-rally-in-early-trade-driven-by-buying-in-it-company-shares
RELIANCE,NSE,2026-07-17 08:15:00+00:00,gdelt:portal.sina.com.hk,以實幹作答 用實績交卷,,https://portal.sina.com.hk/news-china/sina/2026/07/17/1857125/%E4%BB%A5%E5%AF%A6%E5%B9%B9%E4%BD%9C%E7%AD%94-%E7%94%A8%E5%AF%A6%E7%B8%BE%E4%BA%A4%E5%8D%B7/
RELIANCE,NSE,2026-07-17 08:15:00+00:00,gdelt:businesstoday.in,"Reliance Jio Q1 Preview : PAT , subscriber growth , ARPU , Jio Platforms IPO roadmap in focus",,https://www.businesstoday.in/markets/stocks/story/reliance-jio-q1-preview-pat-subscriber-growth-arpu-jio-platforms-ipo-roadmap-in-focus-543564-2026-07-17
RELIANCE,NSE,2026-07-17 08:15:00+00:00,gdelt:itbusinessnet.com,AITX RAD Receives Five - Vehicle ROAMEO Order from Global Mining and Natural Resources Company – IT Business Net,,https://itbusinessnet.com/2026/07/aitxs-rad-receives-five-vehicle-roameo-order-from-global-mining-and-natural-resources-company/
RELIANCE,NSE,2026-07-17 08:30:00+00:00,gdelt:allafrica.com,Uganda : Museveni Says Reliable Markets Key to Driving Uganda Industrial Growth,,https://allafrica.com/stories/202607170039.html
RELIANCE,NSE,2026-07-17 08:45:00+00:00,gdelt:economictimes.indiatimes.com,RIL investors lose Rs 3 . 5 lakh crore this year . Can Q1 earnings bring the stock back to life ?,,https://economictimes.indiatimes.com/markets/stocks/news/ril-investors-lose-rs-3-5-lakh-crore-this-year-can-q1-earnings-bring-the-stock-back-to-life/articleshow/132452203.cms
RELIANCE,NSE,2026-07-17 09:00:00+00:00,gdelt:moneycontrol.com,Reliance Industries promoters raise stake to 50 . 48 %; stock gains 2 % ahead of Q1 results,,https://www.moneycontrol.com/news/business/markets/reliance-industries-promoters-raise-stake-to-50-48-stock-gains-2-ahead-of-q1-results-13976684.html
RELIANCE,NSE,2026-07-17 09:00:00+00:00,gdelt:freepressjournal.in,"Reliance Promoters Raise Stake To 50 . 48 % Through Market Purchases , Signalling Long - Term Growth Confidence",,https://www.freepressjournal.in/business/reliance-promoters-raise-stake-to-5048-through-market-purchases-signalling-long-term-growth-confidence
RELIANCE,NSE,2026-07-17 10:30:00+00:00,gdelt:stockhouse.com,"2026 - 07 - 17 | Datavault AI Announces Tokenization of Available Infrastructure Project Qestrel Fleet , Creating a Potential $1 Billion in $QEST Utility Tokens for Sovereign , Cybersecure , Edge AI Super Compute | NDAQ : DVLT",,https://stockhouse.com/news/press-releases/2026/07/17/datavault-ai-announces-tokenization-of-available-infrastructure-s-project
RELIANCE,NSE,2026-07-17 10:30:00+00:00,gdelt:rediff.com,"Reliance Industries Q1 FY27 Earnings : Brokerages Project Strong Growth in O2C , Retail , and Jio",,https://www.rediff.com/business/report/reliance-industries-q1-fy27-earnings-brokerages-project-strong-growth-in-o2c-retail-and-jio/20260717.htm
RELIANCE,NSE,2026-07-17 10:30:00+00:00,gdelt:freepressjournal.in,"Sensex Soars Over 1 , 000 Points , Here What Defied Hormuz And Crude Fears ?",,https://www.freepressjournal.in/business/sensex-soars-over-1000-points-heres-what-defied-hormuz-and-crude-fears
RELIANCE,NSE,2026-07-17 10:30:00+00:00,gdelt:stockhouse.com,2026 - 07 - 17 | Argo Graphene Solutions Appoints Dr . Vikas Berry as Chief Executive Officer | CSE : ARGO,,https://stockhouse.com/news/press-releases/2026/07/17/argo-graphene-solutions-appoints-dr-vikas-berry-as-chief-executive-officer
RELIANCE,NSE,2026-07-17 10:45:00+00:00,gdelt:itnewsonline.com,Leidos and DHL form alliance to strengthen the future of united kingdom Defence logistics,,https://www.itnewsonline.com/PRNewswire/Leidos-and-DHL-form-alliance-to-strengthen-the-future-of-UK-Defence-logistics/1137724
RELIANCE,NSE,2026-07-17 11:15:00+00:00,gdelt:it-online.co.za,SA the most future - ready economy on the continent,,https://it-online.co.za/2026/07/17/sa-the-most-future-ready-economy-on-the-continent/
RELIANCE,NSE,2026-07-17 11:30:00+00:00,gdelt:wyomingnews.com,"Spotlight on U . S . Senate , Republican ( Part 2 )",,http://www.wyomingnews.com/news/local_news/spotlight-on-u-s-senate-republican-part-2/article_edc78a3e-0bc9-4c17-ab10-71c9fff4453d.html
RELIANCE,NSE,2026-07-17 12:00:00+00:00,gdelt:hindi.moneycontrol.com,"GIFT Nifty indicators : ग्लोबल बाजारों में दबाव के बीच क्या भारतीय बाजार दिखा सकते है कमाल , जानिए आज कैसी रहेगी सेंसेक्स - निफ्टी की चाल",,https://hindi.moneycontrol.com/news/markets/gift-nifty-indicators-can-indian-markets-perform-well-amid-pressure-in-global-markets-know-how-sensex-nifty-will-move-today-2420514.html
RELIANCE,NSE,2026-07-17 12:00:00+00:00,gdelt:governancenow.com,India gets the first hydrogen train,,http://www.governancenow.com/news/regular-story/india-gets-the-first-hydrogen-train
RELIANCE,NSE,2026-07-17 12:00:00+00:00,gdelt:hindi.moneycontrol.com,"Stock Market Rally : शाइनिंग शुक्रवार , सेंसेक्स 965 अंक चढ़कर बंद ; निफ्टी 24300 के पार , निवेशकों पर बरसे ₹81698 करोड़",,https://hindi.moneycontrol.com/news/markets/stock-market-rally-sensex-rises-965-points-nifty-above-24300-mark-investors-wealth-increased-by-rs-81698-crore-2420695.html
RELIANCE,NSE,2026-07-17 12:15:00+00:00,gdelt:bjreview.com,China H1 growth holds steady as new engines emerge -- Beijing Review,,http://www.bjreview.com/Business/202607/t20260717_800442177.html
RELIANCE,NSE,2026-07-17 12:15:00+00:00,gdelt:thehindu.com,Stock markets surge on buying in blue - chips ; Sensex jumps 965 points,,https://www.thehindu.com/business/markets/stock-markets-surge-on-buying-in-blue-chips-sensex-jumps-965-points/article71233769.ece
RELIANCE,NSE,2026-07-17 12:30:00+00:00,gdelt:moneycontrol.com,"Nasdaq futures fall 2 % amid sharp selling in chip stocks ; Netflix , SpaceX decline up to 11 %",,https://www.moneycontrol.com/news/business/markets/nasdaq-futures-fall-2-amid-sharp-selling-in-chip-stocks-netflix-spacex-decline-up-to-11-13976906.html
RELIANCE,NSE,2026-07-17 13:30:00+00:00,gdelt:palpalindia.com,"शेयर मार्केट में तेजी : सेंसेक्स 964 अंक , निफ्टी भी 261 अंक चढ़ा , बैंकिंग और आईटी - ऑटो शेयरों में ज्यादा खरीदारी",,https://www.palpalindia.com/2026/07/17/karobar-Indian-stock-market-Sensex-up-964-points-Nifty-up-261-points-banking-and-IT-auto-stocks.html
RELIANCE,NSE,2026-07-17 13:30:00+00:00,gdelt:hindi.business-standard.com,"Closing Bell | Stock Market Today : शेयर बाजार हरे निशान के साथ बंद , सेंसेक्स 965 अंक उछला , निफ्टी 24 , 334 के पार ; IT , बैंक , ऑटो चमके - stock market live updates on july 17 2026 sensex nifty today top gainers top losers",,https://hindi.business-standard.com/markets/stock-market-live-updates-on-july-17-2026-sensex-nifty-today-top-gainers-top-losers-id-537568/
RELIANCE,NSE,2026-07-17 13:30:00+00:00,gdelt:stockhouse.com,"2026 - 07 - 17 | Huadi International Group Co ., Ltd . Announces Receipt of Nasdaq Notification Regarding Minimum Bid Price Deficiency | NDAQ : HUDI",,https://stockhouse.com/news/press-releases/2026/07/17/huadi-international-group-co-ltd-announces-receipt-of-nasdaq-notification
RELIANCE,NSE,2026-07-17 13:30:00+00:00,gdelt:moneycontrol.com,Why were Indian markets resilient today despite selloff across global markets ? Here what an analyst says,,https://www.moneycontrol.com/news/business/markets/why-were-indian-markets-resilient-today-despite-selloff-across-global-markets-heres-what-an-analyst-says-13976958.html
RELIANCE,NSE,2026-07-17 14:00:00+00:00,gdelt:thehindu.com,Markets up 1 % as investors buy IT and private bank stocks,,https://www.thehindu.com/business/markets-up-1-as-investors-buy-it-and-private-bank-stocks/article71234098.ece
RELIANCE,NSE,2026-07-17 14:15:00+00:00,gdelt:sierraleonetimes.com,US minerals push hits Ebola roadblock in DR Congo,,http://www.sierraleonetimes.com/news/279193616/us-minerals-push-hits-ebola-roadblock-in-dr-congo-reuters
RELIANCE,NSE,2026-07-17 14:45:00+00:00,gdelt:navbharattimes.indiatimes.com,"Reliance Industries Q1 Results : मुकेश अंबानी की रिलायंस का धमाकेदार रिजल्ट , रेवेन्यू ₹340000 करोड़ के पार , जानिए किन कारोबारों ने बढ़ाया मुनाफा",,https://navbharattimes.indiatimes.com/business/business-news/reliance-industries-ltd-q1-results-fy-2027-know-company-growth-and-ril-share-price/articleshow/132461192.cms
RELIANCE,NSE,2026-07-17 14:45:00+00:00,gdelt:economictimes.indiatimes.com,Reliance Jio ARPU rises to Rs 215 . 6 as subscriber base crosses 533 million in Q1FY27,,https://economictimes.indiatimes.com/industry/telecom/telecom-news/reliance-jios-arpu-rises-to-rs-215-6-as-subscriber-base-crosses-533-million-in-q1fy27/articleshow/132463224.cms
RELIANCE,NSE,2026-07-17 15:00:00+00:00,gdelt:investegate.co.uk,Fundraising | Company Announcement,,https://www.investegate.co.uk/announcement/rns/bradda-head-lithium-limited-npv-di---bhl/fundraising/9675508
RELIANCE,NSE,2026-07-17 15:00:00+00:00,gdelt:timesofindia.indiatimes.com,"Reliance profit falls 22 %, core businesses remain resilient",,https://timesofindia.indiatimes.com/business/india-business/reliance-profit-falls-22-core-businesses-remain-resilient/articleshow/132463600.cms
RELIANCE,NSE,2026-07-17 15:15:00+00:00,gdelt:chennaionline.com,"Wipro announces results for the Quarter ended June 30 , 2026 – Chennaionline",,https://www.chennaionline.com/news/wipro-announces-results-for-the-quarter-ended-june-30-2026/
RELIANCE,NSE,2026-07-17 15:15:00+00:00,gdelt:rediff.com,Reliance Industries Q1 Net Profit Dips 22 % Amid Asian Paints Stake Sale Impact,,https://www.rediff.com/business/report/reliance-industries-q1-net-profit-dips-22-amid-asian-paints-stake-sale-impact/20260717.htm
RELIANCE,NSE,2026-07-17 15:15:00+00:00,gdelt:adgully.com,Reliance strengthens Corporate Affairs leadership with Bhaven Bhatt appointment,,https://www.adgully.com/post/18166/reliance-strengthens-corporate-affairs-leadership-with-bhaven-bhatts-appointment
RELIANCE,NSE,2026-07-17 15:15:00+00:00,gdelt:adgully.com,"Jio Financial Services Q1 net profit jumps 156 % to ₹830 crore as revenue tops ₹2 , 000 crore",,https://www.adgully.com/post/18168/jio-financial-services-q1-net-profit-jumps-156-to-inr830-crore-as-revenue-tops-inr2000-crore
RELIANCE,NSE,2026-07-17 15:15:00+00:00,gdelt:naija247news.com,Dangote Closes In On $2 . 5bn Private Share Sale Ahead Of Landmark Refinery IPO,,https://naija247news.com/dangote-closes-in-on-2-5bn-private-share-sale-ahead-of-landmark-refinery-ipo/
RELIANCE,NSE,2026-07-17 15:15:00+00:00,gdelt:rediff.com,"Indian Stock Market Surges : Sensex Jumps 965 Points on Blue - Chip , IT , Banking Rally",,https://www.rediff.com/business/report/indian-stock-market-surges-sensex-jumps-965-points-on-blue-chip-it-banking-rally/20260717.htm
RELIANCE,NSE,2026-07-17 15:15:00+00:00,gdelt:deccanchronicle.com,"CM Naidu Meets Nirmala Sitharaman , Seeks Centre Support To Reduce Shrimp Feed Costs",,https://www.deccanchronicle.com/southern-states/andhra-pradesh/cm-naidu-meets-nirmala-sitharaman-seeks-centres-support-to-reduce-shrimp-feed-costs-1971755
RELIANCE,NSE,2026-07-17 15:30:00+00:00,gdelt:hindi.moneycontrol.com,"Reliance Industries Q1 Results : रिलायंस इंडस्ट्रीज का बाजार की उम्मीद से बेहतर प्रदर्शन , सभी बिजनेसेज की ग्रोथ डबल डिजिट में रही",,https://hindi.moneycontrol.com/news/markets/reliance-industries-q1-results-consolidated-revenue-reaches-rupees-3-4-lakh-crores-with-25-percent-growth-2420747.html
RELIANCE,NSE,2026-07-17 15:30:00+00:00,gdelt:webwire.com,Viasat demonstrates first integrated automotive satellite voice call capability with BMW Group,,https://www.webwire.com/ViewPressRel.asp?aId=357829
RELIANCE,NSE,2026-07-17 15:30:00+00:00,gdelt:loksatta.com,"Reliance Q1 Results : RIL Net Profit Jumps to Rs 23 , 196 Crore | रिलायन्सचा पहिल्या तिमाहीत विक्रमी नफा",,https://www.loksatta.com/business/reliance-industries-q1-results-net-profit-jio-retail-performance-print-eco-news-hsp-89-6025907/
RELIANCE,NSE,2026-07-17 15:30:00+00:00,gdelt:livehindustan.com,"22 % गिरा अंबानी की RIL का मुनाफा , रिटेल और टेलीकॉम कारोबार का ये रहा हाल",,https://www.livehindustan.com/business/mukesh-ambani-comoany-ril-net-profit-falls-22-percent-revenue-rises-detail-is-here-201784300504009.html
RELIANCE,NSE,2026-07-17 15:30:00+00:00,gdelt:orissapost.com,"Stock markets close flat amid geopolitical uncertainties , fluctuating oil prices",,https://www.orissapost.com/stock-markets-close-flat-amid-geopolitical-uncertainties-fluctuating-oil-prices/
RELIANCE,NSE,2026-07-17 15:30:00+00:00,gdelt:icelandreview.com,Commercial Whaling in Iceland | An Industry at a Crossroads,,https://www.icelandreview.com/in-focus/commercial-whaling-in-iceland-an-industry-at-a-crossroads/
RELIANCE,NSE,2026-07-17 15:30:00+00:00,gdelt:wri.org,STATEMENT : European Commission Sets 46 % Electrification Target Alongside Carbon Market Reform,,https://www.wri.org/news/statement-european-commission-sets-46-electrification-target-alongside-carbon-market-reform
RELIANCE,NSE,2026-07-17 15:45:00+00:00,gdelt:news.webindia123.com,"Reliance Industries Q1 revenue jumps 24 . 5 % to Rs 3 . 4 lakh crore , recurring PAT climbs 6 %",,https://news.webindia123.com/news/Articles/Business/20260717/4476018.html
RELIANCE,NSE,2026-07-17 16:00:00+00:00,gdelt:rttnews.com,Reliance Industries Q1 Profit Falls Despite Higher Revenue,,https://www.rttnews.com/3668127/reliance-industries-q1-profit-falls-despite-higher-revenue.aspx
RELIANCE,NSE,2026-07-17 16:00:00+00:00,gdelt:prokerala.com,"Reliance Industrie Q1 net profit drops 22 pc to Rs 20 , 946 crore",,https://www.prokerala.com/news/articles/a1789245.html
RELIANCE,NSE,2026-07-17 16:00:00+00:00,gdelt:dailynews.co.tz,Why artisans deserve a place in our development agenda amid a wider tax base,,https://dailynews.co.tz/why-artisans-deserve-a-place-in-our-development-agenda-amid-a-wider-tax-base/
RELIANCE,NSE,2026-07-17 16:00:00+00:00,gdelt:prokerala.com,Significant portion of Bangladesh future workforce being shaped through madrasas : Report,,https://www.prokerala.com/news/articles/a1789259.html
RELIANCE,NSE,2026-07-17 16:45:00+00:00,gdelt:livemint.com,"Jio Platforms profit rises 9 . 2 % to ₹7 , 764 crore in Q1FY27 , earnings grow 15 % YoY Check key takeaways here",,https://www.livemint.com/companies/company-results/jio-platforms-key-takeaways-q1fy27-profit-rises-9-2-pc-rs-7764-crore-earnings-grow-15-pc-yoy-public-listing-dhrp-ambani-11784300317014.html
RELIANCE,NSE,2026-07-17 16:45:00+00:00,gdelt:stockhouse.com,2026 - 07 - 17 | Emerita Announces CFO Transition | TSXV : EMO,,https://stockhouse.com/news/press-releases/2026/07/17/emerita-announces-cfo-transition
RELIANCE,NSE,2026-07-17 16:45:00+00:00,gdelt:moneycontrol.com,"Reliance Consumer tops Rs 8 , 600 crore in gross revenue in Q1 , takes beverage brands to Australia , Africa",,https://www.moneycontrol.com/news/business/earnings/reliance-consumer-tops-rs-8-600-crore-in-gross-revenue-in-q1-takes-beverage-brands-to-australia-africa-13977098.html
RELIANCE,NSE,2026-07-17 17:00:00+00:00,gdelt:bhaskar.com,"Reliance Industries Q1 Results | Revenue Hits Record High , Profit Declines",,https://www.bhaskar.com/g/business/news/reliance-industries-q1-results-revenue-profit-update-2026-138467399.html
RELIANCE,NSE,2026-07-17 17:15:00+00:00,gdelt:moneycontrol.com,Reliance Industries makes steady start to FY27 with strong operating performance across segments : 10 key highlights,,https://www.moneycontrol.com/news/business/earnings/reliance-industries-makes-steady-start-to-fy27-with-strong-operating-performance-across-segments-10-key-highlights-13977001.html
RELIANCE,NSE,2026-07-17 17:15:00+00:00,gdelt:newsday.co.zw,Proton Bakery invests US$20m to boost production - Newsday Zimbabwe,,https://www.newsday.co.zw/local-news/article/200058411/proton-bakery-invests-us20m-to-boost-production
RELIANCE,NSE,2026-07-17 17:15:00+00:00,gdelt:moneycontrol.com,"Reliance Retail sees stronger margins , cash generation from digital business in 2 years",,https://www.moneycontrol.com/news/business/earnings/reliance-retail-sees-stronger-margins-cash-generation-from-digital-business-in-2-years-13977071.html
RELIANCE,NSE,2026-07-17 17:30:00+00:00,gdelt:jewishpress.com,"Rice , Wheat , and the Tribes Who Stayed Behind",,https://jewishpress.com/rice-wheat-and-the-tribes-who-stayed-behind/
RELIANCE,NSE,2026-07-17 17:45:00+00:00,gdelt:montrealgazette.com,Emerita Announces CFO Transition,,https://montrealgazette.com/press-releases/globe-newswire/emerita-announces-cfo-transition/
RELIANCE,NSE,2026-07-17 18:00:00+00:00,gdelt:moneycontrol.com,RIL in talks with partners for more green ammonia supply deals after Samsung contract,,https://www.moneycontrol.com/news/business/earnings/ril-in-talks-with-partners-for-more-green-ammonia-supply-deals-after-samsung-contract-13977087.html
RELIANCE,NSE,2026-07-17 18:15:00+00:00,gdelt:hindi.business-standard.com,"Reliance Industries Q1 Results : रेवेन्यू 25 % उछला , लेकिन मुनाफा 22 . 3 फीसदी घटकर ₹20 , 946 करोड़ पर - reliance q1 net profit falls 22 percent despite revenue surge",,https://hindi.business-standard.com/companies/reliance-q1-net-profit-falls-22-percent-despite-revenue-surge-id-537778/
RELIANCE,NSE,2026-07-17 18:15:00+00:00,gdelt:hindi.business-standard.com,"Reliance Industries O2C Business : रिलायंस का धमाका : क्रूड के बढ़े दामों से O2C बिजनेस का रेवेन्यू 30 % उछला , ₹2 लाख करोड़ के पार - reliance o2c revenue surges 30 percent to lakh crores",,https://hindi.business-standard.com/companies/reliance-o2c-revenue-surges-30-percent-to-lakh-crores-id-537828/
RELIANCE,NSE,2026-07-17 18:15:00+00:00,gdelt:manilatimes.net,Clariant rejects Dow Europe allegations against four companies related to the 2020 competition law infringement,,https://www.manilatimes.net/2026/07/18/tmt-newswire/globenewswire/clariant-rejects-dow-europes-allegations-against-four-companies-related-to-the-2020-competition-law-infringement/2386759
RELIANCE,NSE,2026-07-17 18:15:00+00:00,gdelt:timminspress.com,From steel town to defence powerhouse : How Sault Ste . Marie could become Canada defence captial,,https://www.timminspress.com/feature/from-steel-town-to-defence-powerhouse-how-sault-ste-marie-could-become-canadas-defence-capital
RELIANCE,NSE,2026-07-17 18:15:00+00:00,gdelt:hindi.webdunia.com,"Jio True5G का जलवा जारी , 28 . 5 करोड़ ग्राहकों के साथ 5G मार्केट में और मजबूत हुई पकड़",,https://hindi.webdunia.com/it-news/jio-true5g-users-28-5-crore-5g-data-growth-india-126071700072_1.html
RELIANCE,NSE,2026-07-17 18:15:00+00:00,gdelt:hindi.business-standard.com,"Reliance Retail Q1 Results : नेट प्रॉफिट 14 % घटकर ₹2 , 805 करोड़ पर , लेकिन रेवेन्यू मोर्चे पर मजबूती बरकरार - reliance retail net profit drops 14 percent in q1",,https://hindi.business-standard.com/companies/reliance-retail-net-profit-drops-14-percent-in-q1-id-537830/
RELIANCE,NSE,2026-07-17 18:15:00+00:00,gdelt:hindi.business-standard.com,"Stock Market Today : बाजार में बंपर उछाल : सेंसेक्स - निफ्टी में एक महीने की सबसे बड़ी बढ़त , निवेशकों की संपत्ति ₹37 , 000 करोड़ बढ़ी - indian stock market registers biggest single day surge in a month",,https://hindi.business-standard.com/markets/indian-stock-market-registers-biggest-single-day-surge-in-a-month-id-537809
RELIANCE,NSE,2026-07-17 18:15:00+00:00,gdelt:hindi.business-standard.com,"Reliance Industries Q1 Results : मुनाफा 22 . 3 फीसदी घटकर ₹20 , 946 करोड़ पर , रेवेन्यू में 25 % का उछल - reliance q1 results profit down by 22 3 percent at rs 20946 crore",,https://hindi.business-standard.com/companies/reliance-q1-results-profit-down-by-22-3-percent-at-rs-20946-crore-id-537843/
RELIANCE,NSE,2026-07-17 18:15:00+00:00,gdelt:hindi.business-standard.com,"Jio Platforms Q1 Results : मुनाफा 9 . 2 % उछलकर ₹7 , 764 करोड़ पर , ₹रेवेन्यू 45 , 960 करोड़ के पार - jio platforms q1 results profit 9 2 jumps to rs 7764 crore",,https://hindi.business-standard.com/companies/telecom/jio-platforms-q1-results-profit-9-2-jumps-to-rs-7764-crore-id-537782/
RELIANCE,NSE,2026-07-17 18:15:00+00:00,gdelt:divyamarathi.bhaskar.com,Reliance Industries Q1 Results : Revenue Up 25 % & Profit Down 22 %,,https://divyamarathi.bhaskar.com/business/news/reliance-industries-q1-financial-results-profit-revenue-update-138467527.html
RELIANCE,NSE,2026-07-17 18:45:00+00:00,gdelt:theindianawaaz.com,"Sensex Soars Nearly 1 , 000 Pts , Nifty Reclaims 24 , 300 as Earnings Lift IT , Financial Stocks Despite Global Tensions – The Indian Awaaz",,https://theindianawaaz.com/sensex-soars-nearly-1000-pts-nifty-reclaims-24300-as-earnings-lift-it-financial-stocks-despite-global-tensions/
RELIANCE,NSE,2026-07-17 19:15:00+00:00,gdelt:machinedesign.com,Q & A : The AI - Robotics Convergence : Global Perspectives for Machine Builders,,https://www.machinedesign.com/markets/robotics/article/55391589/qa-the-ai-robotics-convergence-global-perspectives-for-machine-builders
RELIANCE,NSE,2026-07-17 20:00:00+00:00,gdelt:livemint.com,Reliance Retail Q1 net profit down 14 %; FMCG revenue doubles,,https://www.livemint.com/companies/company-results/reliance-retail-q1-net-profit-down-14-1-to-2-805-crore-doubles-fmcg-revenue-11784301716330.html
RELIANCE,NSE,2026-07-17 20:15:00+00:00,gdelt:rediff.com,RIL beats estimates with record quarterly EBITDA - Rediff . com Business,,https://www.rediff.com/business/report/reliance-industries-q1-yoy-net-profit-dips-22-amid-asian-paints-stake-sale-impact/20260717.htm
RELIANCE,NSE,2026-07-17 20:15:00+00:00,gdelt:vaartha.com,Jio Quarter Results : ఒక కస్టమర్ నుంచి జియో ఎంత సంపాదిస్తుంది ..?,,https://vaartha.com/business/reliance-jio-quarter-results-profit-hikes-9-6/744218/
RELIANCE,NSE,2026-07-17 20:45:00+00:00,gdelt:moneylife.in,Hot and Cold Stocks of Mutual Funds in June 2026,,https://moneylife.in/article/hot-and-cold-stocks-of-mutual-funds-in-june-2026/81056.html
RELIANCE,NSE,2026-07-17 23:00:00+00:00,gdelt:indiagazette.com,"Reliance Retail Q1 revenue rises 7 . 4 % to Rs 90 , 408 crore",,http://www.indiagazette.com/news/279194524/reliance-retail-q1-revenue-rises-74-to-rs-90408-crore
RELIANCE,NSE,2026-07-18 02:45:00+00:00,gdelt:bhaskar.com,RBI Plastic Notes Pilot Project Launch | Reliance Q1 Profit Declines,,https://www.bhaskar.com/g/business/news/rbi-plastic-note-pilot-project-reliance-q1-profit-drop-news-138471544.html
RELIANCE,NSE,2026-07-18 03:00:00+00:00,gdelt:dainiktribuneonline.com,मोदी ने दी सौगात हरियाणा में दौड़ी देश की पहली हाइड्रोजन ट्रेन,,https://www.dainiktribuneonline.com/news/nation/modi-gave-the-gift-of-the-countrys-first-hydrogen-train-running-in-haryana/
RELIANCE,NSE,2026-07-18 03:15:00+00:00,gdelt:tarunbharat.com,"Strong rally in the stock market on the final day , Friday .",,https://www.tarunbharat.com/strong-rally-in-the-stock-market-on-the-final-day-friday/
RELIANCE,NSE,2026-07-18 03:45:00+00:00,gdelt:thehindubusinessline.com,"Reliance Industries Q1 FY27 : Oil - to - Chemicals EBITDA up 17 %; solar , battery plans progress",,https://www.thehindubusinessline.com/companies/reliance-industries-q1-fy27-oil-to-chemicals-ebitda-rises-17-solar-and-battery-manufacturing-plans-advance/article71235762.ece
RELIANCE,NSE,2026-07-18 04:15:00+00:00,gdelt:livemint.com,"Q1 results 2026 : HDFC Bank to ICICI Bank , Axis Bank among companies to declare Q1 earnings today ; full list here",,https://www.livemint.com/market/stock-market-news/q1-results-2026-hdfc-bank-to-icici-bank-axis-bank-among-companies-to-declare-q1-earnings-today-18-july-full-list-here-11784312775848.html
RELIANCE,NSE,2026-07-18 04:15:00+00:00,gdelt:livemint.com,"Axis Bank Q1 preview : Profit , NII to stay healthy ; NIM likely to shrink due to deposit repricing , competitive funding",,https://www.livemint.com/market/stock-market-news/axis-bank-q1-preview-profit-nii-to-stay-healthy-nim-likely-to-shrink-due-to-deposit-repricing-competitive-funding-11784288726370.html
RELIANCE,NSE,2026-07-18 04:30:00+00:00,gdelt:pakistantelegraph.com,Asia - Pacific Community : Pakistan - China pharmaceutical cooperation to accelerate CPEC 2 . 0,,http://www.pakistantelegraph.com/news/279194832/asia-pacific-community-pakistan-china-pharmaceutical-cooperation-to-accelerate-cpec-20
RELIANCE,NSE,2026-07-18 05:15:00+00:00,gdelt:news.tuoitre.vn,"Toyota , Honda , MG ramp up manufacturing in Vietnam",,https://news.tuoitre.vn/toyota-honda-and-mg-ramp-up-manufacturing-in-vietnam-103260717221607955.htm
RELIANCE,NSE,2026-07-18 06:00:00+00:00,gdelt:telecom.economictimes.indiatimes.com,"Jio Platforms Reports 9 . 2 % Profit Growth in Q1FY27 with Increased ARPU , ETTelecom",,https://telecom.economictimes.indiatimes.com/news/industry/jio-platforms-reports-92-profit-growth-in-q1fy27-with-increased-arpu/132472472
RELIANCE,NSE,2026-07-18 06:15:00+00:00,gdelt:economictimes.indiatimes.com,Reliance Ops Revenue Hits Milestone with 25 % Jump,,https://economictimes.indiatimes.com/epaper/delhicapital/2026/jul/18/satet-front/reliance-ops-revenue-hits-milestone-with-25-jump/articleshow/132469898.cms
RELIANCE,NSE,2026-07-18 08:30:00+00:00,gdelt:kar-online.com,بخش ۴ – جمهوری اسلامی ؛ مرحله‌ای تازه در فرایند دولت – ملتِ در حال شدن !,,https://kar-online.com/117382/
RELIANCE,NSE,2026-07-18 08:30:00+00:00,gdelt:manilatimes.net,Rizen Estimates Launches Exclusive Booked Estimate Appointment Service to Replace Shared Leads for Home Service Contractors,,https://www.manilatimes.net/2026/07/18/tmt-newswire/globenewswire/rizen-estimates-launches-exclusive-booked-estimate-appointment-service-to-replace-shared-leads-for-home-service-contractors/2386900
RELIANCE,NSE,2026-07-18 08:45:00+00:00,gdelt:deshbandhu.co.in,रिलायंस इंडस्ट्रीज की पहली तिमाही के रेवेन्यू में 25 प्रतिशत की बढ़ोतरी | Reliance Industrie first - quarter revenue rises by 25 percent .,,https://www.deshbandhu.co.in/business/reliance-industries-first-quarter-revenue-rises-by-25-percent-310703
RELIANCE,NSE,2026-07-18 08:45:00+00:00,gdelt:internationaltimes.it,Sick Political Charlatans Still Lending Support to a Cult of Fascism,,https://internationaltimes.it/sick-political-charlatans-still-lending-support-to-a-cult-of-fascism/
RELIANCE,NSE,2026-07-18 08:45:00+00:00,gdelt:deshbandhu.co.in,भारतीय शेयर बाजार शानदार बढ़त के साथ हरे निशान में बंद | Indian stock markets closed in the green with impressive gains .,,https://www.deshbandhu.co.in/business/indian-stock-markets-closed-in-the-green-with-impressive-gains-310674
RELIANCE,NSE,2026-07-18 09:45:00+00:00,gdelt:freepressjournal.in,"ICICI Bank Q1 FY27 Net Profit Climbs To ₹15 , 440 Crore , Up 4 . 6 % QoQ",,https://www.freepressjournal.in/business/icici-banks-q1-fy27-net-profit-climbs-to-15440-crore-up-46-qoq
RELIANCE,NSE,2026-07-18 10:00:00+00:00,gdelt:orissadiary.com,Op Sindoor demonstrated India world - class defence readiness sharpened by Govt  Nation First  &  Forces First  resolve : Raksha Mantri,,https://orissadiary.com/op-sindoor-demonstrated-indias-world-class-defence-readiness-sharpened-by-govts-nation-first-forces-first-resolve-raksha-mantri/
RELIANCE,NSE,2026-07-18 10:15:00+00:00,gdelt:arabnews.com,"Key reforms could unlock stronger GCC - CCA trade , IMF says",,https://www.arabnews.com/node/2651381/business-economy
RELIANCE,NSE,2026-07-18 10:15:00+00:00,gdelt:economictimes.indiatimes.com,"Zero tolerance against terrorism is not merely statement for India , but a Line of Action : Rajnath Singh",,https://economictimes.indiatimes.com/news/defence/zero-tolerance-against-terrorism-is-not-merely-statement-for-india-but-a-line-of-action-rajnath/articleshow/132477567.cms
RELIANCE,NSE,2026-07-18 10:15:00+00:00,gdelt:madhyamam.com,സാമ്പത്തിക വെല്ലുവിളികൾക്കിടയിലും കുതിച്ച് റിലയൻസ് ; വരുമാനത്തിൽ 24 . 5 % വളർച്ച | Reliance jumps ahead despite economic challenges ; 24 . 5 % growth in revenue,,https://www.madhyamam.com/business/biz-news/reliance-jumps-ahead-despite-economic-challenges-245-growth-in-revenue-1538287
RELIANCE,NSE,2026-07-18 10:30:00+00:00,gdelt:orissapost.com,India taking zero - tolerance approach to terrorism : Rajnath Singh,,https://www.orissapost.com/india-taking-zero-tolerance-approach-to-terrorism-rajnath-singh/
RELIANCE,NSE,2026-07-18 10:30:00+00:00,gdelt:adgully.com,RIL posts 11 % jump in Q1 net profit,,https://www.adgully.com/post/18179/ril-posts-11-jump-in-q1-net-profit
RELIANCE,NSE,2026-07-18 10:30:00+00:00,gdelt:prokerala.com,"Leaders hail successful launch of Vikram - 1 , say it reflects potential of India space economy",,https://www.prokerala.com/news/articles/a1789493.html
RELIANCE,NSE,2026-07-18 10:30:00+00:00,gdelt:adgully.com,"Reliance Retail Q1 revenue rises 8 . 2 % to ₹79 , 745 crore ; net profit drops 14 . 2 %",,https://www.adgully.com/post/18185/reliance-retail-q1-revenue-rises-82-to-inr79745-crore-net-profit-drops-142
RELIANCE,NSE,2026-07-18 11:00:00+00:00,gdelt:riotimesonline.com,US - Brazil tariff fight : Washington demands chemical sector opening,,https://www.riotimesonline.com/us-brazil-tariff-fight-chemical-sector-2026/
RELIANCE,NSE,2026-07-18 11:00:00+00:00,gdelt:rediff.com,"India Midwest Ltd partners with Indonesia for critical minerals , rare earth supply chain",,https://www.rediff.com/business/report/indias-midwest-ltd-partners-with-indonesia-for-critical-minerals-rare-earth-supply-chain/20260718.htm
RELIANCE,NSE,2026-07-18 11:00:00+00:00,gdelt:aajsamaaj.com,"RIL Q1 Result : RIL का मुनाफा 22 % घटा , रेवेन्यू 25 % बढ़कर 3 . 11 लाख करोड़ पहुंचा , टेलीकॉम बिजनेस टॉप पर",,https://www.aajsamaaj.com/business/rils-profit-fell-22-percent-revenue-rose-25-percent-to-reach-3-11-lakh-crore-telecom-business-led-the-way/526939/
RELIANCE,NSE,2026-07-18 11:00:00+00:00,gdelt:newkerala.com,Vikram - 1 Launch : India Private Space Milestone Hailed by Leaders,,https://www.newkerala.com/news/a/leaders-hail-successful-launch-vikram-1-say-it-reflects-647.htm
RELIANCE,NSE,2026-07-18 11:00:00+00:00,gdelt:newkerala.com,"Sensex , Nifty Gain 0 . 8 % Despite Geopolitical Risks",,https://www.newkerala.com/news/a/sensex-nifty-end-week-higher-despite-geopolitical-tensions-502.htm
RELIANCE,NSE,2026-07-18 11:15:00+00:00,gdelt:prokerala.com,"Sensex , Nifty end week higher despite geopolitical tensions",,https://www.prokerala.com/news/articles/a1789497.html
RELIANCE,NSE,2026-07-18 11:15:00+00:00,gdelt:indiaeducationdiary.in,Op Sindoor demonstrated India world - class defence readiness sharpened by Govt  Nation First  &  Forces First  resolve : Raksha Mantri - India Education | Latest Education News | Global Educational News,,https://indiaeducationdiary.in/op-sindoor-demonstrated-indias-world-class-defence-readiness-sharpened-by-govts-nation-first-forces-first-resolve-raksha-mantri/
RELIANCE,NSE,2026-07-18 11:30:00+00:00,gdelt:thehindu.com,"Zero tolerance against terrorism is not merely India statement , but a Line of Action : Rajnath Singh",,https://www.thehindu.com/news/national/zero-tolerance-against-terrorism-is-not-merely-indias-statement-but-a-line-of-action-rajnath-singh/article71237737.ece
RELIANCE,NSE,2026-07-18 12:45:00+00:00,gdelt:theweek.in,How Operation Sindoor validated India defence self - reliance drive ? Rajnath Singh explains,,https://www.theweek.in/news/defence/2026/07/18/how-operation-sindoor-validated-indias-defence-self-reliance-drive-rajnath-singh-explains.html
RELIANCE,NSE,2026-07-18 12:45:00+00:00,gdelt:manilatimes.net,Shinkin Gather InfoTech Inc . Development History and Future Plans,,https://www.manilatimes.net/2026/07/18/tmt-newswire/plentisoft/shinkin-gather-infotech-inc-development-history-and-future-plans/2386928
RELIANCE,NSE,2026-07-18 12:45:00+00:00,gdelt:cbc.ca,Woodsmen Museum in Boiestown tells tale of industry a community  lives and die by,,https://www.cbc.ca/news/canada/new-brunswick/central-new-brunswick-woodsmens-museum-2026-9.7250509
RELIANCE,NSE,2026-07-18 13:15:00+00:00,gdelt:vietnamnews.vn,Businesses put forward growth proposals at first meeting with new Government,,https://vietnamnews.vn/economy/1785719/businesses-put-forward-growth-proposals-at-first-meeting-with-new-government.html
RELIANCE,NSE,2026-07-18 13:30:00+00:00,gdelt:idrw.org,Op Sindoor Showed India World - Class Defence Readiness : Rajnath Singh,,https://idrw.org/op-sindoor-showed-indias-world-class-defence-readiness-rajnath-singh/
RELIANCE,NSE,2026-07-18 14:15:00+00:00,gdelt:fairobserver.com,Coordinated Currency Intervention and the Rebalancing of the Global Monetary System,,https://www.fairobserver.com/economics/coordinated-currency-intervention-and-the-rebalancing-of-the-global-monetary-system/
RELIANCE,NSE,2026-07-18 14:15:00+00:00,gdelt:newindianexpress.com,Will strike by entering their home : Rajnath Singh cites Operation Sindoor in warning to terrorists,,https://www.newindianexpress.com/india/2026/Jul/18/will-strike-by-entering-their-homes-rajnath-singh-cites-operation-sindoor-in-warning-to-terrorists
RELIANCE,NSE,2026-07-18 14:45:00+00:00,gdelt:manilatimes.net,LingoPlus Expands Nationwide : Certified Translation Services Now Available Across Germany,,https://www.manilatimes.net/2026/07/18/tmt-newswire/globenewswire/lingoplus-expands-nationwide-certified-translation-services-now-available-across-germany/2386970
RELIANCE,NSE,2026-07-18 16:30:00+00:00,gdelt:leadership.ng,"KGIRS Boss Urges Youths To Embrace Innovation , Entrepreneurship",,https://leadership.ng/kgirs-boss-urges-youths-to-embrace-innovation-entrepreneurship/
RELIANCE,NSE,2026-07-18 16:30:00+00:00,gdelt:en.ce.cn,"Pakistan , China ink 9 pharma MoUs worth over $440 million at Islamabad B2B conference -- China Economic Net",,http://en.ce.cn/main/latest/202607/t20260718_3094153.shtml
RELIANCE,NSE,2026-07-18 17:00:00+00:00,gdelt:aol.com,"Is your state one of the poorest in America ? See the top 25 , according to data .",,https://www.aol.com/articles/state-one-poorest-america-see-120104000.html
RELIANCE,NSE,2026-07-18 19:15:00+00:00,gdelt:timesofindia.indiatimes.com,CM bats for benefits for PwDs | Bhubaneswar News - The Times of India,,https://timesofindia.indiatimes.com/city/bhubaneswar/cm-bats-for-benefits-for-pwds/articleshow/132485575.cms
RELIANCE,NSE,2026-07-18 20:15:00+00:00,gdelt:stockhouse.com,2026 - 07 - 18 | Mandela Digital Opens Mandela Dollar Early Access Applications on Nelson Mandela Day | NDAQ : DVLT,,https://stockhouse.com/news/press-releases/2026/07/18/mandela-digital-opens-mandela-dollar-early-access-applications-on-nelson-mandela
RELIANCE,NSE,2026-07-18 21:00:00+00:00,gdelt:ghanamma.com,Buipe solar project to take off next month – Presidential Adviser – Ghanamma . com,,https://www.ghanamma.com/2026/07/18/buipe-solar-project-to-take-off-next-month-presidential-adviser/
RELIANCE,NSE,2026-07-18 22:00:00+00:00,gdelt:timesofindia.indiatimes.com,"At 68 %, Gujarat clocks highest growth in CSR spending in India",,https://timesofindia.indiatimes.com/city/vadodara/at-68-gujarat-clocks-highest-growth-in-csr-spending-in-india/articleshow/132486374.cms
RELIANCE,NSE,2026-07-18 22:45:00+00:00,gdelt:pakistantoday.com.pk,Pak – China Healthcare Conference to Drive $850m Investment,,https://www.pakistantoday.com.pk/2026/07/19/pak-china-healthcare-conference-to-generate-dollar850m-investment-transform-pharma-sector-kamal
RELIANCE,NSE,2026-07-19 01:00:00+00:00,gdelt:digitaljournal.com,Canada emerging science of resilient supply chains : A homegrown approach to managing uncertainty,,https://www.digitaljournal.com/article/canadas-emerging-science-of-resilient-supply-chains-a-homegrown-approach-to-managing-uncertainty/
RELIANCE,NSE,2026-07-19 03:45:00+00:00,gdelt:straitstimes.com,"If someone needs a million drones , we must be able to deliver : Weapons maker Saab CEO",,https://www.straitstimes.com/opinion/if-someone-needs-a-million-drones-we-must-be-able-to-deliver-weapons-maker-saabs-ceo
RELIANCE,NSE,2026-07-19 04:45:00+00:00,gdelt:livemint.com,"Q1 results FY27 to US - Iran war , FII flows : Top five triggers that may dictate the Indian stock market this week",,https://www.livemint.com/market/stock-market-news/q1-results-fy27-to-us-iran-war-fii-flows-top-five-triggers-that-may-dictate-the-indian-stock-market-this-week-11784426782119.html
RELIANCE,NSE,2026-07-19 04:45:00+00:00,gdelt:livemint.com,Buy or sell : Ganesh Dongre of Anand Rathi recommends 3 stocks to buy on Monday - 20 July 2026,,https://www.livemint.com/market/stock-market-news/buy-or-sell-ganesh-dongre-of-anand-rathi-recommends-3-stocks-to-buy-on-monday-20-july-2026-11784430255201.html
RELIANCE,NSE,2026-07-19 05:00:00+00:00,gdelt:fool.com,CrowdStrike vs . Snowflake : Which Technology Stock Is a Better Buy in 2026 ?,,https://www.fool.com/coverage/better-buy/2026/07/18/crowdstrike-vs-snowflake-which-technology-stock-is-a-better-buy-in-2026/?source=iedfolrf0000001
RELIANCE,NSE,2026-07-19 05:00:00+00:00,gdelt:economictimes.indiatimes.com,"Will Sensex , Nifty extend gains on Monday ? Q1 earnings , global tech selloff among 6 factors to steer D - St this week",,https://economictimes.indiatimes.com/markets/stocks/news/will-sensex-nifty-extend-gains-on-monday-q1-earnings-global-tech-selloff-among-6-factors-to-steer-d-st-this-week/articleshow/132489722.cms
RELIANCE,NSE,2026-07-19 05:15:00+00:00,gdelt:organiser.org,How E20 is powering India journey towards energy independence,,https://organiser.org/2026/07/19/370025/bharat/how-e20-vision-is-powering-indias-journey-towards-energy-independence/
RELIANCE,NSE,2026-07-19 07:15:00+00:00,gdelt:jagran.com,"HDFC , ICICI Reliance में आने वाली है बड़ी तेजी ? जेफरीज ने लार्जकैप पर जताया भरोसा ; ये फैक्टर्स होंगे महत्वपूर्ण - jefferies time for large cap stocks to rebound in india",,https://www.jagran.com/business/share-market-jefferies-time-for-large-cap-stocks-to-rebound-in-india-40311749.html
RELIANCE,NSE,2026-07-19 08:15:00+00:00,gdelt:freepressjournal.in,"Q1 Earnings Season Takes Centre Stage , West Asia Tensions And Crude Oil To Steer Market Direction This Week",,https://www.freepressjournal.in/business/q1-earnings-season-takes-centre-stage-west-asia-tensions-and-crude-oil-to-steer-market-direction-this-week
RELIANCE,NSE,2026-07-19 08:15:00+00:00,gdelt:thehindubusinessline.com,"Markets to track Q1 earnings , West Asia developments , crude oil this week",,https://www.thehindubusinessline.com/markets/markets-to-track-q1-earnings-west-asia-developments-crude-oil-this-week/article71240779.ece
RELIANCE,NSE,2026-07-19 08:15:00+00:00,gdelt:thehindubusinessline.com,Reliance - BP KG - D6 gas output falls 7 % in June quarter - The HinduBusinessLine,,https://www.thehindubusinessline.com/companies/reliance-bps-kg-d6-gas-output-falls-7-in-june-quarter/article71240685.ece
RELIANCE,NSE,2026-07-19 08:30:00+00:00,gdelt:tarunmitra.in,जनरल मनोज पांडे बोले - राष्ट्रीय सुरक्षा के लिए रक्षा तैयारियों को लगातार मजबूत करना जरूरी,,https://www.tarunmitra.in/state/west-bengal/general-manoj-pandey-said-it-is-necessary-to-continuously/article-153575
RELIANCE,NSE,2026-07-19 08:30:00+00:00,gdelt:livemint.com,Should you buy Reliance shares after strong Q1 results 2026 ?,,https://www.livemint.com/market/stock-market-news/should-you-buy-reliance-shares-after-strong-q1-results-2026-11784444729654.html
RELIANCE,NSE,2026-07-19 08:30:00+00:00,gdelt:livemint.com,Q1 results 2026 : Infosys to Eternal among companies to declare Q1 results next week ; check full list here,,https://www.livemint.com/market/stock-market-news/q1-results-2026-infosys-to-eternal-among-companies-to-declare-q1-results-next-week-check-full-list-here-11784439990844.html
RELIANCE,NSE,2026-07-19 10:00:00+00:00,gdelt:freepressjournal.in,"Q1 Results : Around 250 Companies To Announce June Quarter Earnings Next Week , Infosys , Paytm & UltraTech Lead Focus",,https://www.freepressjournal.in/business/q1-results-around-250-companies-to-announce-june-quarter-earnings-next-week-infosys-paytm-ultratech-lead-focus
RELIANCE,NSE,2026-07-19 10:15:00+00:00,gdelt:livehindustan.com,शुक्रवार की तेजी क्या सोमवार को भी रहेगी शेयर बाजारों में जारी ? क्या कह रहे हैं एक्सपर्ट्स,,https://www.livehindustan.com/business/share-market/how-will-stock-market-perform-this-week-is-it-friday-rally-will-continue-check-201784454357027.html
RELIANCE,NSE,2026-07-19 10:15:00+00:00,gdelt:riotimesonline.com,Algeria 2026 Budget : Record Social Spending and Defence Build - Up,,https://www.riotimesonline.com/algeria-record-2026-budget-social-spending-defence-build-up-2026/
RELIANCE,NSE,2026-07-19 12:30:00+00:00,gdelt:orissapost.com,"Q1 earnings , developments in West Asia , crude oil key drivers for markets this week : Analysts",,https://www.orissapost.com/q1-earnings-developments-in-west-asia-crude-oil-key-drivers-for-markets-this-week-analysts/
RELIANCE,NSE,2026-07-19 13:15:00+00:00,gdelt:economictimes.indiatimes.com,Reliance Industrie FMCG business turns EBITDA positive for the first time,,https://economictimes.indiatimes.com/industry/cons-products/fmcg/reliance-industries-fmcg-arm-turns-ebitda-positive-for-first-time-management-expects-profitability-to-improve-further/articleshow/132494672.cms
RELIANCE,NSE,2026-07-19 14:00:00+00:00,gdelt:timesofindia.indiatimes.com,"Gold , silver under pressure this week as US - Iran conflict , oil rally cloud outlook",,https://timesofindia.indiatimes.com/business/india-business/gold-silver-face-pressure-this-week-as-us-iran-conflict-oil-rally-cloud-outlook/articleshow/132495169.cms
RELIANCE,NSE,2026-07-19 14:45:00+00:00,gdelt:organiser.org,Netarhat Vidyalaya : Gurukul wisdom nurtures Viksit Bharat,,https://organiser.org/2026/07/19/370624/bharat/netarhat-vidyalaya-where-gurukul-wisdom-nurtures-the-citizens-of-viksit-bharat/
RELIANCE,NSE,2026-07-19 14:45:00+00:00,gdelt:navabharat.com,"वैश्विक कारकों , तिमाही परिणामों से मिलेगी बाजार को दिशा",,https://navabharat.com/?p=523370
RELIANCE,NSE,2026-07-19 15:30:00+00:00,gdelt:livemint.com,"Reliance Retail plans to expand online business and dark stores in FY27 , CFO Dinesh Taluja lays out three - year roadmap",,https://www.livemint.com/companies/news/reliance-retail-plans-to-expand-online-business-and-dark-stores-in-fy27-cfo-dinesh-taluja-lays-out-three-year-roadmap-11784466003212.html
RELIANCE,NSE,2026-07-19 15:45:00+00:00,gdelt:sharemanthan.in,"घरेलू माँग और सरकारी खर्च से भारतीय बाजार को मजबूती , भूराजनीतिक जोखिम बड़ी चिंता",,https://www.sharemanthan.in/special/515-survey/june26-survey/79677-narinder-wadhwa-market-outlook-june-2026-survey
RELIANCE,NSE,2026-07-19 16:15:00+00:00,gdelt:newkerala.com,"Reliance Strategy : Jio , O2C , New Energy Growth",,https://www.newkerala.com/news/a/reliance-outlines-growth-strategy-across-jio-o2c-new-838.htm
RELIANCE,NSE,2026-07-19 16:30:00+00:00,gdelt:livehindustan.com,"20 जुलाई को इन शेयरों पर रखें नजर , बन सकता है कमाई का बड़ा मौका",,https://www.livehindustan.com/business/stocks-to-watch-20-july-reliance-hdfc-bank-kotak-gail-natco-market-news-check-details-201784475193784.html
RELIANCE,NSE,2026-07-19 17:15:00+00:00,gdelt:jagran.com,"अदाणी - बिड़ला का सबसे ज्यादा मुनाफा कमाने वाली टॉप - 10 कंपनियों में नाम ही नहीं , इनका चलता है सिक्का - indias most profitable companies reliance leads adanibirla out",,https://www.jagran.com/business/share-market-indias-most-profitable-companies-reliance-leads-adanibirla-out-40312314.html
RELIANCE,NSE,2026-07-19 17:15:00+00:00,gdelt:news.webindia123.com,"Reliance outlines growth strategy across Jio , O2C and new energy businesses after Q1",,https://news.webindia123.com/news/Articles/Business/20260719/4476694.html
RELIANCE,NSE,2026-07-19 17:30:00+00:00,gdelt:thestar.com.my,Is Malaysia Inc too comfortable at home ?,,https://www.thestar.com.my/business/business-news/2026/07/20/is-malaysia-inc-too-comfortable-at-home
RELIANCE,NSE,2026-07-19 17:45:00+00:00,gdelt:timesofsandiego.com,"Opinion : San Diego welcomed Haitian workers , but DHS is sidelining them",,https://timesofsandiego.com/opinion/2026/07/19/san-diego-welcomed-haitian-workers-dhs-is-sidelining-them/
RELIANCE,NSE,2026-07-19 18:00:00+00:00,gdelt:moneycontrol.com,"Dalal Street Week Ahead : West Asia conflict - led oil prices , Q1 earnings , rupee , flash PMI among 10 key factors to watch",,https://www.moneycontrol.com/news/business/markets/dalal-street-week-ahead-west-asia-conflict-led-oil-prices-q1-earnings-rupee-flash-pmi-among-10-key-factors-to-watch-13977831.html
RELIANCE,NSE,2026-07-19 18:00:00+00:00,gdelt:hindi.business-standard.com,"रिलायंस के जून तिमाही के नतीजे उम्मीद से बेहतर , O2C और जियो कारोबार ने दिखाई दमदार बढ़त - reliance june quarter results beat expectations o2c and jio businesses show robust growth",,https://hindi.business-standard.com/markets/share-market/reliance-june-quarter-results-beat-expectations-o2c-and-jio-businesses-show-robust-growth-id-538036
RELIANCE,NSE,2026-07-19 19:00:00+00:00,gdelt:equitybulls.com,Reliance Industries Starts New Fiscal on a High : Q1 FY27 Revenue Surges 24 . 5 % to ₹3 . 4 Lakh Crore as Jio and O2C Units Drive Record Earnings,,https://www.equitybulls.com/category.php?id=373134
RELIANCE,NSE,2026-07-19 19:15:00+00:00,gdelt:modernghana.com,CPP calls for return to Nkrumah development model ahead of 2028 elections,,https://www.modernghana.com/news/1511894/cpp-calls-for-return-to-nkrumahs-development-mode.html
RELIANCE,NSE,2026-07-20 03:00:00+00:00,gdelt:global.chinadaily.com.cn,Largest shipbuilder exploring automated design,,http://global.chinadaily.com.cn/a/202607/20/WS6a5d822da310986e2b4661f6.html
RELIANCE,NSE,2026-07-20 04:15:00+00:00,gdelt:economictimes.indiatimes.com,"Sensex Today | Nifty 50 | Stock Market Live Updates : Sensex slides over 600 pts , Nifty below 24 , 200 ; bank , financial stocks bleed",,https://economictimes.indiatimes.com/markets/stocks/live-blog/bse-sensex-today-nifty50-stock-market-live-updates-gift-nifty-icici-bnk-ril-share-price-20-july-2026/liveblog/132504119.cms
RELIANCE,NSE,2026-07-20 04:15:00+00:00,gdelt:navbharattimes.indiatimes.com,"पहली बार  प्रॉफिट  में आया मुकेश अंबानी का यह बिजनेस , ₹1 , 00 , 000 करोड़ तक पहुंचने का है टारगेट - reliance industries fmcg business turns ebitda - positive for the first time",,https://navbharattimes.indiatimes.com/business/business-news/reliance-industries-fmcg-business-turns-ebitda-positive-for-the-first-time/articleshow/132504967.cms
RELIANCE,NSE,2026-07-20 04:15:00+00:00,gdelt:timesofindia.indiatimes.com,"Stock Market Today Live Updates : Dalal Street begins session in red ; BSE Sensex down over 500 points , NSE Nifty50 trades near 24 , 220",,https://timesofindia.indiatimes.com/business/india-business/sensex-stock-market-today-20-july-2026-live-updates-nse-bse-gift-nifty-50-top-gainers-losers-mcx-stocks-in-focus-market-news/liveblog/132504562.cms
RELIANCE,NSE,2026-07-20 04:45:00+00:00,gdelt:loksatta.com,"Share Market Q1 Results Marathi : रिलायन्स जिओ आयपीओ आणणार , BHEL नफ्यात , मार्केटमध्ये तेजीचे संकेत",,https://www.loksatta.com/business/personal-finance/share-market-q1-results-marathi-updates-reliance-jio-ipo-bhel-profit-stocks-investment-analysis-guide-rap-91-6029073/
RELIANCE,NSE,2026-07-20 04:45:00+00:00,gdelt:economictimes.indiatimes.com,Reliance Industries share price target : What are brokerages saying after Q1 results ?,,https://economictimes.indiatimes.com/markets/stocks/news/reliance-industries-share-price-target-what-are-brokerages-saying-after-q1-results/articleshow/132505723.cms
RELIANCE,NSE,2026-07-20 05:15:00+00:00,gdelt:organiser.org,J & K : Apple boom fuels economic transformation in Kathua Bani,,https://organiser.org/2026/07/20/370668/bharat/jammu-kashmir-modern-apple-farming-transforms-bani-into-emerging-horticulture-hub/
RELIANCE,NSE,2026-07-20 05:15:00+00:00,gdelt:cyprus-mail.com,Spending on AI infrastructure hits IBM software sales,,https://cyprus-mail.com/2026/07/20/spending-on-ai-infrastructure-hits-ibm-software-sales
RELIANCE,NSE,2026-07-20 05:15:00+00:00,gdelt:thehindu.com,The E20 transition : fuel for debate,,https://www.thehindu.com/business/the-e20-transition-fuel-for-debate/article71240965.ece
RELIANCE,NSE,2026-07-20 05:15:00+00:00,gdelt:cleantechnica.com,US Hydropower Faces Supply Chain Challenges With Large Power Transformers,,https://cleantechnica.com/2026/07/20/us-hydropower-faces-supply-chain-challenges-with-large-power-transformers/
RELIANCE,NSE,2026-07-20 05:15:00+00:00,gdelt:haribhoomi.com,"Share Market Today : गिरावट के साथ खुला बाजार , 21 जुलाई को SBI AMC और 2 कंपनियों की होगी बड़ी लिस्टिंग",,https://www.haribhoomi.com/business/news/share-market-today-sbi-amc-listing-alpine-texworld-millworks-technologies-july-2026-104982
RELIANCE,NSE,2026-07-20 05:30:00+00:00,gdelt:dailypioneer.com,"Reliance Retail to Expand JioMart , Dark Stores and Omni - Channel Business Over Three Years",,https://dailypioneer.com/news/reliance-retail-ventures-ltd-to-scale-online-business-this-year
RELIANCE,NSE,2026-07-20 06:00:00+00:00,gdelt:retail.economictimes.indiatimes.com,"Reliance Retail Unveils Ambitious Plan for Online Growth with JioMart and Dark Stores by FY27 , ETRetail",,https://retail.economictimes.indiatimes.com/news/industry/reliance-retail-maps-online-business-growth-with-jiomart-dark-stores-in-fy27/132505072
RELIANCE,NSE,2026-07-20 06:00:00+00:00,gdelt:retail.economictimes.indiatimes.com,"Tata Westside Set to Propel Growth with Ambitious 100 New Stores Annually , ETRetail",,https://retail.economictimes.indiatimes.com/news/apparel-fashion/apparel/tatas-fashion-brand-westside-plans-biggest-push-yet-with-100-annual-stores/132504740
RELIANCE,NSE,2026-07-20 06:00:00+00:00,gdelt:retail.economictimes.indiatimes.com,"Reliance Industries Achieves EBITDA Profitability in FMCG Business , ETRetail",,https://retail.economictimes.indiatimes.com/news/food-entertainment/personal-care-pet-supplies-liquor/reliance-industries-fmcg-business-turns-ebitda-positive-for-the-first-time/132504770
RELIANCE,NSE,2026-07-20 06:00:00+00:00,gdelt:deccanchronicle.com,"Sensex Tanks Over 500 Points , Nifty Slips as HDFC Bank Drops",,https://www.deccanchronicle.com/business/economics/sensex-tanks-over-500-points-nifty-slips-as-hdfc-bank-drops-and-oil-prices-surge-1972382
RELIANCE,NSE,2026-07-20 06:15:00+00:00,gdelt:equitybulls.com,"Jio Platforms Reports Surge in Q1 FY27 Net Profit to ₹7 , 764 Crore : EBITDA Margins Expand to Record 53 . 3 %",,https://www.equitybulls.com/category.php?id=373149
RELIANCE,NSE,2026-07-20 06:15:00+00:00,gdelt:equitybulls.com,JioStar Reports Strong Q1 FY27 Performance : EBITDA Operations Up 30 . 7 % as JioHotstar Hits Record 530 Million MAUs,,https://www.equitybulls.com/category.php?id=373151
RELIANCE,NSE,2026-07-20 06:15:00+00:00,gdelt:equitybulls.com,"Reliance Retail Ventures Limited Reports Q1 FY27 Gross Revenue of ₹90 , 408 Crore : Digital Commerce Surges Across Consumption Baskets",,https://www.equitybulls.com/category.php?id=373150
RELIANCE,NSE,2026-07-20 06:30:00+00:00,gdelt:theweek.in,"Sensex sinks over 700 points as HDFC Bank slumps , oil spikes",,https://www.theweek.in/news/biz-tech/2026/07/20/indian-stock-market-tumbles.html
RELIANCE,NSE,2026-07-20 06:30:00+00:00,gdelt:thehindu.com,"Stock markets tumble in early trade dragged by HDFC Bank , spike in crude oil prices",,https://www.thehindu.com/business/markets/stock-markets-tumble-in-early-trade-dragged-by-hdfc-bank-spike-in-crude-oil-prices/article71244016.ece
RELIANCE,NSE,2026-07-20 06:30:00+00:00,gdelt:navbharattimes.indiatimes.com,"RIL Share Price : बाजार में गिरावट के बीच उछला रिलायंस का शेयर , ब्रोकरेज में लगी टारगेट बढ़ाने की होड़",,https://navbharattimes.indiatimes.com/business/share-market/share-news/reliance-industries-share-rise-over-1-percent-what-are-brokerages-saying-after-q1-results/articleshow/132507227.cms
RELIANCE,NSE,2026-07-20 06:45:00+00:00,gdelt:rediff.com,Indian Stock Markets Decline : HDFC Bank Earnings & US - Iran Tensions Impact,,https://www.rediff.com/business/report/indian-stock-markets-decline-on-july-20-hdfc-bank-earnings--us-iran-tensions-impact/20260720.htm
RELIANCE,NSE,2026-07-20 06:45:00+00:00,gdelt:dainiktribuneonline.com,"Stock Market Today : कच्चे तेल में उछाल से शेयर बाजार में गिरावट , सेंसेक्स 500 अंक से ज्यादा टूटा ; रुपया भी कमजोर",,https://www.dainiktribuneonline.com/news/nation/stock-market-today-stock-market-falls-due-to-surge-in-crude-oil-prices-sensex-falls-by-more-than-500-points-rupee-also-weakens/
RELIANCE,NSE,2026-07-20 07:00:00+00:00,gdelt:thehindubusinessline.com,"Q1 Results 20th July Live : Swaraj Engines Q1 profit up , UltraTech , Paytm , IOB , KVB , Shyam Metalics , Sobha , JP Power , Bluestone to announce Q1 results , RIL & ICICI Bank gain , HDFC Bank , Kotak Mahindra , Axis Bank shares fall",,https://www.thehindubusinessline.com/markets/q1-results-today-live-updates-ultratech-cement-paytm-iob-karur-vysya-bank-shyam-metalics-sobha-jp-power-bluestone-hdfc-bank-kotak-icici-yes-bank-axis-bank-ril-results-20-july-2026/article71241085.ece
RELIANCE,NSE,2026-07-20 07:00:00+00:00,gdelt:news.az,Nigeria – Morocco gas pipeline : Which major powers support the $25 billion project and what interests are at stake ?,,https://news.az/news/nigeria-morocco-gas-pipeline-which-major-powers-support-the-25-billion-project-and-what-interests-are-at-stake
RELIANCE,NSE,2026-07-20 07:00:00+00:00,gdelt:freepressjournal.in,"Sensex Falls Over 600 Points , Nifty Down 0 . 6 % As Banking Stocks Slide , Crude Oil Above $90",,https://www.freepressjournal.in/business/sensex-falls-over-600-points-nifty-down-06-as-banking-stocks-slide-crude-oil-above-90
RELIANCE,NSE,2026-07-20 07:00:00+00:00,gdelt:n.yam.com,剖析 中共習近平的 「 新時代 」 與 「 百年未有之大變局 」 的戰略框架,,https://n.yam.com/Article/20260720341121
RELIANCE,NSE,2026-07-20 07:00:00+00:00,gdelt:economictimes.indiatimes.com,Banks Lend Muscle to Q1 Bottomline,,https://economictimes.indiatimes.com/epaper/delhicapital/2026/jul/20/et-front/banks-lend-muscle-to-q1-bottomline/articleshow/132501637.cms
RELIANCE,NSE,2026-07-20 07:00:00+00:00,gdelt:thehindubusinessline.com,Reliance shares nudge higher as record Q1 earnings draw analyst upgrades,,https://www.thehindubusinessline.com/markets/stock-markets/reliance-shares-nudge-higher-as-record-q1-earnings-draw-analyst-upgrades/article71243871.ece
RELIANCE,NSE,2026-07-20 07:15:00+00:00,gdelt:moneycontrol.com,Reliance Industries stock : Brokerages stay bullish after Q1 beat ; Goldman Sachs sees 41 % upside,,https://www.moneycontrol.com/news/business/markets/reliance-industries-stock-brokerages-stay-bullish-after-q1-beat-goldman-sachs-sees-41-upside-13978193.html
RELIANCE,NSE,2026-07-20 07:15:00+00:00,gdelt:ghanamma.com,Ghana and India Forge Groundbreaking Solar Energy Partnership : Solex Energy Vision for Local Manufacturing and Clean Energy Transition – Ghanamma . com,,https://www.ghanamma.com/2026/07/20/ghana-and-india-forge-groundbreaking-solar-energy-partnership-solex-energys-vision-for-local-manufacturing-and-clean-energy-transition/
RELIANCE,NSE,2026-07-20 07:15:00+00:00,gdelt:moneycontrol.com,"Sensex rises 250 pts from day low , Nifty reclaims 24 , 200 : Four key reasons behind market paring losses",,https://www.moneycontrol.com/news/business/markets/sensex-rises-200-pts-from-day-s-low-nifty-reclaims-24-200-four-key-reasons-behind-market-paring-losses-13978209.html
RELIANCE,NSE,2026-07-20 07:15:00+00:00,gdelt:ghanamma.com,Ghana opens bidding for 5G licenses after revoking Ambani - backed deal – Ghanamma . com,,https://www.ghanamma.com/2026/07/20/ghana-opens-bidding-for-5g-licenses-after-revoking-ambani-backed-deal/
RELIANCE,NSE,2026-07-20 07:30:00+00:00,gdelt:hindi.business-standard.com,"Reliance Share Price : तिमाही नतीजों के बाद क्या करें ? 4 ब्रोकरेज बुलिश , 33 % तक अपसाइड का अनुमान - reliance share price 4 brokerages stay bullish after q1 results see up to 33pc upside should you buy",,https://hindi.business-standard.com/markets/reliance-share-price-4-brokerages-stay-bullish-after-q1-results-see-up-to-33pc-upside-should-you-buy-id-538114
RELIANCE,NSE,2026-07-20 07:30:00+00:00,gdelt:businessdayghana.com,"Matrix Robotics Showcases MATRIX - 3 at WAIC 2026 , Announces WAVE Physical World Foundation Model Upgrade and Launches Global Partner Program",,https://businessdayghana.com/matrix-robotics-showcases-matrix-3-at-waic-2026-announces-wave-physical-world-foundation-model-upgrade-and-launches-global-partner-program/
RELIANCE,NSE,2026-07-20 10:00:00+00:00,gdelt:itnewsonline.com,"IT News Online - Matrix Robotics Showcases MATRIX - 3 at WAIC 2026 , Announces WAVE Physical World Foundation Model Upgrade and Launches Global Partner Program",,https://www.itnewsonline.com/news/Matrix-Robotics-Showcases-MATRIX-3-at-WAIC-2026-Announces-WAVE-Physical-World-Foundation-Model-Upgrade-and-Launches-Global-Partner-Program/37812
RELIANCE,NSE,2026-07-20 10:30:00+00:00,gdelt:montrealgazette.com,"Volatus Aerospace to Showcase Advanced Aerospace , Autonomy and Intelligence Solutions at Farnborough International Airshow",,https://montrealgazette.com/press-releases/globe-newswire/volatus-aerospace-to-showcase-advanced-aerospace-autonomy-and-intelligence-solutions-at-farnborough-international-airshow/
RELIANCE,NSE,2026-07-20 11:00:00+00:00,gdelt:thedailystar.net,Sole DAP fertiliser plant shut since June 28 over raw material shortage,,https://www.thedailystar.net/business/news/sole-dap-fertiliser-plant-shut-june-28-over-raw-material-shortage-4228206
RELIANCE,NSE,2026-07-20 11:00:00+00:00,gdelt:thedailystar.net,Rohingya Crisis Bangladesh | Rohingya crisis deepens but global focus shifts | Rohingya Humanitarian Crisis,,https://www.thedailystar.net/news/bangladesh/news/rohingya-crisis-deepens-global-focus-shifts-4228031
RELIANCE,NSE,2026-07-20 12:00:00+00:00,gdelt:freepressjournal.in,"Share Market Breaks Winning Run , Here Why Did Sensex Crash 443 Points Today ?",,https://www.freepressjournal.in/business/share-market-breaks-winning-run-heres-why-did-sensex-crash-443-points-today
RELIANCE,NSE,2026-07-20 12:15:00+00:00,gdelt:geeky-gadgets.com,Mac Studio Enterprise AI Potential for Local Models,,https://www.geeky-gadgets.com/5tb-mac-studio-enterprise-ai/
RELIANCE,NSE,2026-07-20 13:00:00+00:00,gdelt:itweb.co.za,"Over - reliance on AI for financial advice carries risks , warn experts",,https://www.itweb.co.za/article/over-reliance-on-ai-for-financial-advice-carries-risks-warn-experts/KjlyrvwBkXaqk6am
RELIANCE,NSE,2026-07-20 14:00:00+00:00,gdelt:manilatimes.net,WAIC 2026 Insight : AI - Native Organizations -- A Quiet Reconstruction of Corporate DNA,,https://www.manilatimes.net/2026/07/20/tmt-newswire/pr-newswire/waic-2026-insight-ai-native-organizations-a-quiet-reconstruction-of-corporate-dna/2387705
RELIANCE,NSE,2026-07-20 14:00:00+00:00,gdelt:finanznachrichten.de,"Wellgistics Health , Inc .: Wellgistics Health Announces Updated Record Date for Distribution of Dream Bowl 2026 Meme Coin to Stockholders",,https://www.finanznachrichten.de/nachrichten-2026-07/69072251-wellgistics-health-inc-wellgistics-health-announces-updated-record-date-for-distribution-of-dream-bowl-2026-meme-coin-to-stockholders-200.htm
RELIANCE,NSE,2026-07-20 15:45:00+00:00,gdelt:manilatimes.net,"NVIDIA Agent Toolkit Expands With New Omniverse Libraries , Putting AI Agents to Work Building Simulation - Ready Worlds",,https://www.manilatimes.net/2026/07/20/tmt-newswire/globenewswire/nvidia-agent-toolkit-expands-with-new-omniverse-libraries-putting-ai-agents-to-work-building-simulation-ready-worlds/2387817
RELIANCE,NSE,2026-07-20 16:45:00+00:00,gdelt:tarunmitra.in,"जीरो पॉवर्टी अभियान को बढ़ावा , कौशल प्रशिक्षण के लिए 50 करोड़ रुपये किए मंजूर",,https://www.tarunmitra.in/state/uttar-pradesh/rs-50-crore-approved-for-skill-training-to-promote-zero/article-153844
RELIANCE,NSE,2026-07-20 17:15:00+00:00,gdelt:stockhouse.com,2026 - 07 - 20 | Datavault AI ( DVLT ) Announces Q3 2026 Strategic Goals and Operational Objectives | NDAQ : DVLT,,https://stockhouse.com/news/press-releases/2026/07/20/datavault-ai-dvlt-announces-q3-2026-strategic-goals-and-operational-objectives
RELIANCE,NSE,2026-07-20 17:15:00+00:00,gdelt:prokerala.com,India - UK FTA to be highly beneficial for Indian businesses : Industry,,https://www.prokerala.com/news/articles/a1790332.html
RELIANCE,NSE,2026-07-20 17:30:00+00:00,gdelt:australiannews.net,Electric vehicles are built different . Australia needs better data to get the most out of the shift,,http://www.australiannews.net/news/279198015/electric-vehicles-are-built-different-australia-needs-better-data-to-get-the-most-out-of-the-shift
RELIANCE,NSE,2026-07-20 17:45:00+00:00,gdelt:clevelandstar.com,Wellgistics Health Announces Updated Record Date for Distribution of Dream Bowl 2026 Meme Coin to Stockholders,,http://www.clevelandstar.com/news/279198995/wellgistics-health-announces-updated-record-date-for-distribution-of-dream-bowl-2026-meme-coin-to-stockholders
RELIANCE,NSE,2026-07-20 19:00:00+00:00,gdelt:abc.net.au,Once an  embarrassment  China EV industry now leads the world,,https://www.abc.net.au/news/2026-07-21/china-ev-dominance-over-europe-united-states/106913324
RELIANCE,NSE,2026-07-20 19:15:00+00:00,gdelt:economictimes.indiatimes.com,RIL sees better global refining margins despite oilfield attacks,,https://economictimes.indiatimes.com/industry/energy/oil-gas/ril-sees-better-global-refining-margins-despite-oilfield-attacks/articleshow/132522990.cms
RELIANCE,NSE,2026-07-20 19:15:00+00:00,gdelt:dostor.org,من التجميع إلى التصنيع .. كيف نجحت وزارة الصناعة في رفع نسبة المكون المحلي ؟,,https://www.dostor.org/5641700
RELIANCE,NSE,2026-07-20 19:15:00+00:00,gdelt:thehindubusinessline.com,"Q1 Results 20th July Highlights : UltraTech profit rises ; IOB , KVB and Sobha post strong Q1 growth ; Mahindra Logistics , Dynamic Cables , Jaiprakash Power , Shyam Metalics surge",,https://www.thehindubusinessline.com/markets/q1-results-today-highlights-cement-paytm-iob-karur-vysya-bank-shyam-metalics-sobha-jp-power-bluestone-hdfc-bank-kotak-icici-yes-bank-axis-bank-ril-results-20-july-2026/article71241085.ece
RELIANCE,NSE,2026-07-20 21:00:00+00:00,gdelt:leaderpost.com,Eagle Nuclear Energy Provides Second Quarter 2026 Corporate Update,,https://leaderpost.com/press-releases/globe-newswire/eagle-nuclear-energy-provides-second-quarter-2026-corporate-update/
RELIANCE,NSE,2026-07-20 21:45:00+00:00,gdelt:rnz.co.nz,Finance Minister Nicola Willis had little option but to protect local cement supply,,https://www.rnz.co.nz/news/business/758038/finance-minister-nicola-willis-had-little-option-but-to-protect-local-cement-supply
RELIANCE,NSE,2026-07-20 22:00:00+00:00,gdelt:livenews.co.nz,"PM Edition : Top 10 Business Articles on LiveNews . co . nz for July 21 , 2026 – Full Text – LiveNews . co . nz",,https://livenews.co.nz/2026/07/21/pm-edition-top-10-business-articles-on-livenews-co-nz-for-july-21-2026-full-text/
RELIANCE,NSE,2026-07-20 22:30:00+00:00,gdelt:unitaid.eu,The Dorfman Evolution : Exploring The Viral Shift In Modern Digital Content Creation,,https://www.unitaid.eu/exploring-viral-shift-modern-digital-g15n.html
RELIANCE,NSE,2026-07-20 22:45:00+00:00,gdelt:unitaid.eu,Unlocking The Full Potential Of Luxottica My Personal Desk : A Comprehensive Guide For Modern Employees,,https://www.unitaid.eu/luxottica-my-personal-desk-comprehensive-809y.html
RELIANCE,NSE,2026-07-20 23:00:00+00:00,gdelt:finanznachrichten.de,Namibia Critical Metals Inc .: Namibia Critical Metals Launches Next Phase of Lofdal Definitive Feasibility Study Including Further Value Addition in Namibia,,https://www.finanznachrichten.de/nachrichten-2026-07/69075717-namibia-critical-metals-inc-namibia-critical-metals-launches-next-phase-of-lofdal-definitive-feasibility-study-including-further-value-addition-in-n-296.htm
RELIANCE,NSE,2026-07-20 23:00:00+00:00,gdelt:localnews8.com,INL Leads the Charge : Federal Grant positions Idaho and Wyoming at the center of U . S . Nuclear Energy Future - LocalNews8 . com,,https://localnews8.com/news/2026/07/20/inl-leads-the-charge-federal-grant-positions-idaho-and-wyoming-at-the-center-of-u-s-nuclear-energy-future/
RELIANCE,NSE,2026-07-20 23:30:00+00:00,gdelt:scoop.co.nz,BSI Expert Confirms MPI Import Standard May Break Biosecurity,,https://www.scoop.co.nz/stories/BU2607/S00287/bsi-expert-confirms-mpi-import-standard-may-break-biosecurity.htm
RELIANCE,NSE,2026-07-20 23:30:00+00:00,gdelt:stockhouse.com,2026 - 07 - 20 | Namibia Critical Metals Launches Next Phase of Lofdal Definitive Feasibility Study Including Further Value Addition in Namibia | TSXV : NMI,,https://stockhouse.com/news/press-releases/2026/07/20/namibia-critical-metals-launches-next-phase-of-lofdal-definitive-feasibility
RELIANCE,NSE,2026-07-21 00:00:00+00:00,gdelt:saltlakecitysun.com,Namibia Critical Metals Launches Next Phase of Lofdal Definitive Feasibility Study Including Further Value Addition in Namibia,,http://www.saltlakecitysun.com/news/279199906/namibia-critical-metals-launches-next-phase-of-lofdal-definitive-feasibility-study-including-further-value-addition-in-namibia
RELIANCE,NSE,2026-07-21 06:28:18+00:00,marketaux:thehindubusinessline.com,South West Pinnacle Exploration surges 8% as Q1 FY27 profit nearly quadruples,"The company posted consolidated revenue of ₹617 million for Q1 FY27, up 53 per cent from ₹402 million in the same quarter last year

Shares of South West Pinnacle Exploration Limited jumped 8.42 per cent to ₹255.76 on Tuesday after the Gurgaon-based drilling and exploration company reported...",https://www.thehindubusinessline.com/markets/stock-markets/south-west-pinnacle-exploration-surges-8-as-q1-fy27-profit-nearly-quadruples/article71248235.ece
RELIANCE,NSE,2026-07-22 02:30:00+00:00,gdelt:finanznachrichten.de,Turntide Technologies : Turntide to Expand High - Voltage Rail Battery Production at Its Sunderland Site,,https://www.finanznachrichten.de/nachrichten-2026-07/69087775-turntide-technologies-turntide-to-expand-high-voltage-rail-battery-production-at-its-sunderland-site-399.htm
RELIANCE,NSE,2026-07-22 03:15:00+00:00,gdelt:timesofindia.indiatimes.com,"Top stocks to buy today : Stock recommendations for July 22 , 2026 - check list",,https://timesofindia.indiatimes.com/business/india-business/top-stock-recommendations-for-july-22-2026-bse-reliance-industries-pi-industries-best-stocks-to-buy-today/articleshow/132539977.cms
RELIANCE,NSE,2026-07-22 03:30:00+00:00,gdelt:postcourier.com.pg,Marape says Westpac Report confirms broad ‑ based growth,,https://www.postcourier.com.pg/marape-says-westpac-report-confirms-broad-based-growth/
RELIANCE,NSE,2026-07-22 03:30:00+00:00,gdelt:navbharattimes.indiatimes.com,"NSE लाया अहिंसा इंडेक्स , रिलायंस ग्रुप और बैंकों की नो एंट्री , किसे मिली है जगह ?",,https://navbharattimes.indiatimes.com/business/share-market/share-news/nse-launches-nifty500-ahimsa-index-to-provide-investors-a-way-to-invest-in-companies-that-do-not-engage-in-animal-cruelty/articleshow/132549964.cms
RELIANCE,NSE,2026-07-22 03:45:00+00:00,gdelt:moneycontrol.com,Vizag big  AIPatnam  push : Why Visakhapatnam is emerging as India next AI data centre hub,,https://www.moneycontrol.com/city/vizag-s-big-ai-patnam-bet-why-visakhapatnam-is-emerging-as-india-s-next-ai-data-centre-hub-article-13980064.html
RELIANCE,NSE,2026-07-22 04:00:00+00:00,gdelt:thefastmode.com,Why Resilient Edge Infrastructure Is Becoming Imperative for Mission - Critical Mobile Operations,,https://www.thefastmode.com/expert-opinion/49755-why-resilient-edge-infrastructure-is-becoming-imperative-for-mission-critical-mobile-operations
RELIANCE,NSE,2026-07-22 04:30:00+00:00,gdelt:timesofindia.indiatimes.com,"0 %, 100 %, then 200 %: How Trump new generic drug tariff plan could hit India",,https://timesofindia.indiatimes.com/business/india-business/0-100-then-200-how-trumps-new-generic-drug-tariff-plan-could-hit-india/articleshow/132550325.cms
RELIANCE,NSE,2026-07-22 04:45:00+00:00,gdelt:moneycontrol.com,"Stock Market Live : Nifty hovers around 24 , 000 , Sensex drops 550 pts ; pharma , banks drag , autos outperform",,https://www.moneycontrol.com/news/business/markets/stock-market-live-updates-nifty50-share-price-sensex-share-price-crude-fii-gift-nifty-rupee-latest-updates-22-07-2026-liveblog-13979992.html
RELIANCE,NSE,2026-07-22 04:45:00+00:00,gdelt:timesofindia.indiatimes.com,"Stock Market Today Live Updates : BSE Sensex plunges over 600 points ; Nifty50 slips below 24 , 050 in early trade",,https://timesofindia.indiatimes.com/business/india-business/sensex-stock-market-today-22-july-2026-live-updates-nse-bse-gift-nifty-50-top-gainers-losers-mcx-stocks-in-focus-market-news/liveblog/132550098.cms
RELIANCE,NSE,2026-07-22 05:15:00+00:00,gdelt:koreaherald.com,"Thailand courts Korean investment in biotech , wellness sectors",,https://www.koreaherald.com/article/10816477
RELIANCE,NSE,2026-07-22 05:15:00+00:00,gdelt:leaderpost.com,Turntide to Expand High - Voltage Rail Battery Production at Its Sunderland Site,,https://leaderpost.com/press-releases/globe-newswire/turntide-to-expand-high-voltage-rail-battery-production-at-its-sunderland-site/
RELIANCE,NSE,2026-07-22 05:15:00+00:00,gdelt:global.chinadaily.com.cn,China to strengthen integrated transport network by 2030,,http://global.chinadaily.com.cn/a/202607/22/WS6a6015c2a310986e2b466922.html
RELIANCE,NSE,2026-07-22 05:30:00+00:00,gdelt:enca.com,"AI boom lifts Mexico tech exports , complicating Trump trade goals",,https://www.enca.com/business/ai-boom-lifts-mexico-tech-exports-complicating-trump-trade-goals
RELIANCE,NSE,2026-07-22 06:00:00+00:00,gdelt:asianews.network,"Courage , foresight needed for China - EU dialogue",,https://asianews.network/courage-foresight-needed-for-china-eu-dialogue/
RELIANCE,NSE,2026-07-22 06:45:00+00:00,gdelt:tribune.com.pk,Pakistani elected IAF vice president,,https://tribune.com.pk/story/2619557/pakistani-elected-iaf-vice-president
RELIANCE,NSE,2026-07-22 06:45:00+00:00,gdelt:sify.com,China Wants a Future Without Windows . It Starts This September .,,https://www.sify.com/technology/china-wants-a-future-without-windows-it-starts-this-september/
RELIANCE,NSE,2026-07-22 06:45:00+00:00,gdelt:chiangraitimes.com,Singapore Seeks Indonesian Deal For Stable Natural Gas Flows,,https://www.chiangraitimes.com/news-asia/singapore-indonesia-gas-deal/
RELIANCE,NSE,2026-07-22 07:00:00+00:00,gdelt:manilatimes.net,Humanoid Global Highlights Formic Role in Launching Robots for America and Announces Leadership and Membership Updates for the U . S . Robotics Coalition,,https://www.manilatimes.net/2026/07/22/tmt-newswire/globenewswire/humanoid-global-highlights-formics-role-in-launching-robots-for-america-and-announces-leadership-and-membership-updates-for-the-us-robotics-coalition/2389029
RELIANCE,NSE,2026-07-22 07:00:00+00:00,gdelt:investegate.co.uk,Annual Financial Report | Company Announcement,,https://www.investegate.co.uk/announcement/rns/intelliam-ai-plc--int/annual-financial-report-/9680710
RELIANCE,NSE,2026-07-22 07:15:00+00:00,gdelt:newindianexpress.com,First FTA - backed mango pulp consignment flagged off from Tirupati to united kingdom,,https://www.newindianexpress.com/states/andhra-pradesh/2026/Jul/22/first-fta-backed-mango-pulp-consignment-flagged-off-from-tirupati-to-uk
RELIANCE,NSE,2026-07-22 08:15:00+00:00,gdelt:paktribune.com,Musk AI Odyssey : Hollywood future or a new experiment ?,,https://paktribune.com/musks-ai-odyssey-hollywoods-future-or-a-new-experiment/
RELIANCE,NSE,2026-07-22 09:30:00+00:00,gdelt:bankingnews.gr,EU energy dilemma : Russian LNG imports surge despite looming ban as Greece resists new sanctions,,https://www.bankingnews.gr/diethni/articles/889655/eu-energy-dilemma-russian-lng-imports-surge-despite-looming-ban-as-greece-resists-new-sanctions%20title=
RELIANCE,NSE,2026-07-22 09:30:00+00:00,gdelt:industrialinfo.com,Europe Proposes Major Electrification Plan,,https://www.industrialinfo.com/news/article/europe-proposes-major-electrification-plan--360424
RELIANCE,NSE,2026-07-22 11:15:00+00:00,gdelt:leaderpost.com,"Wabtec Reports Strong Second Quarter 2026 Results , Announces Increase to Full - Year Revenue & Adjusted EPS Guidance",,https://leaderpost.com/press-releases/business-wire/wabtec-reports-strong-second-quarter-2026-results-announces-increase-to-full-year-revenue-adjusted-eps-guidance/
RELIANCE,NSE,2026-07-22 12:45:00+00:00,gdelt:finanznachrichten.de,Amaero Inc .: Amaero Releases Quarterly Activities Report for the Period Ending June 2026,,https://www.finanznachrichten.de/nachrichten-2026-07/69093904-amaero-inc-amaero-releases-quarterly-activities-report-for-the-period-ending-june-2026-399.htm
RELIANCE,NSE,2026-07-22 12:45:00+00:00,gdelt:miningmx.com,US to ease aluminium tariffs for smelter investment,,https://www.miningmx.com/trending/65960-us-to-ease-aluminium-tariffs-for-smelter-investment/
RELIANCE,NSE,2026-07-22 12:45:00+00:00,gdelt:milanofinanza.it,Trump approva un accordo nucleare con lArabia Saudita . I vantaggi per le società americane e le criticità geopolitiche,,https://www.milanofinanza.it/news/trump-approva-un-accordo-nucleare-con-l-arabia-saudita-i-vantaggi-per-le-societa-americane-e-le-criticita-202607221056241495
RELIANCE,NSE,2026-07-22 12:45:00+00:00,gdelt:timesofoman.com,Workshop reviews joint Gulf industrial investment opportunities,,https://timesofoman.com/article/174720-workshop-reviews-joint-gulf-industrial-investment-opportunities
RELIANCE,NSE,2026-07-22 12:45:00+00:00,gdelt:manilatimes.net,ChinaAMC Unveils Strategy for H2 as AI Shifts from Conviction to Earnings,,https://www.manilatimes.net/2026/07/22/tmt-newswire/pr-newswire/chinaamc-unveils-strategy-for-h2-as-ai-shifts-from-conviction-to-earnings/2389341
RELIANCE,NSE,2026-07-22 12:45:00+00:00,gdelt:manilatimes.net,Amaero Releases Quarterly Activities Report for the Period Ending June 2026,,https://www.manilatimes.net/2026/07/22/tmt-newswire/globenewswire/amaero-releases-quarterly-activities-report-for-the-period-ending-june-2026/2389330
RELIANCE,NSE,2026-07-22 13:00:00+00:00,gdelt:thehindubusinessline.com,"HDFC Bank shares fall over 8 % in three days , erasing ₹1 lakh crore in market value",,https://www.thehindubusinessline.com/markets/stock-markets/hdfc-bank-shares-tumble-over-8-in-three-days-on-net-interest-margin-concerns/article71253282.ece
RELIANCE,NSE,2026-07-22 13:15:00+00:00,gdelt:cfi.net.cn,[ HK ] 靛蓝星 ( 08373 ): 非常重大收购事项关于新加坡房产收购有关 - CFi . CN 中财网,,http://www.cfi.net.cn/p20260722002008.html
RELIANCE,NSE,2026-07-22 13:30:00+00:00,gdelt:punjabkesari.in,HDFC बैंक के शेयर 3 दिन में 8 % से ज़्यादा गिरे ; निवेशकों के 1 लाख करोड़ डूबे - shares of hdfc bank fell more than 8 in 3 days,,https://www.punjabkesari.in/national/news/shares-of-hdfc-bank-fell-more-than-8-in-3-days-2360316
RELIANCE,NSE,2026-07-22 13:45:00+00:00,gdelt:manilatimes.net,AMD and Anthropic Announce Strategic Partnership to Deploy Up to 2 Gigawatts of AMD Instinct MI450 Series GPUs,,https://www.manilatimes.net/2026/07/22/tmt-newswire/globenewswire/amd-and-anthropic-announce-strategic-partnership-to-deploy-up-to-2-gigawatts-of-amd-instinct-mi450-series-gpus/2389443
RELIANCE,NSE,2026-07-22 14:00:00+00:00,gdelt:manilatimes.net,TeraWulf Schedules Conference Call for Second Quarter 2026 Financial Results,,https://www.manilatimes.net/2026/07/22/tmt-newswire/globenewswire/terawulf-schedules-conference-call-for-second-quarter-2026-financial-results/2389481
RELIANCE,NSE,2026-07-22 15:45:00+00:00,gdelt:nayaindia.com,"शेयर बाजारों में चौतरफा बिकवाली , सेंसेक्स 715 अंक टूटा - Naya India - Hindi News , Latest Hindi News , Breaking News , Hindi Samachar",,https://www.nayaindia.com/business/all-round-selling-in-stock-markets-sensex-fell-by-715-points/519451.html
RELIANCE,NSE,2026-07-22 16:00:00+00:00,gdelt:itnewsonline.com,"IT News Online - AIAI Deploys Bid Accelerator , Showcasing Its Transformational AI Integration Strategy",,https://www.itnewsonline.com/news/AIAI-Deploys-Bid-Accelerator-Showcasing-Its-Transformational-AI-Integration-Strategy/37880
RELIANCE,NSE,2026-07-22 16:00:00+00:00,gdelt:geo.tv,"PM calls for unified innovation ecosystem , unveils new technology initiatives",,https://www.geo.tv/latest/674272-pm-calls-for-unified-innovation-ecosystem-unveils-new-technology-initiatives
RELIANCE,NSE,2026-07-22 16:30:00+00:00,gdelt:californiatelegraph.com,Olenox Industries Issues Letter to Shareholders : From Subsurface Energy to End - User Intelligence,,http://www.californiatelegraph.com/news/279203065/olenox-industries-issues-letter-to-shareholders-from-subsurface-energy-to-end-user-intelligence
RELIANCE,NSE,2026-07-22 16:30:00+00:00,gdelt:thestarphoenix.com,Realbotix Corp . Provides Corporate Structure and Operations Update,,https://thestarphoenix.com/press-releases/business-wire/realbotix-corp-provides-corporate-structure-and-operations-update/
RELIANCE,NSE,2026-07-22 16:30:00+00:00,gdelt:hawaiitelegraph.com,Dot Ai Announces Definitive Agreements for Up to $6 . 0 million Strategic Preferred Stock Investment,,http://www.hawaiitelegraph.com/news/279203067/dot-ai-announces-definitive-agreements-for-up-to-60-million-strategic-preferred-stock-investment
RELIANCE,NSE,2026-07-22 16:30:00+00:00,gdelt:stockhouse.com,2026 - 07 - 22 | Realbotix Corp . Provides Corporate Structure and Operations Update | TSXV : XBOT,,https://stockhouse.com/news/press-releases/2026/07/22/realbotix-corp-provides-corporate-structure-and-operations-update
RELIANCE,NSE,2026-07-22 17:00:00+00:00,gdelt:mining-technology.com,Rio Tinto signs bio pellet supply deal SCL refineries in Queensland,,https://www.mining-technology.com/news/rio-tinto-bio-pellet-supply-scl-refineries-gladstone/
RELIANCE,NSE,2026-07-22 17:00:00+00:00,gdelt:economictimes.indiatimes.com,"DRDO partners with AIESL , Adani Defence for new surveillance aircraft",,https://economictimes.indiatimes.com/news/defence/drdo-partners-with-aiesl-adani-defence-for-new-surveillance-aircraft/articleshow/132562887.cms
RELIANCE,NSE,2026-07-22 19:00:00+00:00,gdelt:morningstaronline.co.uk,Reform landslide victory in St Helens and how we should move forward,,https://morningstaronline.co.uk/article/reforms-landslide-victory-st-helens-and-how-we-should-move-forward
RELIANCE,NSE,2026-07-22 19:00:00+00:00,gdelt:weeklyblitz.net,House farmworker visa bill sparks immigration and Amnesty debate,,https://weeklyblitz.net/2026/07/23/house-farmworker-visa-bill-sparks-immigration-and-amnesty-debate/
RELIANCE,NSE,2026-07-22 19:45:00+00:00,gdelt:news.webindia123.com,"DRDO inks two major contracts with AIESL , ADSTL as part of AEW & C MK - II programme",,https://news.webindia123.com/news/Articles/India/20260722/4477986.html
RELIANCE,NSE,2026-07-22 20:15:00+00:00,gdelt:riotimesonline.com,Why Peru Oil and Gas Basins Stay Largely Untapped,,https://www.riotimesonline.com/why-perus-oil-and-gas-basins-stay-largely-untapped/
RELIANCE,NSE,2026-07-22 20:30:00+00:00,gdelt:thegrio.com,Black women equal pay day hits different when everyone is worried about keeping a job,,https://thegrio.com/2026/07/22/black-womens-equal-pay-day-hits-different-when-everyone-is-worried-about-keeping-a-job/
RELIANCE,NSE,2026-07-22 20:30:00+00:00,gdelt:thedailystar.net,"Textile Millers Meet PM Tarique Rahman | Textile millers want refinancing scheme , BGMEA uninterrupted gas",,https://www.thedailystar.net/business/news/textile-millers-want-refinancing-scheme-bgmea-uninterrupted-gas-4230051
RELIANCE,NSE,2026-07-22 20:30:00+00:00,gdelt:muscatdaily.com,GCC identifies five priority industries to boost manufacturing,,https://www.muscatdaily.com/2026/07/22/gcc-identifies-five-priority-industries-to-boost-manufacturing/
RELIANCE,NSE,2026-07-22 21:15:00+00:00,gdelt:newsghana.com.gh,Reps Push National Policy For Drone Manufacturing,,https://www.newsghana.com.gh/reps-push-national-policy-for-drone-manufacturing/
RELIANCE,NSE,2026-07-22 22:00:00+00:00,gdelt:standardmedia.co.ke,Dangote Lamu refinery is more than a response to the Middle East energy crisis,,https://www.standardmedia.co.ke/opinion/article/2001553475/dangote-lamu-refinery-is-more-than-a-response-to-the-middle-east-energy-crisis
RELIANCE,NSE,2026-07-22 22:00:00+00:00,gdelt:omanobserver.om,Oman forum adopts decision to promote five joint GCC industrial projects,,https://www.omanobserver.om/article/1193316/business/oman-forum-adopts-decision-to-promote-five-joint-gcc-industrial-projects
RELIANCE,NSE,2026-07-22 22:00:00+00:00,gdelt:presstv.co.uk,How Imam Khamenei visionary leadership transformed Iran into a global construction powerhouse,,https://www.presstv.co.uk/Detail/2026/07/08/771837/how-imam-khamenei-visionary-leadership-transformed-iran-global-construction-powerhouse
RELIANCE,NSE,2026-07-22 22:15:00+00:00,gdelt:manilatimes.net,Steakholder Foods Announces ADS Ratio Adjustment,,https://www.manilatimes.net/2026/07/23/tmt-newswire/globenewswire/steakholder-foods-announces-ads-ratio-adjustment/2389813
RELIANCE,NSE,2026-07-22 22:30:00+00:00,gdelt:hellenicshippingnews.com,5 Indian Shipyards Transforming the Maritime Landscape | Hellenic Shipping News Worldwide,,https://www.hellenicshippingnews.com/5-indian-shipyards-transforming-the-maritime-landscape/
RELIANCE,NSE,2026-07-22 22:45:00+00:00,gdelt:newswire.ca,Intellistake Secures Full Ownership of Prediction - Market Technology Gravity to Address Wider Infrastructure Needs,,https://www.newswire.ca/news-releases/intellistake-secures-full-ownership-of-prediction-market-technology-gravity-to-address-wider-infrastructure-needs-871523803.html
RELIANCE,NSE,2026-07-22 23:00:00+00:00,gdelt:chinatimes.com,時論廣場 》 食安法制度充足 缺乏執行 （ 康照洲 ） - 時論廣場,,https://www.chinatimes.com/opinion/20260722004213-262104
RELIANCE,NSE,2026-07-22 23:00:00+00:00,gdelt:manilatimes.net,U . S . Information Request | The Manila Times,,https://www.manilatimes.net/2026/07/23/tmt-newswire/globenewswire/us-information-request/2389824
RELIANCE,NSE,2026-07-23 00:15:00+00:00,gdelt:freerepublic.com,The Fabian Society : conquering the free world,,https://freerepublic.com/focus/f-news/4388993/posts
RELIANCE,NSE,2026-07-23 00:45:00+00:00,gdelt:thestar.com.my,War dampener for oil prices,,https://www.thestar.com.my/business/business-news/2026/07/23/war-dampener-for-oil-prices
RELIANCE,NSE,2026-07-23 01:00:00+00:00,gdelt:mondaq.com,Governing By Shortcut – Congress Is Losing Ability To Function Through Regular Order,,https://www.mondaq.com/unitedstates/constitutional-administrative-law/1821376/governing-by-shortcut-congress-is-losing-ability-to-function-through-regular-order
RELIANCE,NSE,2026-07-23 01:15:00+00:00,gdelt:thefastmode.com,Vodafone Business Joins Cosine Coalition to Develop united kingdom Sovereign AI Model for Critical Sectors,,https://www.thefastmode.com/technology-solutions/49770-vodafone-business-joins-cosine-coalition-to-develop-uk-sovereign-ai-model-for-critical-sectors
RELIANCE,NSE,2026-07-23 02:15:00+00:00,gdelt:biz.heraldcorp.com,"BNK부산은행 , 지역경제 회복과 성장에 속도 낸다",,https://biz.heraldcorp.com/article/10817562
RELIANCE,NSE,2026-07-23 02:45:00+00:00,gdelt:oilprice.com,Global Refiners Are Cutting Out Oil Traders To Buy Venezuelan Crude Directly,,https://oilprice.com/Energy/Crude-Oil/Global-Refiners-Are-Cutting-Out-Oil-Traders-To-Buy-Venezuelan-Crude-Directly.html
RELIANCE,NSE,2026-07-23 02:45:00+00:00,gdelt:thesun.ng,"IMT  One Diploma , One Skill  initiative",,https://thesun.ng/imts-one-diploma-one-skill-initiative/
RELIANCE,NSE,2026-07-23 03:00:00+00:00,gdelt:fool.com,NVE ( NVEC ) Q1 2027 Earnings Call Transcript,,https://www.fool.com/earnings/call-transcripts/2026/07/22/nve-nvec-q1-2027-earnings-call-transcript/?source=iedfolrf0000001
RELIANCE,NSE,2026-07-23 03:15:00+00:00,gdelt:livemint.com,Raja Venkatraman recommends three stocks for 23 July,,https://www.livemint.com/market/stock-market-news/raja-venkatraman-recommends-three-stocks-for-23-july-11784724774954.html
RELIANCE,NSE,2026-07-23 03:15:00+00:00,gdelt:dynamicbusiness.com,"The circular economy isnt just good ethics , it good business",,https://dynamicbusiness.com/topics/news/the-circular-economy-isnt-just-good-ethics-its-good-business.html
RELIANCE,NSE,2026-07-23 03:15:00+00:00,gdelt:thehindubusinessline.com,"Stocks to watch : Reliance , HCL Tech , Sona BLW , HFCL , Mahindra Lifespace , Vedanta Oil , Saatvik Green , Rubicon Research",,https://www.thehindubusinessline.com/markets/stocks-to-watch-reliance-hcl-tech-sona-blw-hfcl-mahindra-lifespace-vedanta-oil-saatvik-green-rubicon-research-among-dozen-stocks-to-remain-in-focus-on-thursday/article71256175.ece
RELIANCE,NSE,2026-07-23 05:00:00+00:00,gdelt:computerweekly.com,Singapore military to explore quantum computing for mission planning,,https://www.computerweekly.com/news/366646079/Singapores-military-to-explore-quantum-computing-for-mission-planning
RELIANCE,NSE,2026-07-23 05:15:00+00:00,gdelt:tribuneindia.com,Stock markets decline in early trade on surging crude oil prices,,https://www.tribuneindia.com/news/business/stock-markets-decline-in-early-trade-on-surging-crude-oil-prices/
RELIANCE,NSE,2026-07-23 05:15:00+00:00,gdelt:thediplomat.com,India and Japan Emerging Shipbuilding Partnership – The Diplomat,,https://thediplomat.com/2026/07/india-and-japans-emerging-shipbuilding-partnership/
RELIANCE,NSE,2026-07-23 06:45:00+00:00,gdelt:dainiktribuneonline.com,"Sensex Nifty Today : कच्चे तेल में तेजी से बाजार में दबाव , सेंसेक्स 231 अंक टूटा , निफ्टी 23 , 937 पर खुला",,https://www.dainiktribuneonline.com/news/nation/sensex-nifty-today-market-pressure-due-to-rise-in-crude-oil-sensex-falls-231-points-nifty-opens-at-23937/
RELIANCE,NSE,2026-07-23 06:45:00+00:00,gdelt:ipsnews.net,Trump Authoritarian Gambit to Muzzle the Foreign Press,,https://www.ipsnews.net/2026/07/trumps-authoritarian-gambit-to-muzzle-the-foreign-press/
RELIANCE,NSE,2026-07-23 07:15:00+00:00,gdelt:kob.com,The Latest : House adopts $95 billion budget proposal to fund Iran war and other Trump priorities,,https://www.kob.com/ap-top-news/the-latest-house-adopts-95-billion-budget-proposal-to-fund-iran-war-and-other-trump-priorities/
RELIANCE,NSE,2026-07-23 08:30:00+00:00,gdelt:finance.eastmoney.com,建设更具世界影响力的社会主义国际文化大都市 上海擘画未来五年新蓝图 ！ _ 东方财富网,,https://finance.eastmoney.com/a/202607233818901651.html
RELIANCE,NSE,2026-07-23 08:45:00+00:00,gdelt:brahmand.com,"Brahmand - Latest News On Defence , Aerospace , Science & Technology , Space , Contracts",,https://www.brahmand.com/news-detail/22618
RELIANCE,NSE,2026-07-23 09:45:00+00:00,gdelt:indiagazette.com,Maaza marks 50 years with Special Cover ; Mango farmers felicitated on National Mango Day,,http://www.indiagazette.com/news/279204725/maaza-marks-50-years-with-special-cover-mango-farmers-felicitated-on-national-mango-day
RELIANCE,NSE,2026-07-23 09:45:00+00:00,gdelt:stockhouse.com,2026 - 07 - 23 | Mullen Group Ltd . Reports Record Quarterly Financial Results and Increased 2026 Capital Budget | TSX : MTL,,https://stockhouse.com/news/press-releases/2026/07/23/mullen-group-ltd-reports-record-quarterly-financial-results-and-increased-2026
RELIANCE,NSE,2026-07-23 09:45:00+00:00,gdelt:indiagazette.com,5th edition Brand of the Year 2026 - 27 Celebrates Excellence in Building Enduring Brands,,http://www.indiagazette.com/news/279204626/5th-edition-brand-of-the-year-2026-27-celebrates-excellence-in-building-enduring-brands
RELIANCE,NSE,2026-07-23 09:45:00+00:00,gdelt:stockhouse.com,2026 - 07 - 23 | Focus Graphite Highlights Strategic Alignment with White House Executive Order to Secure U . S . Defense Supply Chains | TSXV : FMS,,https://stockhouse.com/news/press-releases/2026/07/23/focus-graphite-highlights-strategic-alignment-with-white-house-executive-order
RELIANCE,NSE,2026-07-23 10:00:00+00:00,gdelt:leaderpost.com,Mullen Group Ltd . Reports Record Quarterly Financial Results and Increased 2026 Capital Budget,,https://leaderpost.com/press-releases/globe-newswire/mullen-group-ltd-reports-record-quarterly-financial-results-and-increased-2026-capital-budget/
RELIANCE,NSE,2026-07-23 11:00:00+00:00,gdelt:finanznachrichten.de,Americas Gold and Silver Corporation : Americas Gold and Silver Corporation Announces Second Quarter Production,,https://www.finanznachrichten.de/nachrichten-2026-07/69105004-americas-gold-and-silver-corporation-americas-gold-and-silver-corporation-announces-second-quarter-production-296.htm
RELIANCE,NSE,2026-07-23 11:00:00+00:00,gdelt:bizcommunity.com,Beyond data : Why growth is still human - led,,https://www.bizcommunity.com/article/beyond-data-why-growth-is-still-human-led-078005a
RELIANCE,NSE,2026-07-23 11:45:00+00:00,gdelt:thestarphoenix.com,"Idaho Strategic Resources Reports Significant Concentrations of Heavy Rare Earth Elements , Including Yttrium at Its Diamond Creek Project",,https://thestarphoenix.com/press-releases/business-wire/idaho-strategic-resources-reports-significant-concentrations-of-heavy-rare-earth-elements-including-yttrium-at-its-diamond-creek-project/
RELIANCE,NSE,2026-07-23 11:45:00+00:00,gdelt:adgully.com,Maaza marks 50 years with special cover,,https://www.adgully.com/post/18387/maaza-marks-50-years-with-special-cover
RELIANCE,NSE,2026-07-23 12:00:00+00:00,gdelt:manilatimes.net,Altisource Announces Second Quarter 2026 Financial Results,,https://www.manilatimes.net/2026/07/23/tmt-newswire/globenewswire/altisource-announces-second-quarter-2026-financial-results/2390155
RELIANCE,NSE,2026-07-23 12:00:00+00:00,gdelt:globalsecurity.org,DRDO inks two major contracts with Industry partners as part of AEW & C MK - II programme,,https://www.globalsecurity.org/wmd/library/news/india/2026/india-260722-india-pib01.htm
RELIANCE,NSE,2026-07-23 12:45:00+00:00,gdelt:investmentnews.com,Concentrated growth and a shifting Fed demand a more deliberate approach to fixed income,,https://www.investmentnews.com/fixed-income/concentrated-growth-and-a-shifting-fed-demand-a-more-deliberate-approach-to-fixed-income/267518
RELIANCE,NSE,2026-07-23 13:15:00+00:00,gdelt:itnewsonline.com,"IT News Online - ClearSign Announces Private Placement of $1 , 770 , 000",,https://www.itnewsonline.com/news/ClearSign-Announces-Private-Placement-of-USD1770000/37910
RELIANCE,NSE,2026-07-23 14:45:00+00:00,gdelt:prokerala.com,Pakistan failed to convert CPEC investments into sustained economic growth : Analysis,,https://www.prokerala.com/news/articles/a1791586.html
RELIANCE,NSE,2026-07-23 15:00:00+00:00,gdelt:finance.yahoo.com,Weak housing market hurts big and bulky last - mile delivery,,https://finance.yahoo.com/real-estate/articles/weak-housing-market-hurts-big-142429854.html
RELIANCE,NSE,2026-07-23 15:00:00+00:00,gdelt:insidermonkey.com,ZenaTech Drone as a Service Closes 26th Acquisition of an Ohio - based Land Surveying Company Licensed in Four States,,https://www.insidermonkey.com/blog/zenatechs-drone-as-a-service-closes-26th-acquisition-of-an-ohio-based-land-surveying-company-licensed-in-four-states-1804071/
RELIANCE,NSE,2026-07-23 15:00:00+00:00,gdelt:leaderpost.com,"This Greenland Rare Earth and Precious Metals Company Just Put Up a Takeover Defense , and It Says Something About How It Views Its Own Value",,https://leaderpost.com/press-releases/pr-newswire/this-greenland-rare-earth-and-precious-metals-company-just-put-up-a-takeover-defense-and-it-says-something-about-how-it-views-its-own-value/
RELIANCE,NSE,2026-07-23 15:30:00+00:00,gdelt:thedailystar.net,FSRU glitch cuts gas supply by 17 %,,https://www.thedailystar.net/business/economy/news/fsru-glitch-cuts-gas-supply-17-4230161
RELIANCE,NSE,2026-07-23 16:00:00+00:00,gdelt:miningweekly.com,"Beneficiation , innovation take centre stage at MCCI conference",,https://www.miningweekly.com/article/beneficiation-innovation-take-centre-stage-at-mcci-conference-2026-07-23
RELIANCE,NSE,2026-07-23 16:15:00+00:00,gdelt:punchng.com,Dangote Refinery Completes $2 . 5bn Equity Placement,,https://punchng.com/dangote-refinery-completes-2-5bn-equity-placement/
RELIANCE,NSE,2026-07-23 16:30:00+00:00,gdelt:theindianawaaz.com,"Stock Markets Extend Losing Streak for 4th Session as Oil Spike , Sensex sheds 364 pts – The Indian Awaaz",,https://theindianawaaz.com/stock-markets-extend-losing-streak-for-4th-session-as-oil-spike-sensex-sheds-364-pts/
RELIANCE,NSE,2026-07-23 16:30:00+00:00,gdelt:californiatelegraph.com,"ClearSign Announces Private Placement of $1 , 770 , 000",,http://www.californiatelegraph.com/news/279205181/clearsign-announces-private-placement-of-1770000
RELIANCE,NSE,2026-07-23 16:30:00+00:00,gdelt:lankanewspapers.com,Sri Lanka Export Earnings Cross USD 9 Billion Mark in First Half of 2025,,https://www.lankanewspapers.com/2026/07/23/sri-lanka-s-export-earnings-cross-usd-9-billion-mark-in-first-half-of-2025
RELIANCE,NSE,2026-07-23 16:45:00+00:00,gdelt:thestarphoenix.com,Vereigen Media Features Enghouse Vidyo Demand Generation Director Sylvain Awad in New Episode of  From the Source,,https://thestarphoenix.com/press-releases/globe-newswire/vereigen-media-features-enghouse-vidyo-demand-generation-director-sylvain-awad-in-new-episode-of-from-the-source/
RELIANCE,NSE,2026-07-23 16:45:00+00:00,gdelt:livemint.com,This boom is for the AI - anxious . 10 ways to cash in .,,https://www.livemint.com/global/this-boom-is-for-the-ai-anxious-10-ways-to-cash-in-11784794354425.html
RELIANCE,NSE,2026-07-23 16:45:00+00:00,gdelt:naturalnews.com,Coal - fired power generation sees resurgence as nations prioritize energy security over climate targets – NaturalNews . com,,https://www.naturalnews.com/2026-07-23-coal-fired-power-generation-sees-resurgence-energy-security.html
RELIANCE,NSE,2026-07-23 18:30:00+00:00,gdelt:montrealgazette.com,AMD and Cerebras Announce Industry - Leading Ultra - Low - Latency and High Throughput AI Inference Solution,,https://montrealgazette.com/press-releases/globe-newswire/amd-and-cerebras-announce-industry-leading-ultra-low-latency-and-high-throughput-ai-inference-solution/
RELIANCE,NSE,2026-07-23 18:45:00+00:00,gdelt:stockhouse.com,2026 - 07 - 23 | AMD and Cerebras Announce Industry - Leading Ultra - Low - Latency and High Throughput AI Inference Solution | TSX : AMD,,https://stockhouse.com/news/press-releases/2026/07/23/amd-and-cerebras-announce-industry-leading-ultra-low-latency-and-high-throughput
RELIANCE,NSE,2026-07-23 19:00:00+00:00,gdelt:weeklyblitz.net,Fraud is only part of the problem : Why critics say the H - 1B visa program needs fundamental reform,,https://weeklyblitz.net/2026/07/24/fraud-is-only-part-of-the-problem-why-critics-say-the-h-1b-visa-program-needs-fundamental-reform/
RELIANCE,NSE,2026-07-23 19:00:00+00:00,gdelt:dw.com,Sweden eases mining permits to cut China minerals reliance,,https://www.dw.com/en/sweden-eases-mining-permits-to-cut-china-minerals-reliance/a-78087394
RELIANCE,NSE,2026-07-23 20:15:00+00:00,gdelt:enr.com,"At Age 103 , O & G Industries Still Is Next - Gen Contractor",,https://www.enr.com/articles/63337-at-age-103-o-and-g-industries-still-is-next-gen-contractor
RELIANCE,NSE,2026-07-23 20:30:00+00:00,gdelt:finanznachrichten.de,Gladstone Commercial Corporation : Gladstone Commercial Provides Summary of Mid - Year Business Developments,,https://www.finanznachrichten.de/nachrichten-2026-07/69110758-gladstone-commercial-corporation-gladstone-commercial-provides-summary-of-mid-year-business-developments-200.htm
RELIANCE,NSE,2026-07-23 20:30:00+00:00,gdelt:finanznachrichten.de,EQS - News : ABIVAX : Abivax Strengthens Commercial Capabilities With Strategic Leadership Appointments,,https://www.finanznachrichten.de/nachrichten-2026-07/69110678-eqs-news-abivax-abivax-strengthens-commercial-capabilities-with-strategic-leadership-appointments-023.htm
RELIANCE,NSE,2026-07-23 20:30:00+00:00,gdelt:finanznachrichten.de,"1st Source Corporation : 1st Source Corporation Reports Record Second Quarter Results , Increased Cash Dividend Declared",,https://www.finanznachrichten.de/nachrichten-2026-07/69110630-1st-source-corporation-1st-source-corporation-reports-record-second-quarter-results-increased-cash-dividend-declared-296.htm
RELIANCE,NSE,2026-07-23 21:00:00+00:00,gdelt:leaderpost.com,ROBERT HALF REPORTS SECOND - QUARTER FINANCIAL RESULTS,,https://leaderpost.com/press-releases/pr-newswire/robert-half-reports-second-quarter-financial-results/
RELIANCE,NSE,2026-07-23 21:00:00+00:00,gdelt:manilatimes.net,Deep Isolation Announces Timing of Second Quarter 2026 Earnings Release,,https://www.manilatimes.net/2026/07/24/tmt-newswire/globenewswire/deep-isolation-announces-timing-of-second-quarter-2026-earnings-release/2390723
RELIANCE,NSE,2026-07-23 21:15:00+00:00,gdelt:prnewswire.com,Primis Financial Corp . Reports Strong Results for the Second Quarter of 2026,,https://www.prnewswire.com/news-releases/primis-financial-corp-reports-strong-results-for-the-second-quarter-of-2026-302833482.html
RELIANCE,NSE,2026-07-23 21:15:00+00:00,gdelt:geographical.co.uk,How Kenya flower industry is becoming more sustainable,,https://geographical.co.uk/news/making-a-sustainable-future-for-the-cut-flower-industry-in-kenya
RELIANCE,NSE,2026-07-23 21:30:00+00:00,gdelt:tennesseedaily.com,Gladstone Commercial Provides Summary of Mid - Year Business Developments,,http://www.tennesseedaily.com/news/279206259/gladstone-commercial-provides-summary-of-mid-year-business-developments
RELIANCE,NSE,2026-07-23 21:45:00+00:00,gdelt:hindi.business-standard.com,"Stock Market Today : कच्चे तेल में उछाल से शेयर बाजार की बिगड़ी चाल , सेंसेक्स 364 अंक टूटा - stock market falters due to surge in crude oil prices sensex drops 364 points",,https://hindi.business-standard.com/markets/share-market/stock-market-falters-due-to-surge-in-crude-oil-prices-sensex-drops-364-points-id-539244
RELIANCE,NSE,2026-07-23 22:15:00+00:00,gdelt:afaqs.com,5th edition Brand of the Year 2026 – 27 celebrates excellence in building enduring brands,,https://www.afaqs.com/news/advertorial/5th-edition-brand-of-the-year-202627-celebrates-excellence-in-building-enduring-brands-12190884
RELIANCE,NSE,2026-07-23 22:15:00+00:00,gdelt:itnewsonline.com,AAI 2026 : AMD Delivers Full - Stack Compute for the Agentic AI Era,,https://www.itnewsonline.com/GlobeNewswire/AAI-2026-AMD-Delivers-Full-Stack-Compute-for-the-Agentic-AI-Era/127083
RELIANCE,NSE,2026-07-23 23:45:00+00:00,gdelt:zerohedge.com,Three Levers China Is Pulling To Weather Gulf Energy Shock ; How Long Can Beijing Hold Out ?,,https://www.zerohedge.com/energy/three-levers-china-pulling-weather-gulf-energy-shock-how-long-can-beijing-hold-out
RELIANCE,NSE,2026-07-23 23:45:00+00:00,gdelt:manilatimes.net,NVIDIA and KAIST Launch Joint AI Research Lab to Accelerate AI Innovation in Korea,,https://www.manilatimes.net/2026/07/24/tmt-newswire/globenewswire/nvidia-and-kaist-launch-joint-ai-research-lab-to-accelerate-ai-innovation-in-korea/2390782
RELIANCE,NSE,2026-07-23 23:45:00+00:00,gdelt:thestarphoenix.com,Almonty to Voluntarily Delist From ASX,,https://thestarphoenix.com/press-releases/business-wire/almonty-to-voluntarily-delist-from-asx/
RELIANCE,NSE,2026-07-24 00:45:00+00:00,gdelt:californiatelegraph.com,"Avidbank Holdings , Inc . Announces Financial Results for the Second Quarter of 2026",,http://www.californiatelegraph.com/news/279206269/avidbank-holdings-inc-announces-financial-results-for-the-second-quarter-of-2026
RELIANCE,NSE,2026-07-24 00:45:00+00:00,gdelt:californiatelegraph.com,eXoZymes Selected for DoE Genesis Mission to Advance AI - Powered Digital Twins for Cell - Free Biomanufacturing,,http://www.californiatelegraph.com/news/279206260/exozymes-selected-for-doe-genesis-mission-to-advance-ai-powered-digital-twins-for-cell-free-biomanufacturing
RELIANCE,NSE,2026-07-24 01:30:00+00:00,gdelt:theshillongtimes.com,Stock mkts fall for 4th day - The Shillong Times,,https://theshillongtimes.com/2026/07/24/stock-mkts-fall-for-4th-day/
RELIANCE,NSE,2026-07-24 03:15:00+00:00,gdelt:thailand-business-news.com,"Alpha Ladder Hosts Globalization Forum , Debuts Proprietary AI Platform AgentX",,https://www.thailand-business-news.com/pr-news/alpha-ladder-hosts-globalization-forum-debuts-proprietary-ai-platform-agentx
RELIANCE,NSE,2026-07-24 04:30:00+00:00,gdelt:navbharattimes.indiatimes.com,"Share Market Crash : शेयर मार्केट में लगातार पांचवें दिन गिरावट , सेंसेक्स 500 अंक फिसला , रुपया भी हुआ कमजोर",,https://navbharattimes.indiatimes.com/business/share-market/share-news/share-market-update-bse-sensex-and-nse-nifty-trends-on-24-july-2026/articleshow/132595641.cms
RELIANCE,NSE,2026-07-24 05:00:00+00:00,gdelt:moneycontrol.com,"Momentum Stocks : Deccan Transcon , Asian Granito , PS Raj Steels gain up to 16 % on sheer momentum",,https://www.moneycontrol.com/news/business/markets/momentum-stocks-deccan-transcon-asian-granito-ps-raj-steels-gain-up-to-16-on-sheer-momentum-13982287.html
RELIANCE,NSE,2026-07-24 05:00:00+00:00,gdelt:ft.lk,Budget 2027 : From stabilisation to transformation,,https://www.ft.lk/opinion/Budget-2027-From-stabilisation-to-transformation/14-795067
RELIANCE,NSE,2026-07-24 05:15:00+00:00,gdelt:tarunbharat.com,Impact of West Asia tensions on Indian markets,,https://www.tarunbharat.com/impact-of-west-asia-tensions-on-indian-markets/
RELIANCE,NSE,2026-07-24 05:30:00+00:00,gdelt:euronews.com,"Once a textile powerhouse , Syria is betting on an industrial comeback",,https://www.euronews.com/2026/07/24/once-a-textile-powerhouse-syria-is-betting-on-an-industrial-comeback
RELIANCE,NSE,2026-07-24 06:30:00+00:00,gdelt:moneycontrol.com,"Fresher earning Rs 43 , 000  feels guilty  after learning colleague with 12 year experience earns Rs 31 , 000",,https://www.moneycontrol.com/news/trends/fresher-earning-rs-43-000-feels-guilty-after-learning-colleague-with-12-years-experience-earns-rs-31-000-13982493.html
RELIANCE,NSE,2026-07-24 06:30:00+00:00,gdelt:economictimes.indiatimes.com,"Mukesh Ambani long game : How Reliance could turn a 3 - year spending spree into Rs 90 , 000 crore of free cash flow",,https://economictimes.indiatimes.com/markets/stocks/news/mukesh-ambanis-long-game-how-reliance-could-turn-a-3-year-spending-spree-into-rs-90000-crore-of-free-cash-flow/articleshow/132597133.cms
RELIANCE,NSE,2026-07-24 06:30:00+00:00,gdelt:mako.co.il,הסעיף בתקציב הביטחון של ארה  ב שמעמיק את הברית עם ישראל,,https://www.mako.co.il/pzm-soldiers/Article-554e98d3b1f8f91027.htm
RELIANCE,NSE,2026-07-24 07:45:00+00:00,gdelt:hkcd.com,山歌不老 城步常新 第28屆湖南 （ 南山 ） 六月六山歌節活動側記,,https://www.hkcd.com/hkcdweb/content/2026/07/24/content_8766428.html
RELIANCE,NSE,2026-07-24 08:00:00+00:00,gdelt:navbharattimes.indiatimes.com,"खर्च के बाद अब कमाई की बारी , मुकेश अंबानी इस दांव से रिलायंस की झोली में आएंगे 90 , 000 करोड़ !",,https://navbharattimes.indiatimes.com/business/share-market/share-news/mukesh-ambanis-bet-on-reliance-could-turn-90000-crore-of-free-cash-flow/articleshow/132599104.cms
RELIANCE,NSE,2026-07-24 08:15:00+00:00,gdelt:mondaq.com,Three Point Shot,,https://www.mondaq.com/unitedstates/copyright/1822260/three-point-shot
RELIANCE,NSE,2026-07-24 08:15:00+00:00,gdelt:thisdaylive.com,Dangote Refinery Completes $2 . 5bn Equity Raise in Africa Largest Private Placement – THISDAYLIVE,,https://www.thisdaylive.com/2026/07/24/dangote-refinery-completes-2-5bn-equity-raise-in-africas-largest-private-placement/
RELIANCE,NSE,2026-07-24 08:30:00+00:00,gdelt:timesofindia.indiatimes.com,I felt guilty about my salary : A young professional Reddit post has sparked a workplace debate,,https://timesofindia.indiatimes.com/education/news/i-felt-guilty-about-my-salary-a-young-professionals-reddit-post-has-sparked-a-workplace-debate/articleshow/132599619.cms
RELIANCE,NSE,2026-07-24 09:30:00+00:00,gdelt:southeastasiapost.com,Tanla Announces Q1 FY27 Results,,http://www.southeastasiapost.com/news/279206854/tanla-announces-q1-fy27-results
RELIANCE,NSE,2026-07-24 09:45:00+00:00,gdelt:theglobeandmail.com,Canada progress on protecting animals is unravelling,,https://www.theglobeandmail.com/opinion/article-canadas-progress-on-protecting-animals-is-unravelling/
RELIANCE,NSE,2026-07-24 11:30:00+00:00,gdelt:moneycontrol.com,"Taking Stock : Markets trim losses after sharp sell - off ; Sensex down 332 pts , Nifty below 23 , 800",,https://www.moneycontrol.com/news/business/markets/taking-stock-markets-trim-losses-after-sharp-sell-off-sensex-down-332-pts-nifty-below-23-800-13982808.html
RELIANCE,NSE,2026-07-24 11:30:00+00:00,gdelt:manilatimes.net,Bullish announces Siris to acquire non - core Equiniti business lines,,https://www.manilatimes.net/2026/07/24/tmt-newswire/globenewswire/bullish-announces-siris-to-acquire-non-core-equiniti-business-lines/2390974
RELIANCE,NSE,2026-07-24 12:15:00+00:00,gdelt:thehindubusinessline.com,"Stock Market Highlights , July 24 : Sensex , Nifty decline for fifth straight session ; Auto , metal stocks drag",,https://www.thehindubusinessline.com/markets/sensex-nifty50-today-stock-market-highlights-24th-july-2026/article71257579.ece
RELIANCE,NSE,2026-07-24 13:00:00+00:00,gdelt:manilatimes.net,Gentex Reports Second Quarter 2026 Financial Results,,https://www.manilatimes.net/2026/07/24/tmt-newswire/globenewswire/gentex-reports-second-quarter-2026-financial-results/2391033
RELIANCE,NSE,2026-07-24 13:15:00+00:00,gdelt:telecom.economictimes.indiatimes.com,"HCLTech Invests ₹14 , 257 Crore to Establish AI Data Center in Odisha with Sarvam , ETTelecom",,https://telecom.economictimes.indiatimes.com/news/enterprise-services/hcltech-invests-14257-crore-to-establish-ai-data-center-in-odisha-with-sarvam/132600607
RELIANCE,NSE,2026-07-24 13:30:00+00:00,gdelt:khaskhabar.com,"Rajasthan will become a national model for water self - reliance through water management – ​​CM Bhajanlal Sharma , Jaipur News in Hindi",,https://www.khaskhabar.com/local/rajasthan/jaipur-news/news-rajasthan-will-become-a-national-model-for-water-self-reliance-through-water-management-%E2%80%93-%E2%80%8B%E2%80%8Bcm-bhajanlal-sharma-news-hindi-1-831360-KKN.html
RELIANCE,NSE,2026-07-24 13:30:00+00:00,gdelt:africa-newsroom.com,APO Group - Africa Newsroom / Press release | Ghana and Morocco Deepen Strategic Partnership at the Second Permanent Joint Commission for Cooperation,,https://www.africa-newsroom.com/press/ghana-and-morocco-deepen-strategic-partnership-at-the-second-permanent-joint-commission-for-cooperation
RELIANCE,NSE,2026-07-24 13:30:00+00:00,gdelt:finanznachrichten.de,Phoenix Metals Corp . Announces Partial Exercise of Over - Allotment Option,,https://www.finanznachrichten.de/nachrichten-2026-07/69118625-phoenix-metals-corp-announces-partial-exercise-of-over-allotment-option-200.htm
RELIANCE,NSE,2026-07-24 13:45:00+00:00,gdelt:darlingtonandstocktontimes.co.uk,Energy sector wants  powerful reset  from Andy Burnham Government | Darlington and Stockton Times,,https://www.darlingtonandstocktontimes.co.uk/news/national/26407278.energy-sector-wants-powerful-reset-andy-burnhams-government/
RELIANCE,NSE,2026-07-24 13:45:00+00:00,gdelt:manilatimes.net,Vivakor Surpasses $1 Billion in Annualized Physical Crude Transactions,,https://www.manilatimes.net/2026/07/24/tmt-newswire/globenewswire/vivakor-surpasses-1-billion-in-annualized-physical-crude-transactions/2391100
RELIANCE,NSE,2026-07-24 14:15:00+00:00,gdelt:bucksfreepress.co.uk,Energy sector wants  powerful reset  from Andy Burnham Government,,https://www.bucksfreepress.co.uk/news/national/26407278.energy-sector-wants-powerful-reset-andy-burnhams-government/
RELIANCE,NSE,2026-07-24 14:15:00+00:00,gdelt:udaipurkiran.com,"India Emerges as Mobile Export Leader , Exports Reach Rs 2 . 59 Lakh Crore : Centre",,https://udaipurkiran.com/india-emerges-as-mobile-export-leader-exports-reach-rs-2-59-lakh-crore-centre/
RELIANCE,NSE,2026-07-24 15:30:00+00:00,gdelt:newsday.co.zw,Local banks back Mutapa Gold with US$125m syndicated loan after turnaround - Newsday Zimbabwe,,https://www.newsday.co.zw/business/article/200058674/local-banks-back-mutapa-gold-with-us125m-syndicated-loan-after-turnaround
RELIANCE,NSE,2026-07-24 16:15:00+00:00,gdelt:forbes.pl,"Polityka migracyjna Szwajcarii się sprawdza . System jest drogi , ale skuteczny - Opinie",,https://www.forbes.pl/opinie/polityka-migracyjna-szwajcarii-sie-sprawdza-system-jest-drogi-ale-skuteczny/0pc2myh
RELIANCE,NSE,2026-07-24 16:15:00+00:00,gdelt:newkerala.com,"Rajasthan : Zero Tolerance Ends Paper Leaks , Says CM Sharma",,https://www.newkerala.com/news/a/no-paper-leaks-rajasthan-due-zero-tolerance-policy-522.htm
RELIANCE,NSE,2026-07-24 16:30:00+00:00,gdelt:tennesseedaily.com,NanoViricides Announces Pricing of ~$3 . 8 Million Registered Direct Offering,,http://www.tennesseedaily.com/news/279207413/nanoviricides-announces-pricing-of-38-million-registered-direct-offering
RELIANCE,NSE,2026-07-24 16:45:00+00:00,gdelt:indianewengland.com,US Sees India as Potential Partner in Shipbuilding Push to Counter China,,https://indianewengland.com/us-sees-india-as-potential-partner-in-shipbuilding-push-to-counter-china/
RELIANCE,NSE,2026-07-24 16:45:00+00:00,gdelt:moneycontrol.com,"Shree Balaji Mala Textiles Ltd IPO Date : Check Issue Date , Price , Lot size , Subscription , News and Details",,https://www.moneycontrol.com/ipo/shree-balaji-mala-textiles-sbmtl-ipodetail
RELIANCE,NSE,2026-07-24 17:45:00+00:00,gdelt:bignewsnetwork.com,"UN Climate Change Executive Secretary calls for faster global energy transition to strengthen security , resilience",,http://www.bignewsnetwork.com/news/279207873/un-climate-change-executive-secretary-calls-for-faster-global-energy-transition-to-strengthen-security-resilience
RELIANCE,NSE,2026-07-24 19:15:00+00:00,gdelt:businessincameroon.com,"Hilli Episeyo Exit to Slow Cameroon Growth to 3 . 2 % in 2026 , Report Says",,https://www.businessincameroon.com/public-management/2407-16519-hilli-episeyo-exit-to-slow-cameroon-s-growth-to-3-2-in-2026-report-says
RELIANCE,NSE,2026-07-24 21:15:00+00:00,gdelt:californiatelegraph.com,CXApp Inc . ( Nasdaq : CXAI ) Announces Date for Second Quarter 2026 Financial Results and Business Update Conference Call and Investor Forum,,http://www.californiatelegraph.com/news/279208409/cxapp-inc-nasdaqcxai-announces-date-for-second-quarter-2026-financial-results-and-business-update-conference-call-and-investor-forum
RELIANCE,NSE,2026-07-24 21:30:00+00:00,gdelt:hindi.business-standard.com,"Chemical Parks Scheme India : रसायन क्षेत्र को बढ़ावा देने के लिए सरकार का बड़ा कदम , 3 , 030 करोड़ रुपये की  भव्य - रसायन  योजना मंजूर - cabinet approves major chemical parks and railway line projects",,https://hindi.business-standard.com/economy/cabinet-approves-major-chemical-parks-and-railway-line-projects-id-539595
RELIANCE,NSE,2026-07-24 21:30:00+00:00,gdelt:itnewsonline.com,IT News Online - CXApp Inc . ( Nasdaq : CXAI ) Announces Date for Second Quarter 2026 Financial Results and Business Update Conference Call and Investor Forum,,https://www.itnewsonline.com/news/CXApp-Inc.-NasdaqCXAI-Announces-Date-for-Second-Quarter-2026-Financial-Results-and-Business-Update-Conference-Call-and-Investor-Forum/37934
RELIANCE,NSE,2026-07-24 23:15:00+00:00,gdelt:blog.wenxuecity.com,澳大利亚人说 为什么印度永远不会成为超级大国 - 博客,,https://blog.wenxuecity.com/myblog/72696/202607/17877.html
RELIANCE,NSE,2026-07-24 23:30:00+00:00,gdelt:farmweekly.com.au,Maximus barley : WA dominant variety shapes 2028 harvest outlook | Farm Weekly,,https://www.farmweekly.com.au/story/9315863/maximus-barley-was-dominant-variety-shapes-2028-harvest-outlook/
RELIANCE,NSE,2026-07-25 00:15:00+00:00,gdelt:allafrica.com,"Nigeria : Fubara Flags Off Riven Medical Industries , Backs Three - Month Delivery",,https://allafrica.com/stories/202607240651.html
RELIANCE,NSE,2026-07-25 05:30:00+00:00,gdelt:thedailystar.net,Gas crisis deepens country reliance on fertiliser imports,,https://www.thedailystar.net/news/bangladesh/news/gas-crisis-deepens-countrys-reliance-fertiliser-imports-4231716
RELIANCE,NSE,2026-07-25 05:30:00+00:00,gdelt:ynet.co.il,מנהיגות בשחקים - חלק שני,,https://www.ynet.co.il/entertainment/article/j8vyd8wvr
RELIANCE,NSE,2026-07-25 06:00:00+00:00,gdelt:finance.yahoo.com,The Next AI Winners May Not Be the Magnificent Seven : 3 Mid - Cap ETFs to Watch,,https://finance.yahoo.com/markets/stocks/articles/next-ai-winners-may-not-224537342.html
RELIANCE,NSE,2026-07-25 06:00:00+00:00,gdelt:manilatimes.net,"NAVER , NVIDIA and Brookfield to Expand Korea National AI Factory Infrastructure Buildout",,https://www.manilatimes.net/2026/07/25/tmt-newswire/globenewswire/naver-nvidia-and-brookfield-to-expand-koreas-national-ai-factory-infrastructure-buildout/2391373
RELIANCE,NSE,2026-07-25 06:15:00+00:00,gdelt:jamaica-gleaner.com,William Hunt | From pristine beaches to Caribbean energy powerhouse,,https://jamaica-gleaner.com/article/news/20260725/william-hunt-pristine-beaches-caribbean-energy-powerhouse
RELIANCE,NSE,2026-07-25 06:45:00+00:00,gdelt:stockhouse.com,"2026 - 07 - 25 | NAVER , NVIDIA and Brookfield to Expand Korea National AI Factory Infrastructure Buildout | TSX : NVDA",,https://stockhouse.com/news/press-releases/2026/07/25/naver-nvidia-and-brookfield-to-expand-korea-s-national-ai-factory-infrastructure
RELIANCE,NSE,2026-07-25 08:15:00+00:00,gdelt:riotimesonline.com,"Chile Markets : IPSA & the Peso July 25 , 2026",,https://www.riotimesonline.com/chile-markets-ipsa-peso-saturday-july-25-2026/
RELIANCE,NSE,2026-07-25 08:15:00+00:00,gdelt:navbharattimes.indiatimes.com,"$100 अरब के कम रह गई मस्क की इस साल की कमाई , दुनिया के पहले ट्रिलियनेयर की नेटवर्थ में क्यों आई गिरावट ?",,https://navbharattimes.indiatimes.com/business/business-news/elon-musk-net-worth-slips-recently-know-the-reason/articleshow/132621372.cms
RELIANCE,NSE,2026-07-25 08:45:00+00:00,gdelt:finanznachrichten.de,SK Group and NVIDIA Expand Strategic Partnership Across AI Factories and Next - Generation Memory,,https://www.finanznachrichten.de/nachrichten-2026-07/69122959-sk-group-and-nvidia-expand-strategic-partnership-across-ai-factories-and-next-generation-memory-399.htm
RELIANCE,NSE,2026-07-25 12:30:00+00:00,gdelt:pratahkal.com,"दमन , दादरा एवं नगर हवेली और दक्षिण गुजरात में बाढ़ का तांडव , तटरक्षक बल ने बचाई 170 लोगों की जान",,https://www.pratahkal.com/national/indian-coast-guard-rescues-170-people-flood-areas-1615776
RELIANCE,NSE,2026-07-25 17:15:00+00:00,gdelt:arynews.tv,Jam Kamal directs expansion of fruit bagging initiative,,https://arynews.tv/jam-kamal-directs-expansion-of-fruit-bagging-initiative-backs-local-manufacturing
RELIANCE,NSE,2026-07-25 18:00:00+00:00,gdelt:en.antaranews.com,Downstreaming strengthens Indonesia global supply chain : Minister,,https://en.antaranews.com/news/424028/downstreaming-strengthens-indonesias-global-supply-chain-minister
RELIANCE,NSE,2026-07-25 18:00:00+00:00,gdelt:timesofindia.indiatimes.com,Hassan district exports goods worth Rs 54k crore : DC,,https://timesofindia.indiatimes.com/city/mysuru/hassan-district-exports-goods-worth-rs-54k-crore-dc/articleshow/132630826.cms
RELIANCE,NSE,2026-07-25 19:00:00+00:00,gdelt:thedailystar.net,Stronger chemical industry needed to cut import dependence,,https://www.thedailystar.net/business/economy/news/stronger-chemical-industry-needed-cut-import-dependence-4232296
RELIANCE,NSE,2026-07-25 20:00:00+00:00,gdelt:topnews.ae,Reliance Industries Rejects Claims of Iranian Oil Purchases Amid Sanctions Scrutiny,,http://topnews.ae/index.php/reliance-industries-rejects-claims-iranian-oil-purchases-amid-sanctions-scrutiny-22189
RELIANCE,NSE,2026-07-26 07:20:07+00:00,marketaux:economictimes.indiatimes.com,Mcap of nine of top-10 most valued firms erodes by Rs 2.74 lakh cr; HDFC Bank takes biggest hit,"Last week was tough for the Indian equity markets, with nine out of ten leading companies witnessing a decline in market value. HDFC Bank took the hardest blow, suffering a staggering loss exceeding one lakh crore rupees. Reliance Industries also saw a significant decrease in market capitalization. In contrast, Hindustan Unilever stood out as the only top firm to gain value during this bearish trend.

Live Events



as a Reliable and Trusted News Source Addas a Reliable and Trusted News Source Add Now!

(You can now subscribe to our

(You can now subscribe to...",https://economictimes.indiatimes.com/markets/stocks/news/mcap-of-nine-of-top-10-most-valued-firms-erodes-by-rs-2-74-lakh-cr-hdfc-bank-takes-biggest-hit/articleshow/132637704.cms
RELIANCE,NSE,2026-07-26 10:13:52+00:00,marketaux:timesofindia.indiatimes.com,Market recap: Top-10 firms shed Rs 2.74 lakh crore in value; HDFC Bank takes biggest hit,"India Business News: A rough week on Dalal Street wiped out Rs 2.74 lakh crore from the combined market value of nine of India's 10 most-valued companies, as weak investor.

Gainers and losers

A rough week on Dalal Street wiped out Rs 2.74 lakh crore from the combined market value of nine of India's 10 most-valued companies, as wea...",https://timesofindia.indiatimes.com/business/india-business/market-recap-top-10-firms-shed-rs-2-74-lakh-crore-in-value-hdfc-bank-takes-biggest-hit/articleshow/132639404.cms
RELIANCE,NSE,2026-07-27 02:45:00+00:00,gdelt:mykxlg.com,"NVIDIA Expands NVIDIA Agent Toolkit With NVIDIA PhysicsNeMo and CUDA - X Libraries to Transform How the World Engineers , Designs and Builds",,https://www.mykxlg.com/online_features/press_releases/nvidia-expands-nvidia-agent-toolkit-with-nvidia-physicsnemo-and-cuda-x-libraries-to-transform-how/article_20a16621-e60f-5950-885c-f0f5c63fb1a7.html
RELIANCE,NSE,2026-07-27 03:15:00+00:00,gdelt:vietnamnews.vn,Companies chart a new course to global markets,,https://vietnamnews.vn/economy/1796219/companies-chart-a-new-course-to-global-markets.html
RELIANCE,NSE,2026-07-27 04:45:00+00:00,gdelt:moneycontrol.com,"Top emerging cities for jobs in India : LinkedIn ranks Vizag , Surat , Ludhiana , Prayagraj among top picks",,https://www.moneycontrol.com/city/best-cities-for-jobs-in-india-2026-linkedin-ranks-visakhapatnam-surat-vadodara-among-top-picks-article-13984157.html
RELIANCE,NSE,2026-07-27 05:00:00+00:00,gdelt:macaudailytimes.com.mo,Lawmakers call for fuel pricing reforms after subsidy ends | MACAU DAILY TIMES 澳門每日時報,,https://macaudailytimes.com.mo/lawmakers-call-for-fuel-pricing-reforms-after-subsidy-ends.html
RELIANCE,NSE,2026-07-27 05:00:00+00:00,gdelt:chiangraitimes.com,China Provinces Face Deepening Debt : Zero Regions Hit 100 % Fiscal Self - Sufficiency,,https://www.chiangraitimes.com/china/chinas-provinces-face-deepening-debt/
RELIANCE,NSE,2026-07-27 06:15:00+00:00,gdelt:newsx.com,"Why Is Stock Market Rising Today ? Sensex Jumps Over 500 Points , Nifty Nears 24 , 000 as IT , Banking Stocks Lead Rally",,https://www.newsx.com/business/why-is-stock-market-rising-today-sensex-jumps-over-500-points-nifty-nears-24000-as-it-banking-stocks-lead-rally-253024/
RELIANCE,NSE,2026-07-27 06:15:00+00:00,gdelt:timesofindia.indiatimes.com,RIL tweaks Coastal Road plan to meet SC 15 % cap,,https://timesofindia.indiatimes.com/city/mumbai/ril-tweaks-coastal-road-plan-to-meet-sc-15-cap/articleshow/132653323.cms
RELIANCE,NSE,2026-07-27 06:30:00+00:00,gdelt:investegate.co.uk,Trading Statement | Company Announcement,,https://www.investegate.co.uk/announcement/rns/vesuvius--vsvs/trading-statement/9687629
RELIANCE,NSE,2026-07-27 06:30:00+00:00,gdelt:investegate.co.uk,RECOMMENDED ACQUISITION OF DCC ENERGY PLC | Company Announcement,,https://www.investegate.co.uk/announcement/rns/dcc-energy-plc--dcc/recommended-acquisition-of-dcc-energy-plc/9687627
RELIANCE,NSE,2026-07-27 07:00:00+00:00,gdelt:dailypioneer.com,IGU Report Calls for Gas Market Reforms to Boost India Natural Gas Growth,,https://dailypioneer.com/news/reforms-infra-investment-critical-to-unlocking-indias-next-phase-of-gas-demand-growth-report
RELIANCE,NSE,2026-07-27 07:00:00+00:00,gdelt:vietnamnews.vn,Resolution 57 drives new policies to unlock resources for strategic technologies,,https://vietnamnews.vn/Sci-Tech/1796255/resolution-57-drives-new-policies-to-unlock-resources-for-strategic-technologies.html
RELIANCE,NSE,2026-07-27 07:15:00+00:00,gdelt:allafrica.com,Sudan : Economist -  Sudan Should Channel Half Its Cash Supply Into Sovereign Fund,,https://allafrica.com/stories/202607270004.html
RELIANCE,NSE,2026-07-27 08:30:00+00:00,gdelt:ghanamma.com,"Ghana Ambitious Plan to Repatriate an Additional 1 , 000 Workers from South Africa Amid Economic and Social Challenges – Ghanamma . com",,https://www.ghanamma.com/2026/07/27/ghanas-ambitious-plan-to-repatriate-an-additional-1000-workers-from-south-africa-amid-economic-and-social-challenges/
RELIANCE,NSE,2026-07-27 08:30:00+00:00,gdelt:novinite.com,The Jobs of the Future : Which Careers Will Be Most in Demand After AI ? - Novinite . com,,https://www.novinite.com/articles/239834/The+Jobs+of+the+Future:+Which+Careers+Will+Be+Most+in+Demand+After+AI
RELIANCE,NSE,2026-07-27 08:30:00+00:00,gdelt:news.tuoitre.vn,Vietnam first aluminum ingots roll off production line after 11 years,,https://news.tuoitre.vn/vietnams-first-aluminum-ingots-roll-off-production-line-after-11-years-103260727131213194.htm
RELIANCE,NSE,2026-07-27 09:15:00+00:00,gdelt:english.aawsat.com,Saudi Trade Surplus Soars 329 % as Exports Drive Gains,,https://english.aawsat.com/business/5300427-saudi-trade-surplus-soars-329-exports-drive-gains
RELIANCE,NSE,2026-07-27 11:15:00+00:00,gdelt:prnewswire.com,Ameren Missouri plans new energy center to deliver long - term value and around - the - clock power,,https://www.prnewswire.com/news-releases/ameren-missouri-plans-new-energy-center-to-deliver-long-term-value-and-around-the-clock-power-302834524.html
RELIANCE,NSE,2026-07-27 12:15:00+00:00,gdelt:finance.yahoo.com,Nvidia Rumored $600 Billion OpenAI Deal Could Reignite Its Biggest AI Controversy,,https://finance.yahoo.com/technology/ai/articles/nvidia-rumored-600-billion-openai-112031123.html
RELIANCE,NSE,2026-07-27 12:15:00+00:00,gdelt:manilatimes.net,"Expand Energy Corporation to Acquire Twin Eagle , Creating North America Leading Integrated Natural Gas Company",,https://www.manilatimes.net/2026/07/27/tmt-newswire/globenewswire/expand-energy-corporation-to-acquire-twin-eagle-creating-north-americas-leading-integrated-natural-gas-company/2391990
RELIANCE,NSE,2026-07-27 12:15:00+00:00,gdelt:manilatimes.net,"US Defense Manufacturer , Elmet Technologies , to Streamline Supply Chain for Rapid Production of Hypersonic Vehicle Parts with 3D Systems DMP Flex 350 Triple",,https://www.manilatimes.net/2026/07/27/tmt-newswire/globenewswire/us-defense-manufacturer-elmet-technologies-to-streamline-supply-chain-for-rapid-production-of-hypersonic-vehicle-parts-with-3d-systems-dmp-flex-350-triple/2392023
RELIANCE,NSE,2026-07-27 12:30:00+00:00,gdelt:fortune.com,Europe employers face a new challenge keeping workers safe during heatwaves,,https://fortune.com/2026/07/27/europe-employers-face-new-challenge-keeping-workers-safe-during-heatwaves/
RELIANCE,NSE,2026-07-27 12:45:00+00:00,gdelt:leaderpost.com,Novanta Completes Acquisition of Riverpoint Medical,,https://leaderpost.com/press-releases/business-wire/novanta-completes-acquisition-of-riverpoint-medical/
RELIANCE,NSE,2026-07-27 13:00:00+00:00,gdelt:torontotelegraph.com,NextSource Materials Announces Updated Feasibility Study Results for Molo Mine Expansion to 150k tpa of SuperFlake ( R ) Graphite Concentrate,,http://www.torontotelegraph.com/news/279211906/nextsource-materials-announces-updated-feasibility-study-results-for-molo-mine-expansion-to-150k-tpa-of-superflaker-graphite-concentrate
RELIANCE,NSE,2026-07-27 13:15:00+00:00,gdelt:ghanamma.com,Kenya Strengthens Mission 300 Energy Transition with Strategic Implementation Workshop – Ghanamma . com,,https://www.ghanamma.com/2026/07/27/kenya-strengthens-mission-300-energy-transition-with-strategic-implementation-workshop/
RELIANCE,NSE,2026-07-27 13:15:00+00:00,gdelt:thezimbabwemail.com,"Global markets rally as oil plunges on Iran ceasefire hopes , Chinese chipmaker CXMT explodes in Shanghai debut - The Zimbabwe Mail Global markets rally as oil plunges on Iran ceasefire hopes , Chinese chipmaker CXMT explodes in Shanghai debut | Zimb...",,https://thezimbabwemail.com/markets/global-markets-rally-as-oil-plunges-on-iran-ceasefire-hopes-chinese-chipmaker-cxmt-explodes-in-shanghai-debut/
RELIANCE,NSE,2026-07-27 13:15:00+00:00,gdelt:manilatimes.net,Eightco Holdings ( NASDAQ : ORBS ) Announces its Participation in World Foundation $52 . 5M funding round as World Shifts From Building the Network to Scaling Utility,,https://www.manilatimes.net/2026/07/27/tmt-newswire/pr-newswire/eightco-holdings-nasdaq-orbs-announces-its-participation-in-world-foundations-525m-funding-round-as-world-shifts-from-building-the-network-to-scaling-utility/2392190
RELIANCE,NSE,2026-07-27 13:30:00+00:00,gdelt:fortune.com,Europe has an electrification target . Here how it can become a competitive advantage,,https://fortune.com/2026/07/27/europe-electrification-target-competitive-advantage/
RELIANCE,NSE,2026-07-27 13:45:00+00:00,gdelt:montrealgazette.com,The Next Evolution of Robotics : From Standalone Machines to Coordinated Autonomous Workforces,,https://montrealgazette.com/press-releases/globe-newswire/the-next-evolution-of-robotics-from-standalone-machines-to-coordinated-autonomous-workforces/
RELIANCE,NSE,2026-07-27 14:00:00+00:00,gdelt:leaderpost.com,"Small & Rural Law Enforcement Executives Association ( SRLEEA ) Selects Draganfly to Launch its Drone Implementation & Readiness Program for Small , Rural & Tribal Law Enforcement Agencies",,https://leaderpost.com/press-releases/globe-newswire/small-rural-law-enforcement-executives-association-srleea-selects-draganfly-to-launch-its-drone-implementation-readiness-program-for-small-rural-tribal-law-enforcement-agencies/
RELIANCE,NSE,2026-07-27 14:15:00+00:00,gdelt:wabx.net,Trump may need to allow Chinese minerals as US industry struggles to meet 2027 deadline,,https://wabx.net/2026/07/27/trump-may-need-to-allow-chinese-minerals-as-us-industry-struggles-to-meet-2027-deadline/
RELIANCE,NSE,2026-07-27 14:45:00+00:00,gdelt:bnnbloomberg.ca,Donald Trump may need to allow Chinese minerals as industry struggles,,https://www.bnnbloomberg.ca/business/international/2026/07/27/trump-may-need-to-allow-chinese-minerals-as-us-industry-struggles-to-meet-2027-deadline/
RELIANCE,NSE,2026-07-27 14:45:00+00:00,gdelt:forbes.com,Why Geopolitics Has Overtaken Supply And Demand In Commodity Markets,,https://www.forbes.com/councils/forbesbusinesscouncil/2026/07/27/why-geopolitics-has-overtaken-supply-and-demand-in-commodity-markets/
RELIANCE,NSE,2026-07-27 14:45:00+00:00,gdelt:pakistantoday.com.pk,Ukraine eyes 2027 prototype for Freyja shield,,https://www.pakistantoday.com.pk/2026/07/27/ukraine-targets-2027-prototype-for-new-european-missile-shield
RELIANCE,NSE,2026-07-27 14:45:00+00:00,gdelt:briefingwire.com,Cybersecurity Trends and Their Impact on Web Hosting Services,,https://www.briefingwire.com/pr/cybersecurity-trends-and-their-impact-on-web-hosting-services
RELIANCE,NSE,2026-07-27 16:15:00+00:00,gdelt:egyptianstreets.com,"Egypt Opens First Rapid Diagnostic Tests Factory in the Arab World , Backed by USD 16 . 55 Million Investment",,https://egyptianstreets.com/2026/07/27/egypt-opens-first-rapid-diagnostic-tests-factory-in-the-arab-world-backed-by-usd-16-55-million-investment/
RELIANCE,NSE,2026-07-27 17:00:00+00:00,gdelt:livemint.com,"Tata CLiQ trims FY26 losses , but luxury identity remains its biggest hurdle",,https://www.livemint.com/companies/company-results/tata-cliq-trims-fy26-losses-but-luxury-identity-remains-its-biggest-hurdle-11785160839792.html
RELIANCE,NSE,2026-07-27 17:15:00+00:00,gdelt:thenews.com.pk,China reaches major milestone as domestic DUV chip tools enter mass production,,https://www.thenews.com.pk/latest/1410425-china-reaches-major-milestone-as-domestic-duv-chip-tools-enter-mass-production
RELIANCE,NSE,2026-07-27 19:00:00+00:00,gdelt:thediplomat.com,India Successfully Tests Kusha Long - range Surface - to - Air Missile,,https://thediplomat.com/2026/07/india-successfully-tests-kusha-long-range-surface-to-air-missile/
RELIANCE,NSE,2026-07-27 19:45:00+00:00,gdelt:economictimes.indiatimes.com,NPCIL gets sole proposal from Hindalco for Bharat Small Reactors,,https://economictimes.indiatimes.com/industry/energy/power/npcil-gets-sole-proposal-from-hindalco-for-bharat-small-reactors/articleshow/132669986.cms
RELIANCE,NSE,2026-07-27 19:45:00+00:00,gdelt:economictimes.indiatimes.com,RMZ - Colt set to invest Rs 1 . 77L crore in Andhra Pradesh data centre,,https://economictimes.indiatimes.com/news/company/corporate-trends/rmz-colt-set-to-invest-rs-1-77l-crore-in-andhra-pradesh-data-centre/articleshow/132669899.cms
RELIANCE,NSE,2026-07-27 21:00:00+00:00,gdelt:leaderpost.com,Power Solutions International Appoints Richard Hu as Chief Executive Officer,,https://leaderpost.com/press-releases/globe-newswire/power-solutions-international-appoints-richard-hu-as-chief-executive-officer/
RELIANCE,NSE,2026-07-27 21:15:00+00:00,gdelt:stockhouse.com,2026 - 07 - 27 | SalesCloser Broadens Hospitality Footprint Through Global Xennox Engagement | TSXV : SCAI,,https://stockhouse.com/news/press-releases/2026/07/27/salescloser-broadens-hospitality-footprint-through-global-xennox-engagement
RELIANCE,NSE,2026-07-27 21:30:00+00:00,gdelt:manilatimes.net,"Univest Securities , LLC Announces a $10 Million Equity Line Facility for its Client Artificial Intelligence Technology Solutions Inc . ( OTCID : AITX )",,https://www.manilatimes.net/2026/07/28/tmt-newswire/globenewswire/univest-securities-llc-announces-a-10-million-equity-line-facility-for-its-client-artificial-intelligence-technology-solutions-inc-otcid-aitx/2392557
RELIANCE,NSE,2026-07-27 21:30:00+00:00,gdelt:manilatimes.net,SalesCloser Broadens Hospitality Footprint Through Global Xennox Engagement,,https://www.manilatimes.net/2026/07/28/tmt-newswire/globenewswire/salescloser-broadens-hospitality-footprint-through-global-xennox-engagement/2392538
RELIANCE,NSE,2026-07-27 22:15:00+00:00,gdelt:hellenicshippingnews.com,SK Innovation E & S Imports First Australian Crude | Hellenic Shipping News Worldwide,,https://www.hellenicshippingnews.com/sk-innovation-es-imports-first-australian-crude/
RELIANCE,NSE,2026-07-27 23:00:00+00:00,gdelt:dailymaverick.co.za,Pentagon says US industry still years from matching Ukraine wartime output,,https://www.dailymaverick.co.za/article/2026-07-27-pentagon-says-us-industry-still-years-from-matching-ukraines-wartime-output/
RELIANCE,NSE,2026-07-27 23:15:00+00:00,gdelt:indiagazette.com,Unstop Launches Seven AI Agents to Automate End - to - End Enterprise Hiring,,http://www.indiagazette.com/news/279212412/unstop-launches-seven-ai-agents-to-automate-end-to-end-enterprise-hiring
RELIANCE,NSE,2026-07-27 23:45:00+00:00,gdelt:omanobserver.om,Al Wusta boosts food security scheme with investments worth RO 857m,,https://www.omanobserver.om/article/1193578/oman/al-wusta-boosts-food-security-scheme-with-investments-worth-ro-857m
RELIANCE,NSE,2026-07-28 00:00:00+00:00,gdelt:english.news.cn,"Interview : Africa industrial takeoff  only beginning , says Chinese entrepreneur - Xinhua",,https://english.news.cn/africa/20260728/aa79956695c84f2ab212c8b55a14e99d/c.html
RELIANCE,NSE,2026-07-28 00:15:00+00:00,gdelt:pottsmerc.com,Nvidia $750 billion deals revive fear of AI circular financing – The Mercury,,https://www.pottsmerc.com/2026/07/27/nvidia-ai-circular-financing/
RELIANCE,NSE,2026-07-28 00:15:00+00:00,gdelt:itnewsonline.com,FactSet Announces Appointment of Chief People & Workforce Transformation Officer,,https://www.itnewsonline.com/GlobeNewswire/FactSet-Announces-Appointment-of-Chief-People--Workforce-Transformation-Officer/127207
RELIANCE,NSE,2026-07-28 00:30:00+00:00,gdelt:ocregister.com,Nvidia $750 billion deals revive fear of AI circular financing – Orange County Register,,https://www.ocregister.com/2026/07/27/nvidia-ai-circular-financing/
RELIANCE,NSE,2026-07-28 00:30:00+00:00,gdelt:bostonherald.com,Nvidia $750 billion deals revive fear of AI circular financing – Boston Herald,,https://www.bostonherald.com/2026/07/27/nvidia-ai-circular-financing/
RELIANCE,NSE,2026-07-28 00:30:00+00:00,gdelt:fortmorgantimes.com,Nvidia $750 billion deals revive fear of AI circular financing – The Fort Morgan Times,,https://www.fortmorgantimes.com/2026/07/27/nvidia-ai-circular-financing/
RELIANCE,NSE,2026-07-28 00:30:00+00:00,gdelt:dailycamera.com,Nvidia $750 billion deals revive fear of AI circular financing – Boulder Daily Camera,,https://www.dailycamera.com/2026/07/27/nvidia-ai-circular-financing/
RELIANCE,NSE,2026-07-28 00:45:00+00:00,gdelt:citizensvoice.com,Nvidia $750 billion deals revive fear of AI circular financing – Wilkes - Barre Citizen Voice,,https://www.citizensvoice.com/2026/07/27/nvidia-ai-circular-financing/
RELIANCE,NSE,2026-07-28 01:00:00+00:00,gdelt:pilotonline.com,Nvidia $750 billion deals revive fear of AI circular financing – The Virginian - Pilot,,https://www.pilotonline.com/2026/07/27/nvidia-ai-circular-financing/
RELIANCE,NSE,2026-07-28 01:00:00+00:00,gdelt:timescall.com,Nvidia $750 billion deals revive fear of AI circular financing – Longmont Times - Call,,https://www.timescall.com/2026/07/27/nvidia-ai-circular-financing/
RELIANCE,NSE,2026-07-28 01:30:00+00:00,gdelt:canoncitydailyrecord.com,Nvidia $750 billion deals revive fear of AI circular financing – Canon City Daily Record,,https://www.canoncitydailyrecord.com/2026/07/27/nvidia-ai-circular-financing/
RELIANCE,NSE,2026-07-28 01:30:00+00:00,gdelt:mainlinemedianews.com,Nvidia $750 billion deals revive fear of AI circular financing – Mainline Media News,,https://www.mainlinemedianews.com/2026/07/27/nvidia-ai-circular-financing/
RELIANCE,NSE,2026-07-28 01:30:00+00:00,gdelt:coloradohometownweekly.com,Nvidia $750 billion deals revive fear of AI circular financing – Colorado Hometown Weekly,,https://www.coloradohometownweekly.com/2026/07/27/nvidia-ai-circular-financing/
RELIANCE,NSE,2026-07-28 01:30:00+00:00,gdelt:broomfieldenterprise.com,Nvidia $750 billion deals revive fear of AI circular financing – Broomfield Enterprise,,https://www.broomfieldenterprise.com/2026/07/27/nvidia-ai-circular-financing/
RELIANCE,NSE,2026-07-28 01:45:00+00:00,gdelt:sentinelandenterprise.com,Nvidia $750 billion deals revive fear of AI circular financing – Sentinel and Enterprise,,https://www.sentinelandenterprise.com/2026/07/27/nvidia-ai-circular-financing/
RELIANCE,NSE,2026-07-28 01:45:00+00:00,gdelt:mcall.com,Nvidia $750 billion deals revive fear of AI circular financing – The Morning Call,,https://www.mcall.com/2026/07/27/nvidia-ai-circular-financing/
RELIANCE,NSE,2026-07-28 01:45:00+00:00,gdelt:etoday.co.kr,"NH아문디  지정학 , 일시 변수 아닌 상시 투자 변수로 부상",,https://www.etoday.co.kr/news/view/2608170
RELIANCE,NSE,2026-07-28 02:00:00+00:00,gdelt:pressdemocrat.com,Nvidia $750 billion deals revive fear of AI circular financing – The Press Democrat,,https://www.pressdemocrat.com/2026/07/27/nvidia-ai-circular-financing/
RELIANCE,NSE,2026-07-28 02:15:00+00:00,gdelt:thereporteronline.com,Nvidia $750 billion deals revive fear of AI circular financing – thereporteronline,,https://www.thereporteronline.com/2026/07/27/nvidia-ai-circular-financing/
RELIANCE,NSE,2026-07-28 02:45:00+00:00,gdelt:mendocinobeacon.com,Nvidia $750 billion deals revive fear of AI circular financing – The Mendocino Beacon,,https://www.mendocinobeacon.com/2026/07/27/nvidia-ai-circular-financing/
RELIANCE,NSE,2026-07-28 03:00:00+00:00,gdelt:sun-sentinel.com,Nvidia $750 billion deals revive fear of AI circular financing – Sun Sentinel,,https://www.sun-sentinel.com/2026/07/27/nvidia-ai-circular-financing/
RELIANCE,NSE,2026-07-28 03:00:00+00:00,gdelt:dailylocal.com,Nvidia $750 billion deals revive fear of AI circular financing – Daily Local,,https://www.dailylocal.com/2026/07/27/nvidia-ai-circular-financing/
RELIANCE,NSE,2026-07-28 03:00:00+00:00,gdelt:journal-advocate.com,Nvidia $750 billion deals revive fear of AI circular financing – Sterling Journal - Advocate,,https://www.journal-advocate.com/2026/07/27/nvidia-ai-circular-financing/
RELIANCE,NSE,2026-07-28 03:00:00+00:00,gdelt:dailynews.com,Nvidia $750 billion deals revive fear of AI circular financing – Daily News,,https://www.dailynews.com/2026/07/27/nvidia-ai-circular-financing/
RELIANCE,NSE,2026-07-28 03:15:00+00:00,gdelt:slguardian.org,AI and the Productivity Paradox The Aviation Example,,https://slguardian.org/ai-and-the-productivity-paradox-the-aviation-example/
RELIANCE,NSE,2026-07-28 03:15:00+00:00,gdelt:akronnewsreporter.com,Nvidia $750 billion deals revive fear of AI circular financing – Akron News - Reporter,,https://www.akronnewsreporter.com/2026/07/27/nvidia-ai-circular-financing/
RELIANCE,NSE,2026-07-28 03:30:00+00:00,gdelt:timesherald.com,Nvidia $750 billion deals revive fear of AI circular financing – The Times Herald,,https://www.timesherald.com/2026/07/27/nvidia-ai-circular-financing/
RELIANCE,NSE,2026-07-28 03:30:00+00:00,gdelt:record-bee.com,Nvidia $750 billion deals revive fear of AI circular financing – Lake County Record - Bee,,https://www.record-bee.com/2026/07/27/nvidia-ai-circular-financing/
RELIANCE,NSE,2026-07-28 03:30:00+00:00,gdelt:eptrail.com,Nvidia $750 billion deals revive fear of AI circular financing – Estes Park Trail - Gazette,,https://www.eptrail.com/2026/07/27/nvidia-ai-circular-financing/
RELIANCE,NSE,2026-07-28 03:30:00+00:00,gdelt:thetimes-tribune.com,Nvidia $750 billion deals revive fear of AI circular financing – Scranton Times - Tribune,,https://www.thetimes-tribune.com/2026/07/27/nvidia-ai-circular-financing/
RELIANCE,NSE,2026-07-28 03:45:00+00:00,gdelt:global.chinadaily.com.cn,Scientific innovation aids food cultivation,,http://global.chinadaily.com.cn/a/202607/28/WS6a680660a310986e2b467a4c.html
RELIANCE,NSE,2026-07-28 03:45:00+00:00,gdelt:tarunbharat.com,Five - day slide halted ; stock market rallies .,,https://www.tarunbharat.com/five-day-slide-halted-stock-market-rallies/
RELIANCE,NSE,2026-07-28 03:45:00+00:00,gdelt:dailydemocrat.com,Nvidia $750 billion deals revive fear of AI circular financing – Daily Democrat,,https://www.dailydemocrat.com/2026/07/27/nvidia-ai-circular-financing/
RELIANCE,NSE,2026-07-28 04:00:00+00:00,gdelt:greeleytribune.com,Nvidia $750 billion deals revive fear of AI circular financing – Greeley Tribune,,https://www.greeleytribune.com/2026/07/27/nvidia-ai-circular-financing/
RELIANCE,NSE,2026-07-28 04:00:00+00:00,gdelt:advocate-news.com,Nvidia $750 billion deals revive fear of AI circular financing – Fort Bragg Advocate - News,,https://www.advocate-news.com/2026/07/27/nvidia-ai-circular-financing/
RELIANCE,NSE,2026-07-28 04:00:00+00:00,gdelt:twincities.com,Nvidia $750 billion deals revive fear of AI circular financing – Twin Cities,,https://www.twincities.com/2026/07/27/nvidia-ai-circular-financing/
RELIANCE,NSE,2026-07-28 04:15:00+00:00,gdelt:orovillemr.com,Nvidia $750 billion deals revive fear of AI circular financing – Oroville Mercury - Register,,https://www.orovillemr.com/2026/07/27/nvidia-ai-circular-financing/
RELIANCE,NSE,2026-07-28 04:15:00+00:00,gdelt:lowellsun.com,Nvidia $750 billion deals revive fear of AI circular financing – Lowell Sun,,https://www.lowellsun.com/2026/07/27/nvidia-ai-circular-financing/
RELIANCE,NSE,2026-07-28 04:15:00+00:00,gdelt:sandiegouniontribune.com,Nvidia $750 billion deals revive fear of AI circular financing – San Diego Union - Tribune,,https://www.sandiegouniontribune.com/2026/07/27/nvidia-ai-circular-financing/
RELIANCE,NSE,2026-07-28 04:30:00+00:00,gdelt:reporterherald.com,Nvidia $750 billion deals revive fear of AI circular financing – Loveland Reporter - Herald,,https://www.reporterherald.com/2026/07/27/nvidia-ai-circular-financing/
RELIANCE,NSE,2026-07-28 05:00:00+00:00,gdelt:finanznachrichten.de,Adhoc : Schlatter Industries AG : Schlatter strengthens its management team for the next phase of the company development,,https://www.finanznachrichten.de/nachrichten-2026-07/69137736-adhoc-schlatter-industries-ag-schlatter-strengthens-its-management-team-for-the-next-phase-of-the-company-s-development-023.htm
RELIANCE,NSE,2026-07-28 05:00:00+00:00,gdelt:republicanherald.com,Nvidia $750 billion deals revive fear of AI circular financing – Pottsville Republican Herald,,https://www.republicanherald.com/2026/07/27/nvidia-ai-circular-financing/
RELIANCE,NSE,2026-07-28 05:00:00+00:00,gdelt:newsx.com,Why Is Stock Market Rising Today ? Sensex Gains Despite Asian Market Weakness and Falling Crude Prices,,https://www.newsx.com/business/why-is-stock-market-rising-today-sensex-gains-despite-asian-market-weakness-and-falling-crude-prices-253471/
RELIANCE,NSE,2026-07-28 05:00:00+00:00,gdelt:navbharattimes.indiatimes.com,"500 % उछाल ! बाजार में कदम रखते ही चीन की सबसे वैल्यूबल कंपनी बनी CXMT , रिलायंस से तीन गुना मार्केट कैप",,https://navbharattimes.indiatimes.com/business/share-market/share-news/chipmaker-cxmt-becomes-mainland-chinas-most-valuable-listed-firm-afters-stock-jump-500-percent-on-debut/articleshow/132674875.cms
RELIANCE,NSE,2026-07-28 05:00:00+00:00,gdelt:koreaherald.com,[ Legal updates in Korea ] Crime prevention support expanded for single - owner and women - owned businesses,,https://www.koreaherald.com/article/10822879
RELIANCE,NSE,2026-07-28 05:00:00+00:00,gdelt:chicoer.com,Nvidia $750 billion deals revive fear of AI circular financing – Chico Enterprise - Record,,https://www.chicoer.com/2026/07/27/nvidia-ai-circular-financing/
RELIANCE,NSE,2026-07-28 05:30:00+00:00,gdelt:asianews.network,Tariff pressure prompts call for further supply chain restructuring in Vietnam,,https://asianews.network/tariff-pressure-prompts-call-for-further-supply-chain-restructuring-in-vietnam/
RELIANCE,NSE,2026-07-28 05:45:00+00:00,gdelt:economictimes.indiatimes.com,India new import rule that could make homes and infrastructure costlier,,https://economictimes.indiatimes.com/news/economy/foreign-trade/india-dgft-pvc-resin-import-rule-homes-infrastructure-pipes-costlier/articleshow/132675606.cms
RELIANCE,NSE,2026-07-28 05:45:00+00:00,gdelt:chiangraitimes.com,Thailand Bets Heavily On Natural Gas For Its Economic Growth,,https://www.chiangraitimes.com/business/thailand-bets-heavily-on-natural-gas/
RELIANCE,NSE,2026-07-28 05:45:00+00:00,gdelt:econews.com.au,"Global battery energy storage installed capacity to rise sixfold by 2030 , forecasts GlobalData | Empower Stories | Build Authority",,https://econews.com.au/global-battery-energy-storage-installed-capacity-to-rise-sixfold-by-2030-forecasts-globaldata/
RELIANCE,NSE,2026-07-28 07:00:00+00:00,gdelt:biz.heraldcorp.com,"美가 막을수록 더 강해졌다  中 반도체 , IPO 대박 · 노광장비 생산 … 기술자립 가속 [ 디브리핑 ]",,https://biz.heraldcorp.com/article/10823113
RELIANCE,NSE,2026-07-28 07:30:00+00:00,gdelt:fnnews.com,코스피 장중 6000선 붕괴 … 외국인 4조  패닉셀 [ fn마감시황 ],,https://www.fnnews.com/news/202607281538171499
RELIANCE,NSE,2026-07-28 07:30:00+00:00,gdelt:eco-business.com,"Philippines pushes AI hub , gas , and nuclear to boost investment",,https://www.eco-business.com/news/philippines-pushes-ai-hub-gas-and-nuclear-to-boost-investment/
RELIANCE,NSE,2026-07-28 08:30:00+00:00,gdelt:finanznachrichten.de,Atos International : Eviden and Thales strengthen resilient navigation capabilities for French army vehicles,,https://www.finanznachrichten.de/nachrichten-2026-07/69140219-atos-international-eviden-and-thales-strengthen-resilient-navigation-capabilities-for-french-army-vehicles-399.htm
RELIANCE,NSE,2026-07-28 08:30:00+00:00,gdelt:bignewsnetwork.com,Trump shifts to longer - term tariff strategy with more duties ahead,,http://www.bignewsnetwork.com/news/279209556/trump-shifts-to-longer-term-tariff-strategy-with-more-duties-ahead
RELIANCE,NSE,2026-07-28 08:30:00+00:00,gdelt:itnewsonline.com,Eviden and Thales strengthen resilient navigation capabilities for French army vehicles,,https://www.itnewsonline.com/GlobeNewswire/Eviden-and-Thales-strengthen-resilient-navigation-capabilities-for-French-army-vehicles/127222
RELIANCE,NSE,2026-07-28 09:15:00+00:00,gdelt:varsitarian.net,"PBBM vows ex - speaker arrest , policy reforms in fifth SONA",,https://varsitarian.net/pbbm-vows-ex-speakers-arrest-policy-reforms-in-fifth-sona/
RELIANCE,NSE,2026-07-28 10:15:00+00:00,gdelt:arabnews.com,Saudi Arabia animation industry should bet on homegrown characters and stories,,https://www.arabnews.com/node/2652547/lifestyle
RELIANCE,NSE,2026-07-28 10:45:00+00:00,gdelt:manilatimes.net,EUDA Health Signs Important Tri - Party Memorandum of Understanding with GO POSB Organoids and Shenzhen Inno to Significantly Advance Next - Generation iPSC and NK - TCR Cell Therapies,,https://www.manilatimes.net/2026/07/28/tmt-newswire/globenewswire/euda-health-signs-important-tri-party-memorandum-of-understanding-with-go-posb-organoids-and-shenzhen-inno-to-significantly-advance-next-generation-ipsc-and-nk-tcr-cell-therapies/2392820
RELIANCE,NSE,2026-07-28 11:15:00+00:00,gdelt:investegate.co.uk,2nd Quarter Results | Company Announcement,,https://www.investegate.co.uk/announcement/rns/gsk--gsk/2nd-quarter-results/9691506
RELIANCE,NSE,2026-07-28 12:30:00+00:00,gdelt:mondaq.com,Are AI And ESG Redefining Transfer Pricing Roles In Banking,,https://www.mondaq.com/unitedstates/corporate-tax/1823408/are-ai-and-esg-redefining-transfer-pricing-roles-in-banking
RELIANCE,NSE,2026-07-28 12:45:00+00:00,gdelt:laosnews.net,New U . S . tariffs mark broader shift in Trump trade strategy,,http://www.laosnews.net/news/279209556/new-u-s-tariffs-mark-broader-shift-in-trump-s-trade-strategy
RELIANCE,NSE,2026-07-28 12:45:00+00:00,gdelt:asiabulletin.com,Trump rebuilds tariff agenda on firmer legal footing,,http://www.asiabulletin.com/news/279209556/trump-rebuilds-tariff-agenda-on-firmer-legal-footing
RELIANCE,NSE,2026-07-28 13:00:00+00:00,gdelt:finanznachrichten.de,"VirExit Technologies Inc .: Lavish Enterprises Announces FleetPath Fraud and Double - Brokering Screening , Catching Bad Actors Before They Cost a Trucking Company Its Paycheck",,https://www.finanznachrichten.de/nachrichten-2026-07/69144084-virexit-technologies-inc-lavish-enterprises-announces-fleetpath-s-fraud-and-double-brokering-screening-catching-bad-actors-before-they-cost-a-truck-200.htm
RELIANCE,NSE,2026-07-28 13:15:00+00:00,gdelt:pr-inside.com,ClearSign Receives Order for  M1  Series Burner from Tulsa Midstream ...,,https://www.pr-inside.com/clearsign-receives-order-for-m1-series-burner-from-tulsa-midstream-r5205502.htm
RELIANCE,NSE,2026-07-28 13:15:00+00:00,gdelt:investegate.co.uk,Result of WRAP Retail Offer | Company Announcement,,https://www.investegate.co.uk/announcement/rns/bradda-head-lithium-limited-npv-di---bhl/result-of-wrap-retail-offer-/9691534
RELIANCE,NSE,2026-07-28 13:30:00+00:00,gdelt:prnewswire.com,EY Survey : C - Suites Pivot from AI Adoption to Unlocking Value as Escalating Token Costs Trigger Fiscal Scrutiny,,http://www.prnewswire.com/news-releases/ey-survey-c-suites-pivot-from-ai-adoption-to-unlocking-value-as-escalating-token-costs-trigger-fiscal-scrutiny-302836535.html
RELIANCE,NSE,2026-07-28 13:30:00+00:00,gdelt:thestarphoenix.com,Luxury Lifestyle Boom is Accelerating as Premium Fashion Brands Race Toward a $500 Billion Global Economy,,https://thestarphoenix.com/press-releases/pr-newswire/luxury-lifestyle-boom-is-accelerating-as-premium-fashion-brands-race-toward-a-500-billion-global-economy/
RELIANCE,NSE,2026-07-28 13:30:00+00:00,gdelt:manilatimes.net,GMEX Robotics Corporation Enters into Definitive Agreement to Acquire Strategic Equity Interest in MediaMeta . Ai to Advance Social Intelligence,,https://www.manilatimes.net/2026/07/28/tmt-newswire/globenewswire/gmex-robotics-corporation-enters-into-definitive-agreement-to-acquire-strategic-equity-interest-in-mediametaai-to-advance-social-intelligence/2393103
RELIANCE,NSE,2026-07-28 14:00:00+00:00,gdelt:auto.economictimes.indiatimes.com,"China EV , auto hubs power regional growth divide as traditional provinces lag , ETAuto",,https://auto.economictimes.indiatimes.com/news/industry/chinas-ev-auto-hubs-power-regional-growth-divide-as-traditional-provinces-lag/132681195
RELIANCE,NSE,2026-07-28 14:00:00+00:00,gdelt:manilatimes.net,Summit State Bank Reports Second Quarter 2026 Financial Results,,https://www.manilatimes.net/2026/07/28/tmt-newswire/globenewswire/summit-state-bank-reports-second-quarter-2026-financial-results/2393170
RELIANCE,NSE,2026-07-28 14:00:00+00:00,gdelt:timesofindia.indiatimes.com,Big manufacturing push : How India is aiming to future proof its supply chains from global conflicts,,https://timesofindia.indiatimes.com/business/india-business/big-manufacturing-push-how-india-is-aiming-to-future-proof-its-supply-chains-from-global-conflicts/articleshow/132685236.cms
RELIANCE,NSE,2026-07-28 14:00:00+00:00,gdelt:manilatimes.net,Workhorse Group Announces Planned Entry into Mobile AI Data Center Category,,https://www.manilatimes.net/2026/07/28/tmt-newswire/globenewswire/workhorse-group-announces-planned-entry-into-mobile-ai-data-center-category/2393172
RELIANCE,NSE,2026-07-28 15:00:00+00:00,gdelt:tennesseedaily.com,ClearSign Receives Order for,,http://www.tennesseedaily.com/news/279213337/clearsign-receives-order-for-m1-series-burner-from-tulsa-midstream-heaters-thm
RELIANCE,NSE,2026-07-28 15:00:00+00:00,gdelt:aninews.in,R|Elan™ Circular Design Challenge : Distinguished APAC jury names BYO by Tommy Tedji as finalist,,https://aninews.in/news/entertainment/out-of-box/relan8482-circular-design-challenge-distinguished-apac-jury-names-byo-by-tommy-tedji-as-finalist20260728200430/
RELIANCE,NSE,2026-07-28 15:00:00+00:00,gdelt:finanznachrichten.de,inFlow Inventory : 81 % of Inventory Operators Want AI . Only 11 % Are Using It,,https://www.finanznachrichten.de/nachrichten-2026-07/69145579-inflow-inventory-81-of-inventory-operators-want-ai-only-11-are-using-it-008.htm
RELIANCE,NSE,2026-07-28 15:15:00+00:00,gdelt:jagranjosh.com,"Atal Vayo Abhyuday Yojana : सरकार की बड़ी पहल , कैसे करें ऑनलाइन आवेदन , यहां देखें हर एक डिटेल्स",,https://www.jagranjosh.com/general-knowledge/atal-vayo-abhyuday-yojana-a-scheme-to-improve-the-quality-of-life-of-the-senior-citizens-in-hindi-1820010952-2
RELIANCE,NSE,2026-07-28 15:15:00+00:00,gdelt:vccircle.com,Brookfield sees 6 . 5 GW of AI data - centre capacity coming online in India,,https://www.vccircle.com/brookfieldsees-6-5-gw-of-ai-data-centre-capacity-coming-online-in-india
RELIANCE,NSE,2026-07-28 15:15:00+00:00,gdelt:newkerala.com,BYO by Tommy Tedji Named APAC Finalist in Circular Design Challenge,,https://www.newkerala.com/news/a/relan-circular-design-challenge-distinguished-apac-jury-names-943.htm
RELIANCE,NSE,2026-07-28 16:15:00+00:00,gdelt:beijingbulletin.com,China - Africa Salon : Africa industrial takeoff,,http://www.beijingbulletin.com/news/279213105/china-africa-salon-africa-industrial-takeoff-only-beginning-says-chinese-entrepreneur
RELIANCE,NSE,2026-07-28 16:15:00+00:00,gdelt:prnewswire.com,Jaguar Uranium Launches U . S . Government Strategy with Manifest Industries and Adds General Charles Flynn as Advisor,,http://www.prnewswire.com/news-releases/jaguar-uranium-launches-us-government-strategy-with-manifest-industries-and-adds-general-charles-flynn-as-advisor-302836731.html
RELIANCE,NSE,2026-07-28 16:15:00+00:00,gdelt:hawaiitelegraph.com,"Lavish Enterprises Announces FleetPath Fraud and Double - Brokering Screening , Catching Bad Actors Before They Cost a Trucking Company Its Paycheck",,http://www.hawaiitelegraph.com/news/279213338/lavish-enterprises-announces-fleetpath-fraud-and-double-brokering-screening-catching-bad-actors-before-they-cost-a-trucking-company-its-paycheck
RELIANCE,NSE,2026-07-28 16:45:00+00:00,gdelt:presstv.co.uk,Inside Yemen target bank : Why Saudi Arabia critical infrastructure is sitting on a tinderbox,,https://www.presstv.co.uk/Detail/2026/07/27/773156/inside-yemen-target-bank-why-saudi-arabia-critical-infrastructure-sitting-tinderbox
RELIANCE,NSE,2026-07-28 16:45:00+00:00,gdelt:boldsky.com,August 2026 Important Days And Events : Complete List Of National And International Observances This Month,,https://www.boldsky.com/insync/august-2026-important-days-and-events-complete-list-of-national-international-observances-this-month-172007.html
RELIANCE,NSE,2026-07-28 16:45:00+00:00,gdelt:torontotelegraph.com,Sekur Private Data Reports 25 % Month - Over - Month Increase in Average Revenue Per User as Premium Pivot Takes Hold,,http://www.torontotelegraph.com/news/279213333/sekur-private-data-reports-25-month-over-month-increase-in-average-revenue-per-user-as-premium-pivot-takes-hold
RELIANCE,NSE,2026-07-28 17:15:00+00:00,gdelt:prokerala.com,PM Modi tells top officials to jointly focus on big push to economic growth,,https://www.prokerala.com/news/articles/a1793630.html
RELIANCE,NSE,2026-07-28 17:15:00+00:00,gdelt:aninews.in,Prime Minister chairs second meeting with Secretaries of Government of India,,https://aninews.in/news/national/general-news/prime-minister-chairs-second-meeting-with-secretaries-of-government-of-india20260728220547/
RELIANCE,NSE,2026-07-28 17:15:00+00:00,gdelt:navbharattimes.indiatimes.com,"New Import Rule : एक्‍शन तो ले लिया , लेकिन नतीजे नहीं दिख रहे अच्‍छे , भारत के इस नए नियम को लेकर चेतावनी",,https://navbharattimes.indiatimes.com/business/business-news/india-new-import-rule-on-pvc-resin-gtri-warning-homes-infra-may-get-costlier/articleshow/132689554.cms
RELIANCE,NSE,2026-07-28 17:45:00+00:00,gdelt:livehindustan.com,"प्रधानमंत्री आवास पर नौकरशाहों की हाई लेवल मीटिंग , पीएम मोदी ने दिए खास निर्देश",,https://www.livehindustan.com/national/pm-narendra-modi-second-high-level-meeting-with-secretaries-of-various-ministries-201785257204310.html
RELIANCE,NSE,2026-07-28 18:00:00+00:00,gdelt:khaskhabar.com,"PM Modi Chairs Second High - Level Meeting with Secretaries of the Government of India , Delhi News in Hindi",,https://www.khaskhabar.com/local/delhi-ncr/delhi-news/news-pm-modi-chairs-second-high-level-meeting-with-secretaries-of-the-government-of-india-news-hindi-1-832252-KKN.html
RELIANCE,NSE,2026-07-28 18:00:00+00:00,gdelt:livemint.com,Coca - Cola India value market share slips in June quarter,,https://www.livemint.com/companies/company-results/coca-cola-india-market-value-share-loss-reliances-campa-cola-11785247502388.html
RELIANCE,NSE,2026-07-28 18:45:00+00:00,gdelt:pragativadi.com,PM Modi Viksit Bharat : A Push for Governance Reform - Pragativadi I Latest Odisha News in English I Breaking News,,https://pragativadi.com/break-the-silos-pm-modi-rallies-secretaries-for-a-seamless-tech-powered-viksit-bharat/
RELIANCE,NSE,2026-07-28 19:00:00+00:00,gdelt:singaporestar.com,81 % of Inventory Operators Want AI . Only 11 % Are Using It,,http://www.singaporestar.com/news/279213569/81-of-inventory-operators-want-ai-only-11-are-using-it
RELIANCE,NSE,2026-07-28 19:30:00+00:00,gdelt:thenews.coop,"Obituary : Rameshan Paleri , chair of Uralungal Labour Contract Co - op",,https://www.thenews.coop/obituary-rameshan-paleri-chair-of-uralungal-labour-contract-co-op/
RELIANCE,NSE,2026-07-28 19:45:00+00:00,gdelt:arynews.tv,Iran : Analyzing Resilience in Adverse Conditions,,https://arynews.tv/iran-analyzing-resilience-in-adverse-conditions
RELIANCE,NSE,2026-07-28 19:45:00+00:00,gdelt:channelafrica.co.za,"Innovation , technology tops agenda at SADC Industrialisation Week – Channel Africa",,https://www.channelafrica.co.za/channelafrica/news/innovation-technology-tops-agenda-at-sadc-industrialisation-week/
RELIANCE,NSE,2026-07-28 19:45:00+00:00,gdelt:fool.com,Archer Aviation vs . QuantumScape : Which EV Stock Is a Better Buy in 2026 ?,,https://www.fool.com/coverage/better-buy/2026/07/28/archer-aviation-vs-quantumscape-which-ev-stock-is-a-better-buy-in-2026/?source=iedfolrf0000001
RELIANCE,NSE,2026-07-28 20:00:00+00:00,gdelt:kenyastar.com,R|Elan Circular Design Challenge : Distinguished APAC jury names BYO by Tommy Tedji as finalist,,http://www.kenyastar.com/news/279213895/relan-circular-design-challenge-distinguished-apac-jury-names-byo-by-tommy-tedji-as-finalist
RELIANCE,NSE,2026-07-28 20:15:00+00:00,gdelt:fool.com,Archer Aviation vs . Redwire : Which Aerospace Stock Is a Better Buy in 2026 ?,,https://www.fool.com/coverage/better-buy/2026/07/28/archer-aviation-vs-redwire-which-aerospace-stock-is-a-better-buy-in-2026/?source=iedfolrf0000001
RELIANCE,NSE,2026-07-28 20:45:00+00:00,gdelt:finanznachrichten.de,TechnipFMC plc : TechnipFMC Declares Quarterly Dividend,,https://www.finanznachrichten.de/nachrichten-2026-07/69147962-technipfmc-plc-technipfmc-declares-quarterly-dividend-004.htm
RELIANCE,NSE,2026-07-28 21:00:00+00:00,gdelt:newswiretoday.com,Eviden and Thales Strengthen Resilient Navigation Capabilities for French Army Vehicles - Military / Defense / Homeland Security - Thales Group,,https://www.newswiretoday.com/news/186608/Eviden-and-Thales-Strengthen-Resilient-Navigation-Capabilities-for-French-Army-Vehicles/
RELIANCE,NSE,2026-07-28 21:00:00+00:00,gdelt:manilatimes.net,Ellomay Enters the Italian Battery Storage Market with the Execution of an Agreement to Acquire a 51 . 75 MW / 207 MWh ( 4 - hour ) Project in Northern Italy,,https://www.manilatimes.net/2026/07/29/tmt-newswire/globenewswire/ellomay-enters-the-italian-battery-storage-market-with-the-execution-of-an-agreement-to-acquire-a-5175-mw-207-mwh-4-hour-project-in-northern-italy/2393513
RELIANCE,NSE,2026-07-28 21:00:00+00:00,gdelt:techstory.in,Data Centres Are Becoming the New Oil Fields,,https://techstory.in/data-centres-are-becoming-the-new-oil-fields/
RELIANCE,NSE,2026-07-28 21:00:00+00:00,gdelt:theindianawaaz.com,PM Modi chairs high - level meeting to review future action agenda – The Indian Awaaz,,https://theindianawaaz.com/pm-modi-chairs-high-level-meeting-to-review-future-action-agenda/
RELIANCE,NSE,2026-07-28 21:00:00+00:00,gdelt:prnewswire.com,Ferrovial reports strong H1 2026 results,,http://www.prnewswire.com/news-releases/ferrovial-reports-strong-h1-2026-results-302836989.html
RELIANCE,NSE,2026-07-28 21:15:00+00:00,gdelt:finanznachrichten.de,Ingredion Incorporated : Ingredion 595 pence All - Cash Offer to Acquire Tate & Lyle Accepted by Their Shareholders,,https://www.finanznachrichten.de/nachrichten-2026-07/69148291-ingredion-incorporated-ingredion-s-595-pence-all-cash-offer-to-acquire-tate-lyle-accepted-by-their-shareholders-399.htm
RELIANCE,NSE,2026-07-28 21:15:00+00:00,gdelt:manilatimes.net,Ingredion 595 pence All - Cash Offer to Acquire Tate & Lyle Accepted by Their Shareholders,,https://www.manilatimes.net/2026/07/29/tmt-newswire/globenewswire/ingredions-595-pence-all-cash-offer-to-acquire-tate-lyle-accepted-by-their-shareholders/2393546
RELIANCE,NSE,2026-07-28 22:00:00+00:00,gdelt:hindi.business-standard.com,"AI Data Center Demand : AI डेटा सेंटर की बढ़ती मांग से अर्थव्यवस्था को मिल रहा नया दमखम , कई सेक्टरों को मिलेगा फायदा - rising demand for ai data centers is giving fresh momentum to the economy",,https://hindi.business-standard.com/india-news/rising-demand-for-ai-data-centers-is-giving-fresh-momentum-to-the-economy-id-540479
RELIANCE,NSE,2026-07-28 22:00:00+00:00,gdelt:manilatimes.net,"Univest Securities , LLC Announces Closing of $4 Million Registered Direct Offering for its Client Ohmyhome Ltd ( NASDAQ : OMH )",,https://www.manilatimes.net/2026/07/29/tmt-newswire/globenewswire/univest-securities-llc-announces-closing-of-4-million-registered-direct-offering-for-its-client-ohmyhome-ltd-nasdaq-omh/2393557
RELIANCE,NSE,2026-07-28 22:15:00+00:00,gdelt:juniorminingnetwork.com,First Quantum Minerals Reports Second Quarter 2026 Results,,https://www.juniorminingnetwork.com/junior-miner-news/press-releases/815-tsx/fm/208104-first-quantum-minerals-reports-second-quarter-2026-results.html
RELIANCE,NSE,2026-07-28 22:45:00+00:00,gdelt:ft.lk,Mine the leverage ? | Daily FT,,https://www.ft.lk/columns/Mine-the-leverage/4-795301
RELIANCE,NSE,2026-07-28 23:00:00+00:00,gdelt:finanznachrichten.de,Diamond Estates Wines & Spirits Inc .: Diamond Estates Wines & Spirits Reports Fiscal 2026 Financial Results,,https://www.finanznachrichten.de/nachrichten-2026-07/69148780-diamond-estates-wines-spirits-inc-diamond-estates-wines-spirits-reports-fiscal-2026-financial-results-296.htm
RELIANCE,NSE,2026-07-28 23:00:00+00:00,gdelt:thestarphoenix.com,Great West reports Q2 2026 results with double - digit earnings growth,,https://thestarphoenix.com/press-releases/pr-newswire/great-west-reports-q2-2026-results-with-double-digit-earnings-growth/
RELIANCE,NSE,2026-07-28 23:30:00+00:00,gdelt:allafrica.com,Malawi : Lake Malawi to Get Four New Vessels Under China - Backed Transport Deal,,https://allafrica.com/stories/202607280583.html
RELIANCE,NSE,2026-07-30 00:00:00+00:00,gdelt:riponadvance.com,"Blackburn bill aims to onshore manufacturing of critical medical supplies , drugs",,https://riponadvance.com/stories/blackburns-bill-aims-to-onshore-manufacturing-of-critical-medical-supplies-drugs/
RELIANCE,NSE,2026-07-30 00:15:00+00:00,gdelt:miragenews.com,Eyes Of Sky Backed In Far North Queensland,,https://www.miragenews.com/eyes-of-sky-backed-in-far-north-queensland-1718774/
RELIANCE,NSE,2026-07-30 00:45:00+00:00,gdelt:leaderpost.com,AGI Announces Second Quarter 2026 Results & Provides Business Update,,https://leaderpost.com/press-releases/business-wire/agi-announces-second-quarter-2026-results-provides-business-update/
RELIANCE,NSE,2026-07-30 00:45:00+00:00,gdelt:allafrica.com,North Africa : Egypt Simplex Opens $50m CNC Factory in Regional Expansion,,https://allafrica.com/stories/202607290663.html
RELIANCE,NSE,2026-07-30 01:00:00+00:00,gdelt:oilprice.com,Investors Are Racing to Find America Next Rare Earth Winner,,https://oilprice.com/Energy/Energy-General/Investors-Are-Racing-to-Find-Americas-Next-Rare-Earth-Winner.html
RELIANCE,NSE,2026-07-30 01:15:00+00:00,gdelt:livemint.com,"Exide , Amara Raja , Waaree likely bidders in 10GWh grid - scale energy storage tender",,https://www.livemint.com/news/india/exide-amara-raja-waaree-bidders-in-10gwh-battery-storage-tender-pli-11785339070581.html
RELIANCE,NSE,2026-07-30 01:30:00+00:00,gdelt:lankaweb.com,"LankaWeb –  Outside Force &  Up High : Voodoo Economics , Yaka Economics & the Charade of Economists in Sri Lanka",,https://www.lankaweb.com/news/items/2026/07/29/outside-forces-up-high-voodoo-economics-yaka-economics-the-charade-of-economists-in-sri-lanka/
RELIANCE,NSE,2026-07-30 01:45:00+00:00,gdelt:africa.com,Parallel Financial Systems Are Reinventing Africa Financial Landscape,,https://www.africa.com/business/parallel-financial-systems-are-reinventing-africas-financial-landscape
RELIANCE,NSE,2026-07-30 02:00:00+00:00,gdelt:unitaid.eu,Cardtremendouscom : The Rising Global Standard For Digital Rewards And Creator Payouts,,https://www.unitaid.eu/standard-digital-rewards-creator-payouts-t1u9.html
RELIANCE,NSE,2026-07-30 02:00:00+00:00,gdelt:en.people.cn,China moves to unlock sci - tech finance data to spur innovation,,http://en.people.cn/n3/2026/0730/c90000-20483247.html
RELIANCE,NSE,2026-07-30 02:15:00+00:00,gdelt:onlineopinion.com.au,Asia Blue Express - On Line Opinion,,https://www.onlineopinion.com.au/view.asp?article=24088
RELIANCE,NSE,2026-07-30 02:15:00+00:00,gdelt:vietnamnews.vn,Military science agency drives push to master strategic technologies,,https://vietnamnews.vn/opinion/1796443/military-science-agency-drives-push-to-master-strategic-technologies.html
RELIANCE,NSE,2026-07-30 02:45:00+00:00,gdelt:thehindubusinessline.com,"Stock Market Today Live . July 30 , 2026 : Stock to buy today : Signatureglobal ( India )",,https://www.thehindubusinessline.com/markets/sensex-nifty50-today-stock-market-live-updates-30th-july-2026/article71281731.ece
RELIANCE,NSE,2026-07-30 02:45:00+00:00,gdelt:thehindubusinessline.com,From Dr Reddy to Hirect : Why these 10 stocks are in focus today,,https://www.thehindubusinessline.com/markets/why-these-10-stocks-will-be-in-focus-today/article71284211.ece
RELIANCE,NSE,2026-07-30 03:00:00+00:00,gdelt:punchng.com,Nigeria retains Africa upstream oil investment lead,,https://punchng.com/nigeria-retains-africas-upstream-investment-lead-despite-capital-decline/
RELIANCE,NSE,2026-07-30 03:00:00+00:00,gdelt:cleantechnica.com,Q & A : What the EU Carbon Market Review Means for Climate Action,,https://cleantechnica.com/2026/07/29/qa-what-the-eus-carbon-market-review-means-for-climate-action/
RELIANCE,NSE,2026-07-30 03:30:00+00:00,gdelt:punchng.com,What Happens When a President Dies ? Understanding Protocols,,https://punchng.com/what-happens-when-a-president-dies/
RELIANCE,NSE,2026-07-30 03:30:00+00:00,gdelt:thesun.ng,"Why coins , lower - denomination notes are scarce – Cardoso",,https://thesun.ng/why-coins-lower-denomination-notes-are-scarce-cardoso/
RELIANCE,NSE,2026-07-30 03:30:00+00:00,gdelt:whattheythink.com,Governance That Scales :  Building a Practical AI Governance Foundation in Regulated Industries,,https://whattheythink.com/news/131151-governance-scales-building-practical-ai-governance-foundation-regulated-industries/
RELIANCE,NSE,2026-07-30 04:00:00+00:00,gdelt:livemint.com,"Stock market today : Gift Nifty hints a flat start ; seven day trading stocks to buy on Thursday , 30 July",,https://www.livemint.com/market/stock-market-news/stock-market-today-gift-nifty-hints-a-flat-start-seven-day-trading-stocks-to-buy-on-thursday-30-july-11785377267872.html
RELIANCE,NSE,2026-07-30 04:30:00+00:00,gdelt:varesenews.it,Gestionale per shop online PrestaShop : buoni motivi per affidarsi a Bman,,https://www.varesenews.it/2026/07/gestionale-per-shop-online-prestashop-buoni-motivi-per-affidarsi-a-bman/2645527/
RELIANCE,NSE,2026-07-30 05:00:00+00:00,gdelt:tarunmitra.in,"ग्वालियर बनेगा देश का पहला टेलीकॉम मैन्युफैक्चरिंग हब , आज नई दिल्ली में होगा एमओयू",,https://www.tarunmitra.in/state/madhya-pradesh/gwalior-will-become-the-countrys-first-telecom-manufacturing-hub-mou/article-155352
RELIANCE,NSE,2026-07-30 06:30:00+00:00,gdelt:pressenza.com,Trump Authoritarian Play Against Foreign Journalists,,https://www.pressenza.com/2026/07/trumps-authoritarian-play-against-foreign-journalists/
RELIANCE,NSE,2026-07-30 07:00:00+00:00,gdelt:investegate.co.uk,Proposed Equity Issue - Retail Offer | Company Announcement,,https://www.investegate.co.uk/announcement/rns/hammerson--hmso/proposed-equity-issue-retail-offer/9694918
RELIANCE,NSE,2026-07-30 10:00:00+00:00,gdelt:thehindu.com,Srikakulam to send 737 buses to Bhogapuram airport inauguration on August 1,,https://www.thehindu.com/news/national/andhra-pradesh/srikakulam-to-send-737-buses-to-bhogapuram-airport-inauguration-on-august-1/article71284529.ece
RELIANCE,NSE,2026-07-30 10:00:00+00:00,gdelt:livemint.com,"Retail investors broaden bets in Q1 , flock to Vedanta , Wipro and Bajaj Auto",,https://www.livemint.com/market/retail-investors-india-stocks-q1-fy27-vedanta-wipro-bajaj-auto-11785392093747.html
RELIANCE,NSE,2026-07-30 10:15:00+00:00,gdelt:thailand-business-news.com,Toward the Realization of a Sustainable and Resilient ASEAN - Japan Economic Community :  DISG Task Force Joint Declaration  Officially Adopted,,https://www.thailand-business-news.com/pr-news/toward-the-realization-of-a-sustainable-and-resilient-asean-japan-economic-community-disg-task-force-joint-declaration-officially-adopted
RELIANCE,NSE,2026-07-30 11:15:00+00:00,gdelt:leaderpost.com,Real Matters Reports Third Quarter Financial Results,,https://leaderpost.com/press-releases/globe-newswire/real-matters-reports-third-quarter-financial-results/
RELIANCE,NSE,2026-07-30 11:15:00+00:00,gdelt:leaderpost.com,Brookfield Infrastructure Reports Strong Second Quarter 2026 Results,,https://leaderpost.com/press-releases/globe-newswire/brookfield-infrastructure-reports-strong-second-quarter-2026-results/
RELIANCE,NSE,2026-07-30 11:15:00+00:00,gdelt:finanznachrichten.de,TechnipFMC plc : TechnipFMC Announces Second - Quarter 2026 Results,,https://www.finanznachrichten.de/nachrichten-2026-07/69168149-technipfmc-plc-technipfmc-announces-second-quarter-2026-results-004.htm
RELIANCE,NSE,2026-07-30 11:15:00+00:00,gdelt:finanzen.ch,Indian Shares End Modestly Higher In Cautious Trade,,https://www.finanzen.ch/nachrichten/aktien/indian-shares-end-modestly-higher-in-cautious-trade-1036384731
RELIANCE,NSE,2026-07-30 11:30:00+00:00,gdelt:thehindubusinessline.com,"Stock Market Today July 30 : Sensex , Nifty close in the green ; auto stocks drive markets higher",,https://www.thehindubusinessline.com/markets/sensex-nifty50-today-stock-market-highlights-30th-july-2026/article71281731.ece
RELIANCE,NSE,2026-07-30 12:15:00+00:00,gdelt:aol.co.uk,How the united kingdom economy fell apart in 2020 and if it will recover in 2021,,https://www.aol.co.uk/articles/uk-economy-fell-apart-2020-114753000.html
RELIANCE,NSE,2026-07-30 12:15:00+00:00,gdelt:wxxinews.org,State agency offers $8M for alternative fuel initiatives,,https://www.wxxinews.org/local-news/2026-07-30/state-agency-offers-8m-for-alternative-fuel-initiatives
RELIANCE,NSE,2026-07-30 12:45:00+00:00,gdelt:independent.com.mt,Three in four SMEs uncertain or unwilling to invest in coming months - PN ; government rejects claim,,https://www.independent.com.mt/articles/2026-07-30/local-news/Three-in-four-SMEs-in-Malta-and-Gozo-are-uncertain-or-unwilling-to-invest-in-the-coming-months-PN-6736291782
RELIANCE,NSE,2026-07-30 12:45:00+00:00,gdelt:investegate.co.uk,FINAL RESULTS FOR THE YEAR ENDED 31 MARCH 2026 | Company Announcement,,https://www.investegate.co.uk/announcement/rns/orient-telecoms--ornt/final-results-for-the-year-ended-31-march-2026/9696503
RELIANCE,NSE,2026-07-30 13:00:00+00:00,gdelt:finanznachrichten.de,"Volt Carbon Technologies : Volt Carbon Receives Initial 40 , 000 Tonne Toll Processing Purchase Order and Provides Northern Ore Commercialization Update",,https://www.finanznachrichten.de/nachrichten-2026-07/69170798-volt-carbon-technologies-volt-carbon-receives-initial-40-000-tonne-toll-processing-purchase-order-and-provides-northern-ore-commercialization-update-296.htm
RELIANCE,NSE,2026-07-30 13:00:00+00:00,gdelt:hawaiitelegraph.com,CoTec Holdings Corp . Investment MagIron Strengthens Leadership Team and Liquidity Position,,http://www.hawaiitelegraph.com/news/279216255/cotec-holdings-corp-investment-magiron-strengthens-leadership-team-and-liquidity-position
RELIANCE,NSE,2026-07-30 13:00:00+00:00,gdelt:finanznachrichten.de,Purebread Brands Inc .: Purebread Brands Inc . Reports FY 2026 Results,,https://www.finanznachrichten.de/nachrichten-2026-07/69170799-purebread-brands-inc-purebread-brands-inc-reports-fy-2026-results-296.htm
RELIANCE,NSE,2026-07-30 13:45:00+00:00,gdelt:times-standard.com,My Word | The climate solution hiding on your dinner plate,,https://www.times-standard.com/2026/07/30/my-word-the-climate-solution-hiding-on-your-dinner-plate/
RELIANCE,NSE,2026-07-30 13:45:00+00:00,gdelt:livenews.co.nz,American Rare Earths Advances Nasdaq Listing Strategy – LiveNews . co . nz,,https://livenews.co.nz/2026/07/31/american-rare-earths-advances-nasdaq-listing-strategy/
RELIANCE,NSE,2026-07-30 13:45:00+00:00,gdelt:shephardmedia.com,July drone digest : Sovereign production takes centre stage at Farnborough,,https://www.shephardmedia.com/news/air-warfare/july-drone-digest-sovereign-production-takes-centre-stage-farnborough/
RELIANCE,NSE,2026-07-30 13:45:00+00:00,gdelt:globalgovernmentforum.com,"Faster energy transition core to national security , says UN climate chief",,https://www.globalgovernmentforum.com/energy-transition-national-security/
RELIANCE,NSE,2026-07-30 14:00:00+00:00,gdelt:newkerala.com,Bangladesh Gas Crisis : LNG Terminal Disrupts Industries,,https://www.newkerala.com/news/a/bangladesh-gas-crisis-deepens-as-lng-terminal-outage-538.htm
RELIANCE,NSE,2026-07-30 15:00:00+00:00,gdelt:ianslive.in,"Employment , loans and skill support : UP government new initiative for Divyangjan",,https://ianslive.in/employment-loans-and-skill-support-up-governments-new-initiative-for-divyangjan--20260730200800
RELIANCE,NSE,2026-07-30 15:30:00+00:00,gdelt:highlandcountypress.com,Communism – it back | The Highland County Press,,https://highlandcountypress.com/opinions/communism-its-back
RELIANCE,NSE,2026-07-30 15:30:00+00:00,gdelt:insidermonkey.com,ZenaTech DaaS Oil and Gas Business Enters a Strengthened Market with Higher Oil Prices and More Than US$500 Billion in Expected Canadian Energy Investment Over the Next Decade,,https://www.insidermonkey.com/blog/zenatechs-daas-oil-and-gas-business-enters-a-strengthened-market-with-higher-oil-prices-and-more-than-us500-billion-in-expected-canadian-energy-investment-over-the-next-decade-1805964/
RELIANCE,NSE,2026-07-30 16:45:00+00:00,gdelt:hapakenya.com,How Absa Bank Kenya is turning climate risk into economic strategy,,https://hapakenya.com/2026/07/30/how-absa-bank-kenya-is-turning-climate-risk-into-economic-strategy/
RELIANCE,NSE,2026-07-30 18:15:00+00:00,gdelt:riotimesonline.com,PDVSA Cuts Out the Traders as Refiners Return to Venezuelan Crude,,https://www.riotimesonline.com/pdvsa-cuts-out-the-traders-as-refiners-return-to-venezuelan-crude/
RELIANCE,NSE,2026-07-30 19:00:00+00:00,gdelt:finanznachrichten.de,Parvis Invest Inc .: Parvis Reports Fiscal Year 2026,,https://www.finanznachrichten.de/nachrichten-2026-07/69174743-parvis-invest-inc-parvis-reports-fiscal-year-2026-296.htm
RELIANCE,NSE,2026-07-30 20:00:00+00:00,gdelt:wwd.com,Op - Ed : The Material Revolution Taking Animals Out of Fashion,,https://wwd.com/sourcing-journal/industry-news/op-ed-material-revolution-animals-fashion-cfda-biomaterials-alt-leather-1239087581/
RELIANCE,NSE,2026-07-30 20:15:00+00:00,gdelt:californiatelegraph.com,Gera Developments appoints Paromita Deb Areng as Chief People Officer to drive its people and growth strategy,,http://www.californiatelegraph.com/news/279216825/gera-developments-appoints-paromita-deb-areng-as-chief-people-officer-to-drive-its-people-and-growth-strategy
RELIANCE,NSE,2026-07-30 20:30:00+00:00,gdelt:livenews.co.nz,"PM Edition : Top 10 Business Articles on LiveNews . co . nz for July 31 , 2026 – Full Text – LiveNews . co . nz",,https://livenews.co.nz/2026/07/31/pm-edition-top-10-business-articles-on-livenews-co-nz-for-july-31-2026-full-text/
RELIANCE,NSE,2026-07-30 20:45:00+00:00,gdelt:finanznachrichten.de,"Mohawk Industries , Inc .: Mohawk Industries Reports Q2 2026 Results",,https://www.finanznachrichten.de/nachrichten-2026-07/69175376-mohawk-industries-inc-mohawk-industries-reports-q2-2026-results-399.htm
RELIANCE,NSE,2026-07-30 20:45:00+00:00,gdelt:theindianawaaz.com,"July 30 : Markets upbeat for Second Day ; Nifty Above 24 , 300 as Auto , Energy Shares Lead Recovery – The Indian Awaaz",,https://theindianawaaz.com/july-30-markets-upbeat-for-second-day-nifty-above-24300-as-auto-energy-shares-lead-recovery/
RELIANCE,NSE,2026-07-30 20:45:00+00:00,gdelt:theindianawaaz.com,"Share Bazar ने उतार - चढ़ाव भरे सत्र में जीत का सिलसिला जारी रखा ; निफ्टी 24 , 300 के ऊपर टिका – The Indian Awaaz",,https://theindianawaaz.com/share-bazar-nifty-holds-above-24300-amid-global-cautiousness/
RELIANCE,NSE,2026-07-30 20:45:00+00:00,gdelt:leaderpost.com,Mohawk Industries Reports Q2 2026 Results,,https://leaderpost.com/press-releases/globe-newswire/mohawk-industries-reports-q2-2026-results/
RELIANCE,NSE,2026-07-30 21:00:00+00:00,gdelt:leadership.ng,S & P Strengthens Africa Market Involvement After Investment In Nigeria Agusto & Co,,https://leadership.ng/s-p-strengthens-africas-market-involvement-after-investment-in-nigerias-agusto-co/
RELIANCE,NSE,2026-07-30 21:00:00+00:00,gdelt:sharemanthan.in,एचडीएफसी बैंक में निवेश का सही समय है या नहीं ? जानिए किन स्तरों पर बढ़ सकती है मुश्किलें,,https://www.sharemanthan.in/expert-views/prakash-gaba-blog-64/462-advice/79737-is-it-the-right-time-to-invest-in-hdfc-bank
RELIANCE,NSE,2026-07-30 21:15:00+00:00,gdelt:manilatimes.net,Reliance Global Group Reports Second Quarter 2026 Results and Accelerates AI - Driven Transformation,,https://www.manilatimes.net/2026/07/31/tmt-newswire/globenewswire/reliance-global-group-reports-second-quarter-2026-results-and-accelerates-ai-driven-transformation/2395500
RELIANCE,NSE,2026-07-30 21:15:00+00:00,gdelt:prnewswire.com,Ameren Announces Second Quarter 2026 Results,,http://www.prnewswire.com/news-releases/ameren-announces-second-quarter-2026-results-302839461.html
RELIANCE,NSE,2026-07-30 21:15:00+00:00,gdelt:finchannel.com,UK Hiring : How Artificial Intelligence Is Changing Recruitment and the Future of Work,,https://finchannel.com/ai-is-transforming-uk-hiring-but-candidates-still-want-the-human-touch/133162/tech-2/2026/07/
RELIANCE,NSE,2026-07-30 21:30:00+00:00,gdelt:aspentimes.com,How Western Slope mining helped secure Colorado statehood and shaped its future 150 years later,,https://www.aspentimes.com/news/colorado-western-slope-mining-gold/
RELIANCE,NSE,2026-07-30 21:45:00+00:00,gdelt:zerohedge.com,Strong Microsoft earnings allow Tech to rebound - Newsquawk US Market Wrap,,https://www.zerohedge.com/markets/strong-microsoft-earnings-allow-tech-rebound-newsquawk-us-market-wrap
RELIANCE,NSE,2026-07-30 22:00:00+00:00,gdelt:ghanamma.com,Comprehensive Breakdown : Key Proposed Amendments to Ghana 1992 Constitution – A Detailed Analysis – Ghanamma . com,,https://www.ghanamma.com/2026/07/30/comprehensive-breakdown-key-proposed-amendments-to-ghanas-1992-constitution-a-detailed-analysis/
RELIANCE,NSE,2026-07-30 22:00:00+00:00,gdelt:manilatimes.net,Black Diamond Reports Second Quarter Results and Declares Dividend,,https://www.manilatimes.net/2026/07/31/tmt-newswire/globenewswire/black-diamond-reports-second-quarter-results-and-declares-dividend/2395538
RELIANCE,NSE,2026-07-30 22:00:00+00:00,gdelt:hindi.business-standard.com,"विदेशी निवेशकों की खरीदारी से लगातार दूसरे दिन चढ़ा शेयर बाजार , सेंसेक्स 274 अंक मजबूत - stock market rises for the second consecutive day on buying by foreign investors sensex gains 274 points",,https://hindi.business-standard.com/markets/share-market/stock-market-rises-for-the-second-consecutive-day-on-buying-by-foreign-investors-sensex-gains-274-points-id-541036
RELIANCE,NSE,2026-07-30 23:45:00+00:00,gdelt:montrealgazette.com,Pembina Pipeline Reports Results for the Second Quarter of 2026,,https://montrealgazette.com/press-releases/business-wire/pembina-pipeline-reports-results-for-the-second-quarter-of-2026/
RELIANCE,NSE,2026-07-30 23:45:00+00:00,gdelt:naturalnews.com,The power bottleneck : How Europe energy crisis is choking its AI ambitions – NaturalNews . com,,https://www.naturalnews.com/2026-07-30-europes-energy-crisis-choking-its-ai-ambitions.html
RELIANCE,NSE,2026-07-30 23:45:00+00:00,gdelt:naturalnews.com,The hidden dangers of processed foods : How to reduce sodium and reclaim your health – NaturalNews . com,,https://www.naturalnews.com/2026-07-30-how-to-reduce-sodium-and-reclaim-health.html
RELIANCE,NSE,2026-07-30 23:45:00+00:00,gdelt:ynet.co.il,החלומות הגבוהים : גילויים חדשים על התוכנית לשינוי המשטר באיראן,,https://www.ynet.co.il/news/article/w66v3k4h8
RELIANCE,NSE,2026-07-31 00:00:00+00:00,gdelt:mondaq.com,Trump Administration Issues Significant Final Revisions To Endangered Species Act Regulations,,https://www.mondaq.com/unitedstates/environmental-law/1824710/trump-administration-issues-significant-final-revisions-to-endangered-species-act-regulations
RELIANCE,NSE,2026-07-31 01:30:00+00:00,gdelt:business.scoop.co.nz,Business . Scoop » Businesses Can Now Apply To Transition From Gas,,https://business.scoop.co.nz/2026/07/31/businesses-can-now-apply-to-transition-from-gas/
RELIANCE,NSE,2026-07-31 01:45:00+00:00,gdelt:economictimes.indiatimes.com,Korea leverage trap has an echo in India - The Economic Times,,https://economictimes.indiatimes.com/markets/stocks/news/koreas-leverage-trap-has-an-echo-in-india/articleshow/132753077.cms
RELIANCE,NSE,2026-07-31 02:15:00+00:00,gdelt:thejakartapost.com,Analysis : Seeking the missing sugar feedstock for E20 initiative - Academia,,http://www.thejakartapost.com/opinion/2026/07/31/analysis-seeking-the-missing-sugar-feedstock-for-e20-initiative
RELIANCE,NSE,2026-07-31 02:30:00+00:00,gdelt:miragenews.com,Firms Invited To Shift Away From Gas,,https://www.miragenews.com/firms-invited-to-shift-away-from-gas-1719670/
RELIANCE,NSE,2026-07-31 03:00:00+00:00,gdelt:europe.chinadaily.com.cn,Australia mulls building new oil refinery,,http://europe.chinadaily.com.cn/a/202607/31/WS6a6bf447a310986e2b4683ef.html
RELIANCE,NSE,2026-07-31 03:00:00+00:00,gdelt:economictimes.indiatimes.com,"Stocks in news : Maruti Suzuki , ITC , Vedanta , Swiggy , RIL",,https://economictimes.indiatimes.com/markets/stocks/news/stocks-in-news-maruti-suzuki-itc-vedanta-swiggy-ril/articleshow/132752640.cms
RELIANCE,NSE,2026-07-31 03:45:00+00:00,gdelt:itbusinessnet.com,Parvis Reports Fiscal Year 2026 – IT Business Net,,https://itbusinessnet.com/2026/07/parvis-reports-fiscal-year-2026/
RELIANCE,NSE,2026-07-31 04:00:00+00:00,gdelt:fool.com,FTI Consulting ( FCN ) Q2 2026 Earnings Call Transcript,,https://www.fool.com/earnings/call-transcripts/2026/07/30/fti-consulting-fcn-q2-2026-earnings-call-transcript/?source=iedfolrf0000001
RELIANCE,NSE,2026-07-31 04:15:00+00:00,gdelt:the-star.co.ke,Kagwe unveils plan to revive Kwale sugar industry,,https://www.the-star.co.ke/news/2026-07-31-kagwe-unveils-plan-to-revive-kwale-sugar-industry
RELIANCE,NSE,2026-07-31 04:15:00+00:00,gdelt:thehindubusinessline.com,"Stock Market Today Live , July 31 : Sensex tops 78 , 000 , Nifty gains as global rally lifts market sentiment",,https://www.thehindubusinessline.com/markets/sensex-nifty50-today-stock-market-live-updates-31st-july-2026/article71285716.ece
RELIANCE,NSE,2026-07-31 04:15:00+00:00,gdelt:dailypioneer.com,"Sensex , Nifty End Higher on Reliance , HDFC Bank Gains and FII Inflows",,https://dailypioneer.com/news/stock-markets-end-higher-for-2nd-day-on-fii-inflows
RELIANCE,NSE,2026-07-31 04:45:00+00:00,gdelt:timesofindia.indiatimes.com,"Gold , Silver Rate Today Live Updates : Spot gold slips but on track to end four - month losing streak",,https://timesofindia.indiatimes.com/business/india-business/gold-silver-rate-today-live-updates-18k-22-carat-24k-gold-price-10g-silver-cost-per-kg-mcx-comex-etf-stock-precious-metal-gold-prediction-city-wise-cost-latest-gold-news/liveblog/132754988.cms
RELIANCE,NSE,2026-07-31 04:45:00+00:00,gdelt:thailand-business-news.com,Why the U . S . Is Unlikely to Reduce China Dominance in Critical Minerals,,https://www.thailand-business-news.com/china/294497-why-the-u-s-is-unlikely-to-reduce-chinas-dominance-in-critical-minerals
RELIANCE,NSE,2026-07-31 04:45:00+00:00,gdelt:fool.com,Federal Signal ( FSS ) Q2 2026 Earnings Call Transcript,,https://www.fool.com/earnings/call-transcripts/2026/07/30/federal-signal-fss-q2-2026-earnings-call-transcript/?source=iedfolrf0000001
RELIANCE,NSE,2026-07-31 05:45:00+00:00,gdelt:chiangraitimes.com,Thailand Domestic Gas Production Remains Key To Long - Term Energy Security,,https://www.chiangraitimes.com/business/thailand-gas-security/
RELIANCE,NSE,2026-07-31 06:00:00+00:00,gdelt:english.news.cn,Interview : U . S . tariffs threaten South Africa exports and growth : economist - Xinhua,,https://english.news.cn/africa/20260731/338dd42028b648a5b0f49e174f1d8918/c.html
RELIANCE,NSE,2026-07-31 06:00:00+00:00,gdelt:idrw.org,"Reducing dependence on foreign suppliers , India rapidly expanding its naval capabilities : Report",,https://idrw.org/reducing-dependence-on-foreign-suppliers-india-rapidly-expanding-its-naval-capabilities-report/
RELIANCE,NSE,2026-07-31 06:15:00+00:00,gdelt:theindiapost.com,"कैट की राष्ट्रीय बैठक संपन्न ,  हर घर तिरंगा , हर दुकान तिरंगा  अभियान को देशभर में सफल बनाने का आह्वान – TheIndiaPost",,https://theindiapost.com/cait-launches-har-ghar-tiranga-har-dukaan-tiranga-campaign-across-india/
RELIANCE,NSE,2026-07-31 06:45:00+00:00,gdelt:manilatimes.net,Clariant delivers continued strong results in volatile operating environment - Court dismisses Shell damage claim related to the 2020 competition law infringement,,https://www.manilatimes.net/2026/07/31/tmt-newswire/globenewswire/clariant-delivers-continued-strong-results-in-volatile-operating-environment-court-dismisses-shells-damage-claim-related-to-the-2020-competition-law-infringement/2395648
RELIANCE,NSE,2026-07-31 07:15:00+00:00,gdelt:worthynews.com,Record - Low Danube Threatens Hungary Nuclear Power Supply,,https://www.worthynews.com/116386-record-low-danube-threatens-hungarys-nuclear-power-supply
RELIANCE,NSE,2026-07-31 08:30:00+00:00,gdelt:africaleader.com,U . S . tariffs threaten South Africa exports and growth : economist,,http://www.africaleader.com/news/279217340/us-tariffs-threaten-south-africa-exports-and-growth-economist
RELIANCE,NSE,2026-07-31 08:30:00+00:00,gdelt:investegate.co.uk,EQS - News : 2026 Half Year Results | Company Announcement,,https://www.investegate.co.uk/announcement/eqs/rhi-magnesita-n-v-di---rhim/eqs-news-2026-half-year-results/9698137
RELIANCE,NSE,2026-07-31 11:45:00+00:00,gdelt:dailyyonder.com,What Happened in Rural News This Month ? | The Daily Yonder,,https://dailyyonder.com/what-happened-in-rural-news-this-month-3/2026/07/31/
RELIANCE,NSE,2026-07-31 11:45:00+00:00,gdelt:thehindu.com,Markets extend rally to third day ; Bajaj Finance surges over 8 %,,https://www.thehindu.com/business/markets/markets-extend-rally-to-third-day-bajaj-finance-surges-over-8/article71290071.ece
RELIANCE,NSE,2026-07-31 12:45:00+00:00,gdelt:vaartha.com,Reliance AP Investment : ఏపీకి రిలయన్స్ సరికొత్త సంచలనం .. రూ . లక్ష కోట్ల పెట్టుబడితో కోల్ గ్యాసిఫికేషన్ ప్రాజెక్ట్ !,,https://vaartha.com/tech/reliance-ap-investment-rs-1-lakh-crore-underground-coal-gasification/752273/
RELIANCE,NSE,2026-07-31 12:45:00+00:00,gdelt:livenews.co.nz,Youth Sustainable Development International Summit Launch Ceremony Successfully Held – LiveNews . co . nz,,https://livenews.co.nz/2026/07/31/youth-sustainable-development-international-summit-launch-ceremony-successfully-held/
RELIANCE,NSE,2026-07-31 12:45:00+00:00,gdelt:manilatimes.net,IES Holdings Reports Fiscal 2026 Third Quarter Results and Announces Two - for - One Stock Split,,https://www.manilatimes.net/2026/07/31/tmt-newswire/globenewswire/ies-holdings-reports-fiscal-2026-third-quarter-results-and-announces-two-for-one-stock-split/2395864
RELIANCE,NSE,2026-07-31 13:00:00+00:00,gdelt:mymotherlode.com,"EU to crack down on AI deepfakes , illicit imagery and hacking with new team in Brussels",,https://mymotherlode.com/news/world/11030298/eu-to-crack-down-on-ai-deepfakes-illicit-imagery-and-hacking-with-new-team-in-brussels.html
RELIANCE,NSE,2026-07-31 13:00:00+00:00,gdelt:livemint.com,"Chhattisgarh seeks central assistance for Bastar infrastructure and ₹10 , 500 crore fertiliser plant",,https://www.livemint.com/focus/chhattisgarh-seeks-central-assistance-for-bastar-infrastructure-and-10-500-crore-fertiliser-plant-11785498906514.html
RELIANCE,NSE,2026-07-31 13:45:00+00:00,gdelt:americanthinker.com,What Europe Lack of Air Conditioning Says About Its Civilizational Direction,,https://www.americanthinker.com/articles/2026/07/what-europe-s-lack-of-air-conditioning-says-about-its-civilizational-direction/
RELIANCE,NSE,2026-07-31 14:15:00+00:00,gdelt:cfi.net.cn,[ HK ] 汇隆控股 ( 08021 ): 截至二零二六年四月三十日止年度业绩公布 - CFi . CN 中财网,,http://www.cfi.net.cn/p20260731003177.html
RELIANCE,NSE,2026-07-31 15:45:00+00:00,gdelt:winnipegfreepress.com,"Arizona , California and Nevada would share cuts under federal proposal to manage the Colorado River – Winnipeg Free Press",,https://www.winnipegfreepress.com/arts-and-life/life/greenpage/2026/07/31/arizona-california-and-nevada-would-share-cuts-under-federal-proposal-to-manage-the-colorado-river
RELIANCE,NSE,2026-07-31 17:00:00+00:00,gdelt:english.pravda.ru,India Set to Become World Second - Largest Ammonia Producer by 2030,,https://english.pravda.ru/news/world/167579-india-ammonia-production/
RELIANCE,NSE,2026-07-31 18:00:00+00:00,gdelt:kold.com,"Arizona , 2 other states would share cuts under proposal to manage Colorado River",,https://www.kold.com/2026/07/31/arizona-2-other-states-would-share-cuts-under-proposal-manage-colorado-river/
RELIANCE,NSE,2026-07-31 18:15:00+00:00,gdelt:2news.com,"Nevada , California , Arizona would share cuts under federal proposal to manage Colorado River",,https://www.2news.com/news/local/nevada-california-arizona-would-share-cuts-under-federal-proposal-to-manage-colorado-river/article_fc5ff5ea-f534-4e21-9988-d0f48fc625ce.html
RELIANCE,NSE,2026-07-31 18:45:00+00:00,gdelt:bostonherald.com,"Arizona , California , Nevada would share cuts under Colorado River plan",,https://www.bostonherald.com/2026/07/31/arizona-california-nevada-colorado-river-proposal/
RELIANCE,NSE,2026-07-31 18:45:00+00:00,gdelt:tennesseedaily.com,"HWAL Announces Shareholder call for August 4 , 2026",,http://www.tennesseedaily.com/news/279217795/hwal-announces-shareholder-call-for-august-4-2026
RELIANCE,NSE,2026-07-31 18:45:00+00:00,gdelt:stcatharinesstandard.ca,Carney government approves nickel mine in Northern Ontario,,https://www.stcatharinesstandard.ca/politics/federal/carney-government-approves-nickel-mine-in-northern-ontario/article_88d2a12f-40e9-5254-a754-de0280093d30.html
RELIANCE,NSE,2026-07-31 19:00:00+00:00,gdelt:cbsnews.com,"California , Arizona , Nevada would face water cuts from Colorado River under federal proposal",,https://www.cbsnews.com/news/arizona-california-nevada-colorado-river-water-federal-plan/
RELIANCE,NSE,2026-07-31 19:30:00+00:00,gdelt:dailythepatriot.com,Pakistan export strategy faces its moment of truth,,https://dailythepatriot.com/pakistans-export-strategy-faces-its-moment-of-truth/
RELIANCE,NSE,2026-07-31 19:30:00+00:00,gdelt:theuknews.com,"R|Elan Circular Design Challenge wraps global jury rounds , announcing India finalists",,http://www.theuknews.com/news/279217878/relan-circular-design-challenge-wraps-global-jury-rounds-announcing-india-finalists
RELIANCE,NSE,2026-07-31 19:30:00+00:00,gdelt:fox13now.com,Utah spared from facing mandatory cuts in new Colorado River deal,,https://www.fox13now.com/news/local-news/arizona-california-and-nevada-would-share-cuts-under-federal-proposal-to-manage-the-colorado-river
RELIANCE,NSE,2026-07-31 19:30:00+00:00,gdelt:sib.fm,Топливный кризис в России : когда рынок вернётся к норме и что будет с ценами на бензин,,https://sib.fm/news/2026/08/01/toplivnyj-krizis-v-rossii-kogda-rynok-vernetsya-k-norme-i-chto-budet-s-tsenami-na-benzin
RELIANCE,NSE,2026-07-31 19:45:00+00:00,gdelt:organiser.org,Janjatiya progress requires education and cultural values,,https://organiser.org/2026/07/31/372829/bharat/development-of-janjatiyas-cannot-be-achieved-through-schemes-alone-but-through-values-education-suresh-soni/
RELIANCE,NSE,2026-07-31 20:15:00+00:00,gdelt:pragativadi.com,Odisha Startups Showcased their Innovative Solutions at Rashtrapati Bhavan,,https://pragativadi.com/odisha-startups-showcased-their-innovative-solutions-at-rashtrapati-bhavan/
RELIANCE,NSE,2026-07-31 21:15:00+00:00,gdelt:theindianawaaz.com,"July 31 : Markets Upward for Third Straight Session , FII Inflows Lift Sentiment ; Nifty Reclaims 24 , 350 – The Indian Awaaz",,https://theindianawaaz.com/july-31-markets-upward-for-third-straight-session-fii-inflows-lift-sentiment-nifty-reclaims-24350/
RELIANCE,NSE,2026-07-31 21:15:00+00:00,gdelt:theindianawaaz.com,"तीसरे दिन भी Share Bazar में तेजी , Nifty 24 , 350 के पार बंद ; FII खरीदारी से लौटी रौनक – The Indian Awaaz",,https://theindianawaaz.com/nifty-tops-24350-as-strong-q1-earnings-fii-inflows-lift-market/
RELIANCE,NSE,2026-07-31 21:15:00+00:00,gdelt:manilatimes.net,"SalesCloser Secures a Top - Five Global Social Media Platform as Enterprise Customer , Deploying AI - Powered Voice Qualification at Scale",,https://www.manilatimes.net/2026/08/01/tmt-newswire/globenewswire/salescloser-secures-a-top-five-global-social-media-platform-as-enterprise-customer-deploying-ai-powered-voice-qualification-at-scale/2396185
RELIANCE,NSE,2026-07-31 22:15:00+00:00,gdelt:thedailystar.net,Microplastics in Bangladesh fish : A growing threat to public health,,https://www.thedailystar.net/slow-reads/unheard-voices/news/microplastics-bangladeshs-fish-growing-threat-public-health-4237161
RELIANCE,NSE,2026-07-31 22:15:00+00:00,gdelt:fool.com,Archer Aviation vs . Boeing : Is an Electric Plane Upstart a Better Buy Over an Aerospace Giant in 2026 ?,,https://www.fool.com/coverage/better-buy/2026/07/31/archer-aviation-vs-boeing-is-an-electric-plane-upstart-a-better-buy-over-an-aerospace-giant-in-2026/?source=iedfolrf0000001
RELIANCE,NSE,2026-07-31 22:45:00+00:00,gdelt:postregister.com,"Arizona , California and Nevada would share cuts under federal proposal to manage the Colorado River",,http://www.postregister.com/news/national/arizona-california-and-nevada-would-share-cuts-under-federal-proposal-to-manage-the-colorado-river/article_828ee5b0-8c53-535f-896a-7be03eb3a56b.html
RELIANCE,NSE,2026-07-31 22:45:00+00:00,gdelt:yahoo.com,Michigan Supreme Court clears way for drug - pricing probes,,https://www.yahoo.com/news/politics/articles/michigan-supreme-court-clears-way-220853947.html
RELIANCE,NSE,2026-07-31 22:45:00+00:00,gdelt:sbs.com.au,Why Australia ships out its wealth and buys it back as finished goods,,https://www.sbs.com.au/news/article/australia-manufacturing-why-dont-we-produce-more-things-locally/ajpd1yu0x
RELIANCE,NSE,2026-07-31 22:45:00+00:00,gdelt:timesofsandiego.com,Feds announce deep cuts for Colorado River water,,https://timesofsandiego.com/agriculture/2026/07/31/feds-deep-cuts-colorado-river/
RELIANCE,NSE,2026-08-01 01:30:00+00:00,gdelt:cnet.com,The FCC Just Banned Most Robot Vacuums . Here What That Means,,https://www.cnet.com/tech/computing/fcc-rule-banning-foreign-robots-could-sweep-up-new-home-robot-vacuums-2/
RELIANCE,NSE,2026-08-01 01:30:00+00:00,gdelt:dailyexcelsior.com,"Future belongs to those who recognise possibilities , not boundaries : LG",,https://www.dailyexcelsior.com/future-belongs-to-those-who-recognise-possibilities-not-boundaries-lg/
RELIANCE,NSE,2026-08-01 03:15:00+00:00,gdelt:aljazeera.com,"US proposes cuts to Colorado River use for Arizona , California and Nevada",,https://www.aljazeera.com/news/2026/7/31/us-proposes-cuts-to-colorado-river-use-for-arizona-california-and-nevada
RELIANCE,NSE,2026-08-01 04:30:00+00:00,gdelt:orissapost.com,Reduce dependence on edible oil imports : GUV,,https://www.orissapost.com/reduce-dependence-on-edible-oil-imports-guv/
RELIANCE,NSE,2026-08-01 04:45:00+00:00,gdelt:dailypioneer.com,J & K LG Manoj Sinha Launches Multidisciplinary Programmes at Cluster University Jammu,,https://dailypioneer.com/news/21st-century-will-need-youth-who-integrate-knowledge-across-multiple-fields-j-amp-k-lg
RELIANCE,NSE,2026-08-01 05:45:00+00:00,gdelt:livemint.com,Buy or sell : Sumeet Bagadia recommends three stocks to buy on Monday - 3 August 2026,,https://www.livemint.com/market/stock-market-news/buy-or-sell-sumeet-bagadia-recommends-three-stocks-to-buy-on-monday-3-august-2026-ril-reliance-bharti-airtel-tvs-11785555167163.html
RELIANCE,NSE,2026-08-01 06:30:00+00:00,gdelt:prescottenews.com,"Arizona , California and Nevada would share cuts under federal proposal to manage the Colorado River - Associated Press",,https://prescottenews.com/2026/07/31/arizona-california-and-nevada-would-share-cuts-under-federal-proposal-to-manage-the-colorado-river-associated-press/
RELIANCE,NSE,2026-08-01 11:15:00+00:00,gdelt:adn.com,"Arizona , California and Nevada would share water cuts under federal proposal to manage Colorado River",,https://www.adn.com/nation-world/2026/08/01/arizona-california-and-nevada-would-share-water-cuts-under-federal-proposal-to-manage-colorado-river/
RELIANCE,NSE,2026-08-01 11:30:00+00:00,gdelt:staradvertiser.com,Local entrepreneurs move toward economic sovereignty | Honolulu Star - Advertiser,,https://www.staradvertiser.com/2026/08/01/hawaii-news/local-entrepreneurs-move-toward-economic-sovereignty/
RELIANCE,NSE,2026-08-01 11:45:00+00:00,gdelt:orissadiary.com,500+ placements at IIT Bhubaneswar in the 2025 - 26 season,,https://orissadiary.com/500-placements-at-iit-bhubaneswar-in-the-2025-26-season/
RELIANCE,NSE,2026-08-01 12:15:00+00:00,gdelt:vietnamnews.vn,Diplomatic achievements lay groundwork for upgrading Việt Nam – Canada ties : diplomat,,https://vietnamnews.vn/politics-laws/1796665/diplomatic-achievements-lay-groundwork-for-upgrading-viet-nam-canada-ties-diplomat.html
RELIANCE,NSE,2026-08-01 12:30:00+00:00,gdelt:themarketsdaily.com,Rocky Mountain Dealerships ( OTCMKTS : RCKXF ) & Reliance ( NYSE : RS ) Head to Head Contrast,,https://www.themarketsdaily.com/2026/08/01/rocky-mountain-dealerships-otcmktsrckxf-reliance-nysers-head-to-head-contrast.html
RELIANCE,NSE,2026-08-01 14:15:00+00:00,gdelt:chietitoday.it,"Investimenti sullo stabilimento Stellantis di Atessa , Fiom Cgil frena :  Non diventi un deserto per lindotto della provincia e dellintero Abruzzo",,https://www.chietitoday.it/economia/investimenti-stellantis-fiom-cgil-preoccupazione-indotto.html
RELIANCE,NSE,2026-08-01 14:30:00+00:00,gdelt:blic.rs,"Otkriveno najveće nalazište bakra , zlata i srebra u poslednje tri decenije",,https://www.blic.rs/biznis/moj-novac/otkriveno-najvece-nalaziste-bakra-zlata-i-srebra-u-poslednje-tri-decenije/pl5w7gx
RELIANCE,NSE,2026-08-01 15:00:00+00:00,gdelt:theblaze.com,From helping hand to five - finger discount,,https://www.theblaze.com/columns/opinion/from-helping-hand-to-five-finger-discount
RELIANCE,NSE,2026-08-01 17:30:00+00:00,gdelt:memeburn.com,EU Invests $11 . 4 Billion in 7 AI Gigafactories as AI Becomes Heavy Industry,,https://memeburn.com/eu-invests-11-4-billion-in-7-ai-gigafactories-as-ai-becomes-heavy-industry/
RELIANCE,NSE,2026-08-01 17:45:00+00:00,gdelt:livehindustan.com,"मुकेश अंबानी की चर्चित कंपनी देगी डिविडेंड , रिकॉर्ड डेट का हुआ ऐलान",,https://www.livehindustan.com/business/mukesh-ambani-jio-financial-services-declares-record-date-fy26-final-dividend-201785601012906.html
RELIANCE,NSE,2026-08-01 19:30:00+00:00,gdelt:stimson.org,The Sino - Moroccan Green Partnership in the Shadow of the Iran War • Stimson Center,,https://www.stimson.org/2026/the-sino-moroccan-green-partnership-in-the-shadow-of-the-iran-war/
RELIANCE,NSE,2026-08-01 19:30:00+00:00,gdelt:stimson.org,"Mining , Conflict , and Environmental Action in Myanmar Borderlands • Stimson Center",,https://www.stimson.org/2026/mining-conflict-and-environmental-action-in-myanmars-borderlands/
RELIANCE,NSE,2026-08-01 21:15:00+00:00,gdelt:livenews.co.nz,"AM Edition : Top 10 Politics Articles on LiveNews . co . nz for August 2 , 2026 – Full Text – LiveNews . co . nz",,https://livenews.co.nz/2026/08/02/am-edition-top-10-politics-articles-on-livenews-co-nz-for-august-2-2026-full-text/
RELIANCE,NSE,2026-08-01 23:30:00+00:00,gdelt:aninews.in,PM Modi inaugurates GMR - developed Alluri Sitarama Raju International Airport at Bhogapuram,,https://aninews.in/news/national/general-news/pm-modi-inaugurates-gmr-developed-alluri-sitarama-raju-international-airport-at-bhogapuram20260802032520/
RELIANCE,NSE,2026-08-02 02:00:00+00:00,gdelt:finanznachrichten.de,"Elektros , Inc .: Historic Markets . Historic Vision . ELEKTROS Reinforces Its Long - Term Strategy in Lithium , Critical Minerals and Next - Generation EV Charging",,https://www.finanznachrichten.de/nachrichten-2026-08/69191012-elektros-inc-historic-markets-historic-vision-elektros-reinforces-its-long-term-strategy-in-lithium-critical-minerals-and-next-generation-ev-cha-200.htm
RELIANCE,NSE,2026-08-02 02:00:00+00:00,gdelt:finanznachrichten.de,"Elektros , Inc .: Penny Stock , Microcap and Institutional Investors : As Markets Reach Historic Highs , ELEKTROS Highlights a Rare Opportunity Across Lithium , Critical Minerals and Advanced EV Charging",,https://www.finanznachrichten.de/nachrichten-2026-08/69191016-elektros-inc-penny-stock-microcap-and-institutional-investors-as-markets-reach-historic-highs-elektros-highlights-a-rare-opportunity-across-lith-200.htm
RELIANCE,NSE,2026-08-02 02:00:00+00:00,gdelt:finanznachrichten.de,"Elektros , Inc .: As Record Markets Fuel New Investor Interest , ELEKTROS Showcases Its Expanding Vision for Hard - Rock Lithium and Transformational EV Charging Technology",,https://www.finanznachrichten.de/nachrichten-2026-08/69191011-elektros-inc-as-record-markets-fuel-new-investor-interest-elektros-showcases-its-expanding-vision-for-hard-rock-lithium-and-transformational-ev-ch-200.htm
RELIANCE,NSE,2026-08-02 03:30:00+00:00,gdelt:tennesseedaily.com,"As Record Markets Fuel New Investor Interest , ELEKTROS Showcases Its Expanding Vision for Hard - Rock Lithium and Transformational EV Charging Technology",,http://www.tennesseedaily.com/news/279219001/as-record-markets-fuel-new-investor-interest-elektros-showcases-its-expanding-vision-for-hard-rock-lithium-and-transformational-ev-charging-technology
RELIANCE,NSE,2026-08-02 03:30:00+00:00,gdelt:tennesseedaily.com,"Penny Stock , Microcap and Institutional Investors : As Markets Reach Historic Highs , ELEKTROS Highlights a Rare Opportunity Across Lithium , Critical Minerals and Advanced EV Charging",,http://www.tennesseedaily.com/news/279219002/penny-stock-microcap-and-institutional-investors-as-markets-reach-historic-highs-elektros-highlights-a-rare-opportunity-across-lithium-critical-minerals-and-advanced-ev-charging
RELIANCE,NSE,2026-08-02 03:30:00+00:00,gdelt:tennesseedaily.com,"Historic Markets . Historic Vision . ELEKTROS Reinforces Its Long - Term Strategy in Lithium , Critical Minerals and Next - Generation EV Charging",,http://www.tennesseedaily.com/news/279218999/historic-markets-historic-vision-elektros-reinforces-its-long-term-strategy-in-lithium-critical-minerals-and-next-generation-ev-charging
RELIANCE,NSE,2026-08-02 05:00:00+00:00,gdelt:thestar.com.my,"EU to crack down on AI deepfakes , illicit imagery and hacking",,https://www.thestar.com.my/tech/tech-news/2026/08/02/eu-to-crack-down-on-ai-deepfakes-illicit-imagery-and-hacking-with-new-team-in-brussels
RELIANCE,NSE,2026-08-02 07:15:00+00:00,gdelt:moneycontrol.com,Markets roar back : Top 10 firms add Rs 2 . 5 lakh cr in a week ; Bajaj Finance leads gains,,https://www.moneycontrol.com/news/business/markets-roar-back-top-10-firms-add-rs-2-5-lakh-cr-in-a-week-bajaj-finance-leads-gains-13991170.html
RELIANCE,NSE,2026-08-02 07:15:00+00:00,gdelt:hindi.business-standard.com,"MCap : टॉप 10 में से 9 कंपनियों का मार्केट कैप ₹2 . 51 लाख करोड़ बढ़ा , बजाज फाइनेंस रही सबसे आगे - indian stock market rally lifts top ten companies market valuation",,https://hindi.business-standard.com/markets/indian-stock-market-rally-lifts-top-ten-companies-market-valuation-id-541482
RELIANCE,NSE,2026-08-02 08:15:00+00:00,gdelt:ghanamma.com,How Ghana Geology Conference Is Poised to Redefine Africa Mining Future – Ghanamma . com,,https://www.ghanamma.com/2026/08/02/how-ghanas-geology-conference-is-poised-to-redefine-africas-mining-future-3/
RELIANCE,NSE,2026-08-02 08:30:00+00:00,gdelt:newkerala.com,9 Top Firms Add Rs 2 . 51 Lakh Cr Market Cap,,https://www.newkerala.com/news/a/nine-top-10-most-valued-firms-add-rs-251-lakh-232.htm
RELIANCE,NSE,2026-08-02 09:00:00+00:00,gdelt:prokerala.com,Nine of top - 10 most - valued firms add Rs 2 . 51 lakh crore in market cap,,https://www.prokerala.com/news/articles/a1795455.html
RELIANCE,NSE,2026-08-02 10:00:00+00:00,gdelt:koreatimes.co.kr,"Lee returns from overseas trip with economic security gains , domestic tests ahead",,https://www.koreatimes.co.kr/southkorea/politics/20260802/lee-returns-from-overseas-trip-with-economic-security-gains-domestic-tests-ahead
RELIANCE,NSE,2026-08-02 10:30:00+00:00,gdelt:organiser.org,Bharatiya Modernity vs Western Modernity,,https://organiser.org/2026/08/02/372225/bharat/bharatiya-modernity-vs-western-modernity-an-understanding-of-self-alternate-model-of-modernity/
RELIANCE,NSE,2026-08-02 10:30:00+00:00,gdelt:organiser.org,Rethinking competitive examinations in India,,https://organiser.org/2026/08/02/372274/bharat/rethinking-competitive-examinations-in-india/
RELIANCE,NSE,2026-08-02 10:45:00+00:00,gdelt:businesstimes.com.sg,"After a blockbuster IPO , can China memory chipmaker CXMT compete globally in the AI era ?",,https://www.businesstimes.com.sg/companies-markets/telcos-media-tech/after-blockbuster-ipo-can-chinas-memory-chipmaker-cxmt-compete-globally-ai-era
RELIANCE,NSE,2026-08-02 10:45:00+00:00,gdelt:hindi.moneycontrol.com,"टॉप 10 कंपनियों में से 9 का M - Cap ₹2 . 51 लाख करोड़ बढ़ा , Bajaj Finance को सबसे ज्यादा फायदा",,https://hindi.moneycontrol.com/news/markets/combined-market-valuation-of-nine-of-the-top-10-most-valued-firms-jumped-rs-2-51-lakh-crore-last-week-bajaj-finance-the-biggest-winner-2425741.html
RELIANCE,NSE,2026-08-02 11:45:00+00:00,gdelt:orissapost.com,Mcap of nine of top - 10 most valued firms jumps Rs 2 . 51 lakh cr ; Bajaj Finance biggest winner,,https://www.orissapost.com/mcap-of-nine-of-top-10-most-valued-firms-jumps-rs-2-51-lakh-cr-bajaj-finance-biggest-winner/
RELIANCE,NSE,2026-08-02 12:45:00+00:00,gdelt:timesofindia.indiatimes.com,IIT BBSR crosses 500 campus placements for 1st time,,https://timesofindia.indiatimes.com/city/bhubaneswar/iit-bbsr-crosses-500-campus-placements-for-1st-time/articleshow/132806285.cms
RELIANCE,NSE,2026-08-02 13:15:00+00:00,gdelt:ghanamma.com,Ghana Parliament Approves Groundbreaking Cocoa Board Reform Bill Amid Urgent Sector Overhaul – Ghanamma . com,,https://www.ghanamma.com/2026/08/02/ghanas-parliament-approves-groundbreaking-cocoa-board-reform-bill-amid-urgent-sector-overhaul/
RELIANCE,NSE,2026-08-02 16:00:00+00:00,gdelt:ianslive.in,Bihar : Small - time trader Suman Kumar turns  job - creator  under PMEGP scheme,,https://ianslive.in/bihar-small-time-trader-suman-kumar-turns-job-creator-under-pmegp-scheme--20260802194502
RELIANCE,NSE,2026-08-02 16:15:00+00:00,gdelt:countercurrents.org,Pakistan at the Crossroads - Military Power Without Democracy,,https://countercurrents.org/2026/08/pakistan-at-the-crossroads-military-power-without-democracy/
RELIANCE,NSE,2026-08-02 16:15:00+00:00,gdelt:livemint.com,Mint Explainer | What China sodium - ion battery breakthrough means for India,,https://www.livemint.com/industry/energy/mint-explainer-what-chinas-sodium-ion-battery-breakthrough-means-for-india-11785668700755.html
RELIANCE,NSE,2026-08-02 16:45:00+00:00,gdelt:philstar.com,"PCCI backs removal of system loss charge , power VAT , butâ€¦",,https://www.philstar.com/headlines/2026/08/03/2546602/pcci-backs-removal-system-loss-charge-power-vat-but
RELIANCE,NSE,2026-08-02 18:15:00+00:00,gdelt:philstar.com,FFCCCII urges government to act on economy,,https://www.philstar.com/business/2026/08/03/2546503/ffcccii-urges-government-act-economy
RELIANCE,NSE,2026-08-02 20:15:00+00:00,gdelt:livenews.co.nz,"AM Edition : Top 10 Politics Articles on LiveNews . co . nz for August 3 , 2026 – Full Text – LiveNews . co . nz",,https://livenews.co.nz/2026/08/03/am-edition-top-10-politics-articles-on-livenews-co-nz-for-august-3-2026-full-text/
RELIANCE,NSE,2026-08-02 21:00:00+00:00,gdelt:utilitydive.com,Utility and Energy Transmission & Distribution News,,https://www.utilitydive.com/?page=2&_sp=35e9686f-bb8d-4c06-95f8-326fed1cfa7d
RELIANCE,NSE,2026-08-02 23:30:00+00:00,gdelt:bangkokpost.com,Bangkok Post - Launching a bid for AI sovereignty,,https://www.bangkokpost.com/business/general/3295694/launching-a-bid-for-ai-sovereignty
RELIANCE,NSE,2026-08-03 01:30:00+00:00,gdelt:businesstimes.com.sg,Malaysia mulls easing rare - earth export curbs to meet demand,,https://www.businesstimes.com.sg/international/asean/malaysia-mulls-easing-rare-earth-export-curbs-meet-demand
RELIANCE,NSE,2026-08-03 04:00:00+00:00,gdelt:usa.chinadaily.com.cn,Carving out a livelihood from old craft,,http://usa.chinadaily.com.cn/a/202608/03/WS6a6febf6a310986e2b4689f3.html
RELIANCE,NSE,2026-08-03 04:00:00+00:00,gdelt:usa.chinadaily.com.cn,Chinese AI strengthening economic resilience,,http://usa.chinadaily.com.cn/a/202608/03/WS6a6fe6bba310986e2b468972.html
RELIANCE,NSE,2026-08-03 04:15:00+00:00,gdelt:risk.net,"People : NatWest gets new group CRO , JPM tunes up top team , and more",,https://www.risk.net/people/7963932/people-natwest-gets-new-group-cro-jpm-tunes-up-top-team-and-more
RELIANCE,NSE,2026-08-03 04:45:00+00:00,gdelt:pulshr.pl,Nowy trend podbija rynek pracy . Za  ciche wakacje  można stracić pracę,,"https://www.pulshr.pl/prawo-pracy/nowy-trend-podbija-rynek-pracy-za-ciche-wakacje-mozna-stracic-prace,120619.html"
RELIANCE,NSE,2026-08-03 05:00:00+00:00,gdelt:moneycontrol.com,India - bound Saudi oil tanker crosses Bab el - Mandeb as Hormuz traffic slows after attacks,,https://www.moneycontrol.com/world/india-bound-saudi-oil-tanker-crosses-bab-el-mandeb-as-hormuz-traffic-slows-after-attacks-article-13991429.html
RELIANCE,NSE,2026-08-03 06:15:00+00:00,gdelt:mondaq.com,OFAC Takes Largest - ever Action Targeting Cartel Leadership And Support Networks,,https://www.mondaq.com/unitedstates/export-controls-trade-investment-sanctions/1825290/ofac-takes-largest-ever-action-targeting-cartel-leadership-and-support-networks
RELIANCE,NSE,2026-08-03 06:45:00+00:00,gdelt:businesstoday.in,"5 reasons why market is rising today : Sensex jumps 500 pts , Nifty tops 24 , 500",,https://www.businesstoday.in/markets/stocks/story/5-reasons-why-market-is-rising-today-sensex-jumps-500-pts-nifty-tops-24500-546751-2026-08-03
RELIANCE,NSE,2026-08-03 08:30:00+00:00,gdelt:arabnews.com,"Two tankers with Saudi oil exit Red Sea over weekend , data shows",,https://www.arabnews.com/node/2653201/middle-east
RELIANCE,NSE,2026-08-03 09:15:00+00:00,gdelt:businesstimes.com.sg,AI and chips are turning Malaysia into Asia growth standout,,https://www.businesstimes.com.sg/international/asean/ai-and-chips-are-turning-malaysia-asias-growth-standout
RELIANCE,NSE,2026-08-03 10:30:00+00:00,gdelt:thesun.ng,You cant claim economic prosperity amid industrial sector shutdown – Atiku to Tinubu – The Sun Nigeria,,https://thesun.ng/you-cant-claim-economic-prosperity-amid-industrial-sector-shutdown-atiku-to-tinubu/
RELIANCE,NSE,2026-08-03 10:45:00+00:00,gdelt:manilatimes.net,"WuXi AppTec Delivers Strong H1 2026 Results and Raises Full - Year Guidance [ 1 ], Driven by Greater Success of Multiple Customer Products and CRDMO Model",,https://www.manilatimes.net/2026/08/03/tmt-newswire/pr-newswire/wuxi-apptec-delivers-strong-h1-2026-results-and-raises-full-year-guidance1-driven-by-greater-success-of-multiple-customers-products-and-crdmo-model/2396868
RELIANCE,NSE,2026-08-03 11:30:00+00:00,gdelt:yahoo.com,"Exclusive : Nearly 1 , 900 U . S . Public Schools Within a Mile of a Data Center",,https://www.yahoo.com/news/us/articles/exclusive-nearly-1-900-u-104500643.html
RELIANCE,NSE,2026-08-03 12:30:00+00:00,gdelt:riotimesonline.com,Brazil Minister Visits India to Expand Trade,,https://www.riotimesonline.com/brazil-mdic-minister-india-trade-mission-2026/
RELIANCE,NSE,2026-08-03 12:30:00+00:00,gdelt:thestarphoenix.com,Curium Announces Definitive Agreement to Merge with Lantheus,,https://thestarphoenix.com/press-releases/globe-newswire/curium-announces-definitive-agreement-to-merge-with-lantheus/
RELIANCE,NSE,2026-08-03 12:30:00+00:00,gdelt:marinelink.com,Saudi Oil Tankers Cross Red Sea As Hormuz Traffic,,https://www.marinelink.com/news/saudi-oil-tankers-cross-red-sea-hormuz-541712
RELIANCE,NSE,2026-08-03 12:30:00+00:00,gdelt:lokmat.com,"ट्रम्प यांच्या घोषणेनंतर शेअर बाजारात जोरदार तेजी ; सेन्सेक्स ५४४ , तर निफ्टी ३९० अंकांनी वधारला",,https://www.lokmat.com/business/stock-market/stock-market-surges-after-trumps-announcement-sensex-rises-544-points-nifty-390-points-a-a732/
RELIANCE,NSE,2026-08-03 12:30:00+00:00,gdelt:alnas-news.com,My Blog – My WordPress Blog,,https://alnas-news.com/
RELIANCE,NSE,2026-08-03 12:30:00+00:00,gdelt:alnas-news.com,Why India Isnt Rushing Toward the F - 35 : The Bigger Strategy Behind New Delhi Fighter Aircraft Decisions – My Blog,,https://alnas-news.com/2026/08/03/why-india-isnt-rushing-toward-the-f-35-the-bigger-strategy-behind-new-delhis-fighter-aircraft-decisions/
RELIANCE,NSE,2026-08-03 13:15:00+00:00,gdelt:deshbandhu.co.in,"योगी आदित्यनाथ का विपक्ष पर तीखा हमला , राम मंदिर चढ़ावे के आरोपों पर घेरा ; आउटसोर्स कर्मचारियों के लिए बड़ी घोषणा | cm - yogi - targets - opposition - ram - mandir - donation - outsourcing - commission - announcement",,https://www.deshbandhu.co.in/featured-news/cm-yogi-targets-opposition-ram-mandir-donation-outsourcing-commission-announcement-313610
RELIANCE,NSE,2026-08-03 13:30:00+00:00,gdelt:manilatimes.net,GMEX Robotics Corporation to Launch 247meta . ai Multi - Model Platform for Autonomous Enterprise and Consumer Workflows,,https://www.manilatimes.net/2026/08/03/tmt-newswire/globenewswire/gmex-robotics-corporation-to-launch-247metaai-multi-model-platform-for-autonomous-enterprise-and-consumer-workflows/2397054
RELIANCE,NSE,2026-08-03 14:15:00+00:00,gdelt:manilatimes.net,"MDWerks , Inc . Announces Signed LOI for Proposed Joint Venture Between RF Specialties and Rex Lumber Company",,https://www.manilatimes.net/2026/08/03/tmt-newswire/globenewswire/mdwerks-inc-announces-signed-loi-for-proposed-joint-venture-between-rf-specialties-and-rex-lumber-company/2397185
RELIANCE,NSE,2026-08-03 15:00:00+00:00,gdelt:itnewsonline.com,"Aggregates Market to Hit 84 . 23 Billion Tons by 2031 as Urbanization and Infrastructure Projects Accelerate , Reports Mordor Intelligence",,https://www.itnewsonline.com/PRNewswire/Aggregates-Market-to-Hit-84.23-Billion-Tons-by-2031-as-Urbanization-and-Infrastructure-Projects-Accelerate-Reports-Mordor-Intelligence/1140092
RELIANCE,NSE,2026-08-03 15:15:00+00:00,gdelt:miragenews.com,"UK , Japan , Italy Unite for Fighter Jet : Defense Shift",,https://www.miragenews.com/uk-japan-italy-unite-for-fighter-jet-defense-1720870/
RELIANCE,NSE,2026-08-03 15:15:00+00:00,gdelt:satellitetoday.com,How Fast Can You Build a Satellite ? Inside the Smallsat Manufacturing Market,,https://www.satellitetoday.com/manufacturing/2026/07/27/how-fast-can-you-build-a-satellite-inside-the-smallsat-manufacturing-market/
RELIANCE,NSE,2026-08-03 15:15:00+00:00,gdelt:hawaiitelegraph.com,BREAKING NEWS : ELEKTROS Reinforces Long - Term Growth Strategy Amid Record Markets and Rising Demand for Critical Minerals,,http://www.hawaiitelegraph.com/news/279220704/breaking-news-elektros-reinforces-long-term-growth-strategy-amid-record-markets-and-rising-demand-for-critical-minerals
RELIANCE,NSE,2026-08-03 15:15:00+00:00,gdelt:dallassun.com,"BREAKING NEWS : ELEKTROS Builds Momentum as Global Interest Grows in Lithium , EV Charging and Strategic Opportunities",,http://www.dallassun.com/news/279220761/breaking-news-elektros-builds-momentum-as-global-interest-grows-in-lithium-ev-charging-and-strategic-opportunities
RELIANCE,NSE,2026-08-03 16:00:00+00:00,gdelt:ianslive.in,Why Nifty jumped 200 points after 3 . 15 p . m .: SEBI new closing auction rule explained,,https://ianslive.in/why-nifty-jumped-200-points-after-315-pm-sebis-new-closing-auction-rule-explained--20260803192818
RELIANCE,NSE,2026-08-03 16:15:00+00:00,gdelt:ynetnews.com,"Kurds , Ahmadinejad and a march on Tehran : Inside Israel failed plan to topple Iran",,https://www.ynetnews.com/magazine/article/hkpkilcrzl
RELIANCE,NSE,2026-08-03 18:00:00+00:00,gdelt:navabharat.com,"बाढ़ के बीच भारतीय तटरक्षक बल का साहसिक अभियान , 11 रेस्क्यू ऑपरेशन में 170 लोगों की बचाई जान",,https://navabharat.com/?p=536545
RELIANCE,NSE,2026-08-03 18:15:00+00:00,gdelt:en.globes.co.il,India steps up arms supplies to Israel - report,,https://en.globes.co.il/en/article-india-steps-up-arms-supplies-to-israel-report-1001551220
RELIANCE,NSE,2026-08-03 18:15:00+00:00,gdelt:tennesseedaily.com,"BREAKING NEWS : Historic Market Strength Drives ELEKTRO Expanding Vision for Lithium , Critical Minerals and EV Innovation",,http://www.tennesseedaily.com/news/279220916/breaking-news-historic-market-strength-drives-elektros-expanding-vision-for-lithium-critical-minerals-and-ev-innovation
RELIANCE,NSE,2026-08-03 18:15:00+00:00,gdelt:tennesseedaily.com,"Historic Markets . Bold Vision . ELEKTROS Accelerates Its LongTerm Strategy in Lithium , Critical Minerals and NextGeneration EV Charging",,http://www.tennesseedaily.com/news/279220953/historic-markets-bold-vision-elektros-accelerates-its-longterm-strategy-in-lithium-critical-minerals-and-nextgeneration-ev-charging
RELIANCE,NSE,2026-08-03 19:00:00+00:00,gdelt:thedailystar.net,Accelerate domestic gas exploration,,https://www.thedailystar.net/business/economy/news/accelerate-domestic-gas-exploration-4239361
RELIANCE,NSE,2026-08-03 19:00:00+00:00,gdelt:theverge.com,Europe AI labeling and transparency rules are now in effect,,https://www.theverge.com/ai-artificial-intelligence/974571/eu-ai-act-transparency-labels-rules-deepfakes
RELIANCE,NSE,2026-08-03 19:00:00+00:00,gdelt:livemint.com,New closing auction sparks rare Nifty - Sensex split amid low participation,,https://www.livemint.com/market/new-closing-auction-sparks-rare-nifty-sensex-split-amid-low-participation-11785769915392.html
RELIANCE,NSE,2026-08-03 19:00:00+00:00,gdelt:thehindubusinessline.com,Closing price discovery goes awry on Day 1 as CAS spikes Nifty value 200 points,,https://www.thehindubusinessline.com/markets/closing-price-discovery-faces-first-test-as-cas-spikes-nifty-by-nearly-200-points/article71302249.ece
RELIANCE,NSE,2026-08-03 19:30:00+00:00,gdelt:livenews.co.nz,"AM Edition : Top 10 Politics Articles on LiveNews . co . nz for August 4 , 2026 – Full Text – LiveNews . co . nz",,https://livenews.co.nz/2026/08/04/am-edition-top-10-politics-articles-on-livenews-co-nz-for-august-4-2026-full-text/
RELIANCE,NSE,2026-08-03 21:00:00+00:00,gdelt:manilatimes.net,EverQuote Announces Second Quarter 2026 Financial Results,,https://www.manilatimes.net/2026/08/04/tmt-newswire/globenewswire/everquote-announces-second-quarter-2026-financial-results/2397440
RELIANCE,NSE,2026-08-03 21:30:00+00:00,gdelt:ft.lk,Can Sri Lanka overcome past mistakes and craft a path of development ?,,https://www.ft.lk/opinion/Can-Sri-Lanka-overcome-past-mistakes-and-craft-a-path-of-development/14-795528
RELIANCE,NSE,2026-08-03 21:30:00+00:00,gdelt:labusinessjournal.com,Corporate Philanthropy : Corporate Giving Flatlines - Los Angeles Business Journal,,https://labusinessjournal.com/special-reports/corporate-philanthropy-corporate-giving-flatlines/
RELIANCE,NSE,2026-08-03 21:30:00+00:00,gdelt:theepochtimes.com,"China Has Favored Production Over Consumption for Decades , Economist Says",,https://www.theepochtimes.com/china/china-has-favored-production-over-consumption-for-decades-economist-says-6070690
RELIANCE,NSE,2026-08-03 22:45:00+00:00,gdelt:techtimes.com,Spider - Man : Brand New Day Wearable AI Cannot Exist Yet : Real Power - Budget Wall Stands in Its Way,,https://www.techtimes.com/articles/322838/20260803/spider-man-brand-new-days-wearable-ai-cannot-exist-yet-real-power-budget-wall-stands-its-way.htm
RELIANCE,NSE,2026-08-04 10:37:19+00:00,marketaux:thehindubusinessline.com,"Stock Market Today Highlights, Aug 4: Markets end in the red; Sensex drops 210 points, Nifty slips 159","Sensex Today, Nifty 50 | Stock Market Highlights - 4th August 2026: Sensex and Nifty ended lower ahead of the RBI's policy announcement, with investor caution driven by the new F&O closing-auction mechanism, higher crude oil prices and weekly derivatives expiry.

Sensex Today, Nifty 50 | Stock Market Highlights: Find here all the updates related to Sensex, Nifty, BSE, NSE, share prices and Indian stock markets for 4th Au...",https://www.thehindubusinessline.com/markets/sensex-nifty50-today-stock-market-highlights-4th-august-2026/article71301258.ece
RELIANCE,NSE,2026-08-04 11:44:44+00:00,marketaux:rediff.com,"Sensex, Nifty dip as new closing auction session introduces volatility","Indian benchmark indices Sensex and Nifty ended a four-day rally, closing lower on Tuesday following the introduction of a new Closing Auction Session (CAS) for F&O stocks, which has added a layer of volatility and led to an early adjustment in market structure.

The Indian stock market experienced a dip in benchmark indices Sensex and Nifty, ending a four-day rally, as a new Closing Auction Session (CAS) for futures and...",https://www.rediff.com/business/report/indian-stock-market-volatility-sensex-nifty-drop-amid-new-closing-auction-session/20260804.htm
RELIANCE,NSE,2026-08-04 14:05:32+00:00,marketaux:timesofindia.indiatimes.com,"Will Nifty & Sensex continue to diverge? What new stock market timings, closing auction session mean","India Business News: At the start of the new month, confusion has ensued for stock market investors as a new mechanism for closing and revised timings has left traders scr.

What has been implemented as per SEBI directions is called a Closing Auction Session or CAS.

Why have stock market timings been revised? What is the new final ...",https://timesofindia.indiatimes.com/business/india-business/will-nifty-sensex-continue-to-diverge-what-new-stock-market-timings-closing-price-auction-session-mean/articleshow/132862949.cms
RELIANCE,NSE,2026-08-07 00:00:00+00:00,gdelt:insidenova.com,Virginia Employers Rely on Both Farm and Non - Farm Seasonal Workers,,https://www.insidenova.com/news/state/virginia-employers-rely-on-both-farm-and-non-farm-seasonal-workers/article_8381fdb3-0e11-5773-8bdb-2f8fdc997aeb.html
RELIANCE,NSE,2026-08-07 00:00:00+00:00,gdelt:punchng.com,"Delta Investment Summit : Beyond Oil , Diversifying Economy",,https://punchng.com/beyond-oil-delta-maps-new-course-at-investment-summit/
RELIANCE,NSE,2026-08-07 00:45:00+00:00,gdelt:thestar.com.my,Almost 40 data centres approved in Selangor,,https://www.thestar.com.my/metro/metro-news/2026/08/07/almost-40-data-centres-approved-in-selangor
RELIANCE,NSE,2026-08-07 03:45:00+00:00,gdelt:thestarphoenix.com,"PyroGenesis Announces Second Quarter 2026 Results : Revenue of $4 . 4 Million , Up 47 % Year - Over - Year for Best Q2 Since 2022",,https://thestarphoenix.com/press-releases/globe-newswire/pyrogenesis-announces-second-quarter-2026-results-revenue-of-4-4-million-up-47-year-over-year-for-best-q2-since-2022/
RELIANCE,NSE,2026-08-07 03:45:00+00:00,gdelt:timesofindia.indiatimes.com,"Stock Market Today Live Updates : Where are BSE Sensex and NSE Nifty50 headed today ? Oil prices , global cues and more in focus",,https://timesofindia.indiatimes.com/business/india-business/sensex-stock-market-today-07-august-2026-live-updates-nse-bse-gift-nifty-50-top-gainers-losers-mcx-stocks-in-focus-market-news/liveblog/133019604.cms
RELIANCE,NSE,2026-08-07 04:45:00+00:00,gdelt:straitstimes.com,China exports in July beat forecasts on robust high - tech demand,,https://www.straitstimes.com/business/economy/china-exports-in-july-beat-expectations-on-robust-high-tech-demand
RELIANCE,NSE,2026-08-07 04:45:00+00:00,gdelt:hindi.moneycontrol.com,"Stock Market Fall : 2 दिन की तेजी के बाद बाजार लाल , सेंसेक्स 503 अंक तक लुढ़का ; निवेशकों ने ₹1 . 57 लाख करोड़ गंवाए",,https://hindi.moneycontrol.com/news/markets/stock-markets-fall-after-two-days-of-gain-sensex-tumbled-upto-503-points-investors-wealth-decreased-by-rs-1-57-lakh-crore-2427949.html
RELIANCE,NSE,2026-08-07 04:45:00+00:00,gdelt:navbharattimes.indiatimes.com,"Share Market Opening : दो दिन की तेजी के बाद गिरा शेयर बाजार , सेंसेक्स 300 अंक टूटा , LIC में तेजी",,https://navbharattimes.indiatimes.com/business/share-market/share-news/share-market-update-bse-sensex-nse-nifty-trends-on-7-august-2026/articleshow/133020519.cms
RELIANCE,NSE,2026-08-07 06:00:00+00:00,gdelt:parkiet.com,Nie tylko Excel i modele DCF . Najlepsi analitycy o swojej pracy i rynku,,https://www.parkiet.com/finanse/art44955461-nie-tylko-excel-i-modele-dcf-najlepsi-analitycy-o-swojej-pracy-i-rynku
RELIANCE,NSE,2026-08-07 07:00:00+00:00,gdelt:tarunbharat.com,"Bullish sentiment in the stock market , driven by banking stocks .",,https://www.tarunbharat.com/bullish-sentiment-in-the-stock-market-driven-by-banking-stocks/
RELIANCE,NSE,2026-08-07 07:00:00+00:00,gdelt:riotimesonline.com,Namibia Targets US$250 Million for Green Industrialisation,,https://www.riotimesonline.com/namibia-targets-us250-million-green-industrialisation-2026/
RELIANCE,NSE,2026-08-07 07:30:00+00:00,gdelt:itnewsonline.com,Court Grants Final Order Approving Acquisition of Kneat by Thoma Bravo,,https://www.itnewsonline.com/GlobeNewswire/Court-Grants-Final-Order-Approving-Acquisition-of-Kneat-by-Thoma-Bravo/128183
RELIANCE,NSE,2026-08-07 08:00:00+00:00,gdelt:economictimes.indiatimes.com,Global Market : China July exports top forecasts as AI boom and pre - tariff rush fuel trade growth,,https://economictimes.indiatimes.com/markets/us-stocks/news/global-market-chinas-july-exports-top-forecasts-as-ai-boom-and-pre-tariff-rush-fuel-trade-growth/articleshow/133026299.cms
RELIANCE,NSE,2026-08-07 11:00:00+00:00,gdelt:itbusinessnet.com,"WELL Health Achieves Record Quarterly Revenue Milestone of $400 Million in Q2 - 2026 , Driven by 32 % Revenue Growth of Canadian Patient Services , and Raises 2026 Annual Guidance – IT Business Net",,https://itbusinessnet.com/2026/08/well-health-achieves-record-quarterly-revenue-milestone-of-400-million-in-q2-2026-driven-by-32-revenue-growth-of-canadian-patient-services-and-raises-2026-annual-guidance/
RELIANCE,NSE,2026-08-07 11:30:00+00:00,gdelt:finanznachrichten.de,Algoma Central Corporation Reports Financial Results for the 2026 Second Quarter,,https://www.finanznachrichten.de/nachrichten-2026-08/69249893-algoma-central-corporation-reports-financial-results-for-the-2026-second-quarter-004.htm
RELIANCE,NSE,2026-08-07 11:30:00+00:00,gdelt:english.aawsat.com,AI Demand Keeps China Export Engine Humming,,https://english.aawsat.com/technology/5304346-ai-demand-keeps-chinas-export-engine-humming
RELIANCE,NSE,2026-08-07 13:15:00+00:00,gdelt:economictimes.indiatimes.com,IIT Gandhinagar develops import substitute for strategic aluminium alloy,,https://economictimes.indiatimes.com/news/defence/iit-gandhinagar-develops-import-substitute-for-strategic-aluminium-alloy/articleshow/133034218.cms
RELIANCE,NSE,2026-08-07 13:30:00+00:00,gdelt:thestarphoenix.com,Canopy Growth Reports First Quarter Fiscal Year 2027 Financial Results ; Delivers 13 % Net Revenue Growth with Contributions from All Businesses,,https://thestarphoenix.com/press-releases/business-wire/canopy-growth-reports-first-quarter-fiscal-year-2027-financial-results-delivers-13-net-revenue-growth-with-contributions-from-all-businesses/
RELIANCE,NSE,2026-08-07 13:45:00+00:00,gdelt:indiagazette.com,India rolls out $2 . 5 billion compressed biogas program,,http://www.indiagazette.com/news/279226297/india-rolls-out-25-billion-compressed-biogas-program
RELIANCE,NSE,2026-08-07 13:45:00+00:00,gdelt:indiagazette.com,"National Handloom Day : Yogi Adityanath salutes artisans , recalls Swadeshi Movement legacy",,http://www.indiagazette.com/news/279226324/national-handloom-day-yogi-adityanath-salutes-artisans-recalls-swadeshi-movement-legacy
RELIANCE,NSE,2026-08-07 14:15:00+00:00,gdelt:ibtimes.co.uk,"Which HR Software Has the Best Data Security in 2026 ? Comparing ADP , Paycom , Paycor , Rippling , and Workday",,https://www.ibtimes.co.uk/paycom-security-first-approach-reducing-hr-data-risks-1813037
RELIANCE,NSE,2026-08-07 14:30:00+00:00,gdelt:montrealgazette.com,"AZIO AI Holdings Inc . ( NASDAQ : AZIO ) Signs Key Agreement , Establishes Focus on AI Compute Infrastructure",,https://montrealgazette.com/press-releases/globe-newswire/azio-ai-holdings-inc-nasdaq-azio-signs-key-agreement-establishes-focus-on-ai-compute-infrastructure/
RELIANCE,NSE,2026-08-07 14:30:00+00:00,gdelt:navabharat.com,"पारंपरिक शिल्प को आधुनिक रुझानों , वैश्विक मूल्य श्रृंखलाओं से जोड़कर सृजित किये जा सकते हैं नये अवसर : मुर्मु",,https://navabharat.com/?p=539579
RELIANCE,NSE,2026-08-07 14:30:00+00:00,gdelt:prokerala.com,Delhi Minister Sirsa asks AAP MLAs to move away from political theatrics,,https://www.prokerala.com/news/articles/a1797660.html
RELIANCE,NSE,2026-08-07 14:45:00+00:00,gdelt:mondaq.com,"Mortgage Banking Update - August 6 , 2026",,https://www.mondaq.com/unitedstates/financial-services/1827854/mortgage-banking-update-august-6-2026
RELIANCE,NSE,2026-08-07 15:00:00+00:00,gdelt:hallmarknews.com,"Enugu allocates land for ITF digital fabrication centre to boost innovation , skills development",,https://hallmarknews.com/enugu-allocates-land-for-itf-digital-fabrication-centre-to-boost-innovation-skills-development/
RELIANCE,NSE,2026-08-07 15:15:00+00:00,gdelt:idrw.org,"Passive Defence , Not Drone Jammers : A Wartime Survival Strategy for India Border Industries",,https://idrw.org/passive-defence-not-drone-jammers-a-wartime-survival-strategy-for-indias-border-industries/
RELIANCE,NSE,2026-08-07 17:15:00+00:00,gdelt:pr-inside.com,BREAKING NEWS : ELEKTROS Elevates Its Lithium Strategy and Proprietary ...,,https://www.pr-inside.com/breaking-news-elektros-elevates-its-lithium-strategy-and-proprietary-r5209753.htm
RELIANCE,NSE,2026-08-07 18:00:00+00:00,gdelt:finanznachrichten.de,"Elektros , Inc .: BREAKING NEWS : ELEKTROS Advances Its Lithium Vision and Proprietary EV Charging Patent as Global Markets Spotlight the Next Generation of Growth",,https://www.finanznachrichten.de/nachrichten-2026-08/69253835-elektros-inc-breaking-news-elektros-advances-its-lithium-vision-and-proprietary-ev-charging-patent-as-global-markets-spotlight-the-next-generation-200.htm
RELIANCE,NSE,2026-08-07 18:00:00+00:00,gdelt:southeastasiapost.com,"IIT Madras , Indonesia sign landmark MoU to boost research and deep - tech cooperation",,http://www.southeastasiapost.com/news/279226551/iit-madras-indonesia-sign-landmark-mou-to-boost-research-and-deep-tech-cooperation
RELIANCE,NSE,2026-08-07 18:00:00+00:00,gdelt:pr-inside.com,BREAKING NEWS : ELEKTROS Advances Its Lithium Vision and Proprietary ...,,https://www.pr-inside.com/breaking-news-elektros-advances-its-lithium-vision-and-proprietary-r5209804.htm
RELIANCE,NSE,2026-08-07 18:45:00+00:00,gdelt:themarketsdaily.com,Analyzing Aegean Marine Petroleum Network ( OTCMKTS : ANWWQ ) and Reliance ( NYSE : RS ),,https://www.themarketsdaily.com/2026/08/07/analyzing-aegean-marine-petroleum-network-otcmktsanwwq-and-reliance-nysers.html
RELIANCE,NSE,2026-08-07 19:00:00+00:00,gdelt:kashmirtimes.com,"Makkah Defence Pact Unites Türkiye , Saudi Arabia and Pakistan",,https://kashmirtimes.com/news/makkah-defence-pact-t%C3%BCrkiye-saudi-arabia-and-pakistan-pledge-collective-security
RELIANCE,NSE,2026-08-07 19:45:00+00:00,gdelt:californiatelegraph.com,BREAKING NEWS : ELEKTROS Elevates Its Lithium Strategy and Proprietary EV Charging Patent as Global Investors Focus on the Next Wave of Growth,,http://www.californiatelegraph.com/news/279226643/breaking-news-elektros-elevates-its-lithium-strategy-and-proprietary-ev-charging-patent-as-global-investors-focus-on-the-next-wave-of-growth
RELIANCE,NSE,2026-08-07 19:45:00+00:00,gdelt:weeklyblitz.net,"America China tech crackdown risks innovation , energy and AI growth",,https://weeklyblitz.net/2026/08/08/americas-china-tech-crackdown-risks-innovation-energy-and-ai-growth/
RELIANCE,NSE,2026-08-07 19:45:00+00:00,gdelt:californiatelegraph.com,BREAKING NEWS : ELEKTROS Strengthens Its Position Across Lithium and EV Innovation as Its Sierra Leone Strategy and U . S . Charging Patent Gain Visibility,,http://www.californiatelegraph.com/news/279226625/breaking-news-elektros-strengthens-its-position-across-lithium-and-ev-innovation-as-its-sierra-leone-strategy-and-us-charging-patent-gain-visibility
RELIANCE,NSE,2026-08-07 19:45:00+00:00,gdelt:californiatelegraph.com,BREAKING NEWS : ELEKTROS Showcases Its Sierra Leone Lithium Vision and Advanced EV Charging Patent Amid Renewed Global Interest in Emerging Growth,,http://www.californiatelegraph.com/news/279226627/breaking-news-elektros-showcases-its-sierra-leone-lithium-vision-and-advanced-ev-charging-patent-amid-renewed-global-interest-in-emerging-growth
RELIANCE,NSE,2026-08-07 19:45:00+00:00,gdelt:riotimesonline.com,"Africa Intelligence Brief August 7 , 2026 : Africa Names Its Price Rio Times",,https://www.riotimesonline.com/africa-intelligence-brief-friday-august-7-2026/
RELIANCE,NSE,2026-08-07 20:30:00+00:00,gdelt:tribuneindia.com,"Buy a handloom product , support artisans : Himachal Governor Kavinder Gupta",,https://www.tribuneindia.com/news/himachal/buy-a-handloom-product-support-artisans-himachal-governor-kavinder-gupta/
RELIANCE,NSE,2026-08-07 20:30:00+00:00,gdelt:tennesseedaily.com,BREAKING NEWS : ELEKTROS Advances Its Lithium Vision and Proprietary EV Charging Patent as Global Markets Spotlight the Next Generation of Growth,,http://www.tennesseedaily.com/news/279226680/breaking-news-elektros-advances-its-lithium-vision-and-proprietary-ev-charging-patent-as-global-markets-spotlight-the-next-generation-of-growth
RELIANCE,NSE,2026-08-07 20:30:00+00:00,gdelt:bdcnetwork.com,"Theodore Roosevelt Presidential Library , the only carbon - neutral presidential library in the world , opens in North Dakota",,https://www.bdcnetwork.com/building-sector-reports/cultural-facilities/libraries/article/55396589/theodore-roosevelt-presidential-library-the-only-carbon-neutral-presidential-library-in-the-world-opens-in-north-dakota
RELIANCE,NSE,2026-08-07 21:30:00+00:00,gdelt:manilatimes.net,"Univest Securities , LLC Announces Closing of $1 . 05 Million Registered Direct Offering for its Client YXT . COM GROUP HOLDING Ltd ( NASDAQ : YXT )",,https://www.manilatimes.net/2026/08/08/tmt-newswire/globenewswire/univest-securities-llc-announces-closing-of-105-million-registered-direct-offering-for-its-client-yxtcom-group-holding-ltd-nasdaq-yxt/2401261
RELIANCE,NSE,2026-08-07 21:30:00+00:00,gdelt:prnewswire.com,NIRON MAGNETICS RECEIVES CONDITIONAL $150 MILLION DEPARTMENT OF WAR COMMITMENT,,http://www.prnewswire.com/news-releases/niron-magnetics-receives-conditional-150-million-department-of-war-commitment-302846367.html
RELIANCE,NSE,2026-08-07 21:30:00+00:00,gdelt:upi.com,U . S . sanctions crypto exchanges for laundering Iranian military assets,,https://www.upi.com/Top_News/World-News/2026/08/07/santions-iran-crypto/6431786132117/
RELIANCE,NSE,2026-08-07 22:00:00+00:00,gdelt:pressnote.in,आयकर रिटर्न में पारदर्शिता का नया युग,,https://pressnote.in/article39effc92_541056.html
RELIANCE,NSE,2026-08-07 23:15:00+00:00,gdelt:finanznachrichten.de,United States Antimony Corp .: United States Antimony Corporation CEO to be Featured on FOX News ~ Mornings with Maria,,https://www.finanznachrichten.de/nachrichten-2026-08/69255122-united-states-antimony-corp-united-states-antimony-corporation-ceo-to-be-featured-on-fox-news-mornings-with-maria-200.htm
RELIANCE,NSE,2026-08-07 23:15:00+00:00,gdelt:blueprint.ng,"Government officials laud NASENI breakthrough innovations , call for  Nigeria - First  procurement policy",,https://blueprint.ng/government-officials-laud-nasenis-breakthrough-innovations-call-for-nigeria-first-procurement-policy/
RELIANCE,NSE,2026-08-07 23:30:00+00:00,gdelt:pr-inside.com,United States Antimony Corporation CEO to be Featured on FOX News ~ ...,,https://www.pr-inside.com/united-states-antimony-corporation-ceo-to-be-featured-on-fox-news-r5209930.htm
RELIANCE,NSE,2026-08-08 00:00:00+00:00,gdelt:brudirect.com,Brunei No . 1 News Website,,https://brudirect.com/post/Government-studies-price-increase-factors
RELIANCE,NSE,2026-08-09 02:30:00+00:00,gdelt:navbharattimes.indiatimes.com,Vedanta Demerger : अनिल अग्रवाल के वेदांता ने डीमर्जर के बाद इस मामले में बना दिया रिकॉर्ड,,https://navbharattimes.indiatimes.com/business/share-market/share-news/anil-agarwal-vedanta-limited-retails-post-demerger-performance-retail-and-institutional-investors-strongly-endorse/articleshow/133061345.cms
RELIANCE,NSE,2026-08-09 03:00:00+00:00,gdelt:thestar.com.my,Promptly yours – but with rules,,https://www.thestar.com.my/news/focus/2026/08/09/promptly-yours--but-with-rules
RELIANCE,NSE,2026-08-09 03:00:00+00:00,gdelt:finanznachrichten.de,"Elektros , Inc .: BREAKING NEWS : ELEKTROS Enters the Investor Spotlight as Growing Market Awareness Highlights Its Sierra Leone Hard - Rock Lithium Vision and Proprietary EV Charging Technology",,https://www.finanznachrichten.de/nachrichten-2026-08/69257128-elektros-inc-breaking-news-elektros-enters-the-investor-spotlight-as-growing-market-awareness-highlights-its-sierra-leone-hard-rock-lithium-vision-200.htm
RELIANCE,NSE,2026-08-09 03:00:00+00:00,gdelt:finanznachrichten.de,"Elektros , Inc .: BREAKING NEWS : ELEKTROS Builds Market Momentum Around Its Hard - Rock Lithium , Critical Minerals and Advanced EV Charging Technology Strategy",,https://www.finanznachrichten.de/nachrichten-2026-08/69257129-elektros-inc-breaking-news-elektros-builds-market-momentum-around-its-hard-rock-lithium-critical-minerals-and-advanced-ev-charging-technology-str-200.htm
RELIANCE,NSE,2026-08-09 03:00:00+00:00,gdelt:finanznachrichten.de,"Elektros , Inc .: BREAKING NEWS : ELEKTROS Broadens Its Investor Profile as Lithium , Critical Minerals and Proprietary EV Charging Technology Drive Its Long - Term Growth Story",,https://www.finanznachrichten.de/nachrichten-2026-08/69257122-elektros-inc-breaking-news-elektros-broadens-its-investor-profile-as-lithium-critical-minerals-and-proprietary-ev-charging-technology-drive-its-l-200.htm
RELIANCE,NSE,2026-08-09 03:45:00+00:00,gdelt:lokmat.com,"प्रश्न विचारणे सोपे , उत्तरे शोधण्याचे धैर्यही दाखवा ; पंतप्रधान नरेंद्र मोदी यांचे विद्यार्थ्यांना आवाहन",,https://www.lokmat.com/national/asking-questions-is-easy-show-courage-to-find-answers-pm-narendra-modi-appeals-to-students-a-a1013/
RELIANCE,NSE,2026-08-09 05:00:00+00:00,gdelt:theconversation.com,The world has changed . African countries must rethink how they grow their economies,,https://theconversation.com/the-world-has-changed-african-countries-must-rethink-how-they-grow-their-economies-289060
RELIANCE,NSE,2026-08-09 05:45:00+00:00,gdelt:slguardian.org,The Blue Blood That Saved Millions Is Putting an Ancient Species at Risk,,https://slguardian.org/the-blue-blood-that-saved-millions-is-putting-an-ancient-species-at-risk/
RELIANCE,NSE,2026-08-09 06:00:00+00:00,gdelt:ghanamma.com,Nigeria and Ghana Forge Strategic Partnerships in Digital Innovation and Technology for Industrial Growth – Ghanamma . com,,https://www.ghanamma.com/2026/08/09/nigeria-and-ghana-forge-strategic-partnerships-in-digital-innovation-and-technology-for-industrial-growth/
RELIANCE,NSE,2026-08-09 06:30:00+00:00,gdelt:californiatelegraph.com,BREAKING NEWS : ELEKTROS Enters the Investor Spotlight as Growing Market Awareness Highlights Its Sierra Leone Hard - Rock Lithium Vision and Proprietary EV Charging Technology,,http://www.californiatelegraph.com/news/279227858/breaking-news-elektros-enters-the-investor-spotlight-as-growing-market-awareness-highlights-its-sierra-leone-hard-rock-lithium-vision-and-proprietary-ev-charging-technology
RELIANCE,NSE,2026-08-09 06:30:00+00:00,gdelt:californiatelegraph.com,"BREAKING NEWS : ELEKTROS Builds Market Momentum Around Its Hard - Rock Lithium , Critical Minerals and Advanced EV Charging Technology Strategy",,http://www.californiatelegraph.com/news/279227852/breaking-news-elektros-builds-market-momentum-around-its-hard-rock-lithium-critical-minerals-and-advanced-ev-charging-technology-strategy
RELIANCE,NSE,2026-08-09 06:30:00+00:00,gdelt:californiatelegraph.com,"BREAKING NEWS : ELEKTROS Broadens Its Investor Profile as Lithium , Critical Minerals and Proprietary EV Charging Technology Drive Its Long - Term Growth Story",,http://www.californiatelegraph.com/news/279227851/breaking-news-elektros-broadens-its-investor-profile-as-lithium-critical-minerals-and-proprietary-ev-charging-technology-drive-its-long-term-growth-story
RELIANCE,NSE,2026-08-09 06:45:00+00:00,gdelt:dw.com,Germany news : Drone incidents prompt security research boost,,https://www.dw.com/en/germany-news-drone-incidents-prompt-security-research-boost/live-78287439
RELIANCE,NSE,2026-08-09 06:45:00+00:00,gdelt:thehindubusinessline.com,Vijayan Trishul Defence Solutions signs tech pact with Czech firm DEUS Automation,,https://www.thehindubusinessline.com/news/vijayan-trishul-defence-solutions-signs-tech-pact-with-czech-firm-deus-automation/article71324094.ece
RELIANCE,NSE,2026-08-09 06:45:00+00:00,gdelt:thehindubusinessline.com,"Households in India , other Asia - Pacific regions highly vulnerable to El Nino - driven price shocks : S & P",,https://www.thehindubusinessline.com/economy/households-in-india-other-asia-pacific-regions-highly-vulnerable-to-el-nino-driven-price-shocks-sp/article71324108.ece
RELIANCE,NSE,2026-08-09 07:00:00+00:00,gdelt:geeky-gadgets.com,iPhone 18 Pro Availability Could See Delays at Launch,,https://www.geeky-gadgets.com/iphone-18-pro-stock-delays/
RELIANCE,NSE,2026-08-09 07:45:00+00:00,gdelt:tribuneonlineng.com,The People Republic : How they rule - Tribune Online,,https://tribuneonlineng.com/the-peoples-republic-how-they-rule-18/
RELIANCE,NSE,2026-08-09 08:00:00+00:00,gdelt:moneycontrol.com,"El Nino may push up food prices in India , but grain stocks offer cushion : S & P",,https://www.moneycontrol.com/news/business/el-nino-may-push-up-food-prices-in-india-but-grain-stocks-offer-cushion-s-p-13998938.html
RELIANCE,NSE,2026-08-09 09:45:00+00:00,gdelt:finance.yahoo.com,How Earnings Rebound and Ongoing Buybacks At Kulicke and Soffa ( KLIC ) Has Changed Its Investment Story,,https://finance.yahoo.com/markets/stocks/articles/earnings-rebound-ongoing-buybacks-kulicke-091100603.html
RELIANCE,NSE,2026-08-09 10:00:00+00:00,gdelt:slguardian.org,Vietnam Labour Exodus Deepens Domestic Worker Shortages – Sri Lanka Guardian,,https://slguardian.org/vietnams-labour-exodus-deepens-domestic-worker-shortages/
RELIANCE,NSE,2026-08-09 11:15:00+00:00,gdelt:procurement-notices.undp.org,Procurement Notices - UNDP - JOR - 00707 - The Development of an Integrated Master Plan for Improving Waste Management,,https://procurement-notices.undp.org/view_negotiation.cfm?nego_id=48432
RELIANCE,NSE,2026-08-09 12:30:00+00:00,gdelt:livehindustan.com,Stock Market outlook : घरेलू शेयर बाजारों का इस हफ्ते कैसा रहेगा प्रदर्शन ? निवेशकों को रखना होगा इन बातों का ध्यान,,https://www.livehindustan.com/business/share-market/stock-market-outlook-market-will-surge-or-decline-this-week-check-here-201786271273742.html
RELIANCE,NSE,2026-08-09 12:30:00+00:00,gdelt:economictimes.indiatimes.com,Ahead of Market : 10 things that will decide D - Street action on Monday,,https://economictimes.indiatimes.com/markets/stocks/news/sensex-drops-456-points-nifty-falls-65-as-closing-auction-session-creates-divergence/articleshow/133065105.cms
RELIANCE,NSE,2026-08-09 13:45:00+00:00,gdelt:newkerala.com,CM Dhami Leads Har Ghar Tiranga Yatra in Dehradun,,https://www.newkerala.com/news/a/har-ghar-tiranga-yatra-cm-dhami-urges-uttarakhand-155.htm
RELIANCE,NSE,2026-08-09 14:15:00+00:00,gdelt:techstory.in,Former SK Hynix Employee Jailed for Leaking Information,,https://techstory.in/former-sk-hynix-employee-jailed-for-leaking-information-to-chinese-firm/
RELIANCE,NSE,2026-08-09 14:15:00+00:00,gdelt:bssnews.net,Hajimul takes Bangladeshi bamboo craft beyond borders,,https://www.bssnews.net/district/413038
RELIANCE,NSE,2026-08-09 15:15:00+00:00,gdelt:freepressjournal.in,Mumbai Coastal Gardens Plan Triggers Traffic Fears In Breach Candy ; 145 Buildings Back Napeansea Road Exit Demand,,https://www.freepressjournal.in/mumbai/mumbai-coastal-gardens-plan-triggers-traffic-fears-in-breach-candy-145-buildings-back-napeansea-road-exit-demand
RELIANCE,NSE,2026-08-09 15:45:00+00:00,gdelt:loktej.com,शेयर बाजारों पर दिखेगा अमेरिकी आयात शुल्क का असर,,https://www.loktej.com/article/149179/impact-of-us-import-duty-will-be-visible-on-stock-markets
RELIANCE,NSE,2026-08-09 16:00:00+00:00,gdelt:hindi.business-standard.com,"कच्चे तेल की कीमतों और पश्चिम एशिया तनाव से तय होगी इस हफ्ते बाजार की चाल , इन आंकड़ों पर रखें नजर - crude oil prices and tensions in west asia will determine the market s direction this week",,https://hindi.business-standard.com/markets/crude-oil-prices-and-tensions-in-west-asia-will-determine-the-market-s-direction-this-week-id-543221/
RELIANCE,NSE,2026-08-09 18:45:00+00:00,gdelt:newjerseytelegraph.com,"BREAKING NEWS : ELEKTROS Welcomes Expanding Market Awareness as Lithium , Critical Minerals and Patented EV Charging Technology Power Its Long - Term Opportunity",,http://www.newjerseytelegraph.com/news/279228389/breaking-news-elektros-welcomes-expanding-market-awareness-as-lithium-critical-minerals-and-patented-ev-charging-technology-power-its-long-term-opportunity
RELIANCE,NSE,2026-08-09 18:45:00+00:00,gdelt:newjerseytelegraph.com,"BREAKING NEWS : ELEKTROS Energizes Its Growth Story as Lithium , Critical Minerals and Advanced EV Charging Technology Reach a Broader Investment Audience",,http://www.newjerseytelegraph.com/news/279228399/breaking-news-elektros-energizes-its-growth-story-as-lithium-critical-minerals-and-advanced-ev-charging-technology-reach-a-broader-investment-audience
RELIANCE,NSE,2026-08-09 19:30:00+00:00,gdelt:finanznachrichten.de,"Elektros , Inc .: BREAKING NEWS : ELEKTROS Energizes Its Growth Story as Lithium , Critical Minerals and Advanced EV Charging Technology Reach a Broader Investment Audience",,https://www.finanznachrichten.de/nachrichten-2026-08/69258606-elektros-inc-breaking-news-elektros-energizes-its-growth-story-as-lithium-critical-minerals-and-advanced-ev-charging-technology-reach-a-broader-i-200.htm
RELIANCE,NSE,2026-08-09 19:30:00+00:00,gdelt:finanznachrichten.de,"Elektros , Inc .: BREAKING NEWS : ELEKTROS Builds Positive Momentum as Lithium , Critical Minerals and Proprietary EV Charging Innovation Capture Growing Investor Attention",,https://www.finanznachrichten.de/nachrichten-2026-08/69258663-elektros-inc-breaking-news-elektros-builds-positive-momentum-as-lithium-critical-minerals-and-proprietary-ev-charging-innovation-capture-growing-200.htm
RELIANCE,NSE,2026-08-09 20:00:00+00:00,gdelt:finance.yahoo.com,Sundar Pichai Alphabet Has Grown Google Cloud Revenue 82 % Year Over Year . Here Why That Growth Rate Justifies the Company Capex Bet .,,https://finance.yahoo.com/technology/ai/articles/sundar-pichais-alphabet-grown-google-191400735.html
RELIANCE,NSE,2026-08-09 20:00:00+00:00,gdelt:indiagazette.com,Har Ghar Tiranga Yatra : CM Dhami urges Uttarakhand people to hoist Tricolour at homes on Independence Day,,http://www.indiagazette.com/news/279228329/har-ghar-tiranga-yatra-cm-dhami-urges-uttarakhand-people-to-hoist-tricolour-at-homes-on-independence-day
RELIANCE,NSE,2026-08-09 20:00:00+00:00,gdelt:alaska-native-news.com,"Sullivan & Cruz Lead Letter Urging Sanctions on China Illegal , Unreported , and Unregulated Fishing Fleet – Alaska Native News",,https://alaska-native-news.com/sullivan-cruz-lead-letter-urging-sanctions-on-chinas-illegal-unreported-and-unregulated-fishing-fleet/85562/
RELIANCE,NSE,2026-08-09 20:00:00+00:00,gdelt:economictimes.indiatimes.com,"FSSAI crackdown in consumer interest , says Britannia chief Rakshit Hargave",,https://economictimes.indiatimes.com/industry/cons-products/food/fssai-crackdown-in-consumer-interest-says-britannia-chief-rakshit-hargave/articleshow/133074250.cms
RELIANCE,NSE,2026-08-09 20:45:00+00:00,gdelt:gdnonline.com,UAE Business : XRG chemicals portfolio delivers resilient Q2 earnings,,https://www.gdnonline.com/Details/1402928
RELIANCE,NSE,2026-08-09 23:00:00+00:00,gdelt:nepalnational.com,Can  Islamic NATO  reign in both Israel and Iran ?,,http://www.nepalnational.com/news/279228532/can-islamic-nato-reign-in-both-israel-and-iran
RELIANCE,NSE,2026-08-09 23:30:00+00:00,gdelt:shanghainews.net,Can Islamic NATO reign in both Israel and Iran,,http://www.shanghainews.net/news/279228530/can-islamic-nato-reign-in-both-israel-and-iran
RELIANCE,NSE,2026-08-09 23:45:00+00:00,gdelt:clevelandstar.com,"BREAKING NEWS : ELEKTROS Builds Positive Momentum as Lithium , Critical Minerals and Proprietary EV Charging Innovation Capture Growing Investor Attention",,http://www.clevelandstar.com/news/279228404/breaking-news-elektros-builds-positive-momentum-as-lithium-critical-minerals-and-proprietary-ev-charging-innovation-capture-growing-investor-attention
RELIANCE,NSE,2026-08-10 01:45:00+00:00,gdelt:hindi.business-standard.com,उदारीकरण के 35 साल :  सनसेट इंडस्ट्री  जिसने आर्थिक सुधारों के बाद लिख दी विकास की नई इबारत - 35 years of liberalization the sunset industry that scripted a new story of growth post economic reforms,,https://hindi.business-standard.com/specials/35-years-of-liberalization-the-sunset-industry-that-scripted-a-new-story-of-growth-post-economic-reforms-id-543271/
RELIANCE,NSE,2026-08-10 02:00:00+00:00,gdelt:mondaq.com,"DOJ NFED Expands Federal - State Partnerships Targeting Medicaid Fraud - White Collar Crime , Anti - Corruption & Fraud",,https://www.mondaq.com/unitedstates/white-collar-crime-anti-corruption-fraud/1828042/dojs-nfed-expands-federal-state-partnerships-targeting-medicaid-fraud
RELIANCE,NSE,2026-08-10 04:15:00+00:00,gdelt:vietnamnews.vn,Saigon Hi - Tech Park expansion to make over HCM City technology landscape,,https://vietnamnews.vn/Sci-Tech/1797185/saigon-hi-tech-park-expansion-to-make-over-hcm-city-s-technology-landscape.html
RELIANCE,NSE,2026-08-10 04:32:42+00:00,marketaux:business-standard.com,DII equity inflows top Rs 5 trillion for third straight calendar year,"Within the Nifty-500, DIIs were overweight in Consumer, public sector undertaking (PSU) Banks, Oil & Gas, Telecom, Metals, and Technology sectors in the June 2026 quarter, reports suggest.

Domestic Institutional Investors’ (DIIs’) net investment in the equity segment crossed Rs 5 trillion for the third straight calendar year in 2026.

DIIs, wh...",https://www.business-standard.com/markets/news/dii-equity-inflows-top-rs-5-trillion-for-third-straight-calendar-year-126081000202_1.html
RELIANCE,NSE,2026-08-10 05:00:00+00:00,gdelt:allafrica.com,Africa : The World Has Changed . African Countries Must Rethink How They Grow Their Economies,,https://allafrica.com/stories/202608100009.html
RELIANCE,NSE,2026-08-10 05:30:00+00:00,gdelt:retail.economictimes.indiatimes.com,"Dabur : Britannia Rakshit Hargave Supports FSSAI Crackdown for Consumer Safety , ETRetail",,https://retail.economictimes.indiatimes.com/news/food-entertainment/personal-care-pet-supplies-liquor/fssai-crackdown-in-consumer-interest-says-britannia-chief-rakshit-hargave/133078648
RELIANCE,NSE,2026-08-10 07:00:00+00:00,gdelt:asianews.network,Hanoi International Martial Arts Festival opens in glittering ceremony,,https://asianews.network/hanoi-international-martial-arts-festival-opens-in-glittering-ceremony/
RELIANCE,NSE,2026-08-10 07:15:00+00:00,gdelt:ft.lk,Safeguarding Sri Lanka trade integrity,,https://www.ft.lk/opinion/Safeguarding-Sri-Lanka-s-trade-integrity/14-795798
RELIANCE,NSE,2026-08-10 08:30:00+00:00,gdelt:boldsky.com,"World Biofuel Day 2026 : Significance , Benefits And India Growing Push With Sampoorn Gobardhan Scheme",,https://www.boldsky.com/insync/world-biofuel-day-2026-significance-benefits-and-indias-growing-push-with-sampoorn-gobardhan-scheme-172223.html
RELIANCE,NSE,2026-08-10 08:30:00+00:00,gdelt:jagran.com,"ये है देश की सबसे छोटी लिस्टेड कंपनी , ₹5000 से कम में शेयर नहीं बल्कि खरीद सकते हैं पूरी कंपनी ; आप बनना चाहेंगे मालिक ? - white hall commercial is smallest listed company in india by market cap",,https://www.jagran.com/business/share-market-white-hall-commercial-is-smallest-listed-company-in-india-by-market-cap-40335807.html
RELIANCE,NSE,2026-08-10 09:45:00+00:00,gdelt:panchjanya.com,ब्लू - कॉलर ब्लैकआउट संकट : क्यों घट रहे हैं कुशल कामगार और कैसे बनेगा समाधान ?,,https://panchjanya.com/2026/08/10/485726/analysis/blue-collar-blackout-skilled-workers-shortage-india/
RELIANCE,NSE,2026-08-10 09:45:00+00:00,gdelt:analisidifesa.it,Dallo strike allinterdizione : il sistema operativo dei droni sul fronte ucraino – Analisi Difesa,,https://www.analisidifesa.it/2026/08/dallo-strike-allinterdizione-il-sistema-operativo-dei-droni-sul-fronte-ucraino/
RELIANCE,NSE,2026-08-10 10:30:00+00:00,gdelt:ghanamma.com,Nigeria and Ghana Forge Strategic Partnerships in Digital Innovation and Technology for Economic Transformation – Ghanamma . com,,https://www.ghanamma.com/2026/08/10/nigeria-and-ghana-forge-strategic-partnerships-in-digital-innovation-and-technology-for-economic-transformation-5/
RELIANCE,NSE,2026-08-10 11:00:00+00:00,gdelt:chinanationalnews.com,Can Islamic NATO rein in both Israel and Iran,,http://www.chinanationalnews.com/news/279228814/can-islamic-nato-rein-in-both-israel-and-iran
RELIANCE,NSE,2026-08-10 12:45:00+00:00,gdelt:nobat.com,વિશ્વ સિંહ દિવસ નિમિત્તે યાદોના વિશ્વમાં,,https://www.nobat.com/news1347-nd-b30e1a19323238363932.html
RELIANCE,NSE,2026-08-10 13:00:00+00:00,gdelt:finanznachrichten.de,American Resources Corporation : American Resources CEO Mark Jensen Attends U . S . Department of State Mining Roundtable Hosted by President Donald J . Trump and Secretary Marco Rubio,,https://www.finanznachrichten.de/nachrichten-2026-08/69265390-american-resources-corporation-american-resources-ceo-mark-jensen-attends-u-s-department-of-state-mining-roundtable-hosted-by-president-donald-j-tr-200.htm
RELIANCE,NSE,2026-08-10 13:45:00+00:00,gdelt:indiaeducationdiary.in,"BITS Design School First Practice School Cohort takes Design into Space , Finance and Scientific Research - India Education | Latest Education News | Global Educational News",,https://indiaeducationdiary.in/bits-design-schools-first-practice-school-cohort-takes-design-into-space-finance-and-scientific-research-2/
RELIANCE,NSE,2026-08-10 14:00:00+00:00,gdelt:weekendpost.co.bw,BSE aims to grow capital markets tenfold by 2030,,https://weekendpost.co.bw/bse-aims-to-grow-capital-markets-tenfold-by-2030/
RELIANCE,NSE,2026-08-10 14:00:00+00:00,gdelt:ethw.org,"Milestones : Parametron , 1954",,"https://ethw.org/Milestones:Parametron,_1954"
RELIANCE,NSE,2026-08-10 14:15:00+00:00,gdelt:bangladeshsun.com,VTDS Enters Strategic Technology Partnership with Czech Firm DEUS Automation,,http://www.bangladeshsun.com/news/279229194/vtds-enters-strategic-technology-partnership-with-czech-firm-deus-automation
RELIANCE,NSE,2026-08-10 14:30:00+00:00,gdelt:pr-inside.com,MDCE Targets $5 Trillion Global Agriculture Market with StrainScan ...,,https://www.pr-inside.com/mdce-targets-5-trillion-global-agriculture-market-with-strainscan-r5210700.htm
RELIANCE,NSE,2026-08-10 15:15:00+00:00,gdelt:jpost.com,Made in India : Inside the India - Israel weapons alliance Amnesty wants dismantled,,https://www.jpost.com/israel-news/article-905095
RELIANCE,NSE,2026-08-10 16:30:00+00:00,gdelt:jpost.com,Amnesty targets India - Israel defense ties over weapons shipments amid Gaza war,,http://www.jpost.com/israel-news/article-905095
RELIANCE,NSE,2026-08-10 17:45:00+00:00,gdelt:hawaiitelegraph.com,MDCE Targets $5 Trillion Global Agriculture Market with StrainScan Pro Enterprise Deployment on iPad Air ( OTC Pink : MDCE ),,http://www.hawaiitelegraph.com/news/279229282/mdce-targets-5-trillion-global-agriculture-market-with-strainscan-pro-enterprise-deployment-on-ipad-air-otc-pinkmdce
RELIANCE,NSE,2026-08-10 17:45:00+00:00,gdelt:hawaiitelegraph.com,"ELEKTROS Gains Market Visibility as Critical Minerals , Lithium and Next - Generation EV Charging Take Center Stage",,http://www.hawaiitelegraph.com/news/279229539/elektros-gains-market-visibility-as-critical-minerals-lithium-and-next-generation-ev-charging-take-center-stage
RELIANCE,NSE,2026-08-10 17:45:00+00:00,gdelt:hawaiitelegraph.com,"ELEKTROS Builds Momentum as Lithium , Critical Minerals and EV Charging Technology Draw Increasing Investor Attention",,http://www.hawaiitelegraph.com/news/279229255/elektros-builds-momentum-as-lithium-critical-minerals-and-ev-charging-technology-draw-increasing-investor-attention
RELIANCE,NSE,2026-08-10 20:15:00+00:00,gdelt:miningdigital.com,Inside President Trump $2bn US Mining Commitment,,https://miningdigital.com/news/inside-president-trumps-2bn-us-mining-commitment
RELIANCE,NSE,2026-08-10 20:15:00+00:00,gdelt:hindi.business-standard.com,"DII Equity Inflows : विदेशी निवेशकों की बिकवाली के बीच DII का भरोसा कायम , 2026 में ₹5 . 13 लाख करोड़ निवेश - dii confidence remains intact amidst selling by foreign investors 5 point 13 lakh crore invested in 2026",,https://hindi.business-standard.com/markets/share-market/dii-confidence-remains-intact-amidst-selling-by-foreign-investors-5-point-13-lakh-crore-invested-in-2026-id-543561
RELIANCE,NSE,2026-08-10 20:45:00+00:00,gdelt:manilatimes.net,Getty Images Reports Second Quarter 2026 Results,,https://www.manilatimes.net/2026/08/11/tmt-newswire/globenewswire/getty-images-reports-second-quarter-2026-results/2402413
RELIANCE,NSE,2026-08-10 20:45:00+00:00,gdelt:manilatimes.net,Rackspace Technology Reports Second Quarter 2026 Results,,https://www.manilatimes.net/2026/08/11/tmt-newswire/globenewswire/rackspace-technology-reports-second-quarter-2026-results/2402368
RELIANCE,NSE,2026-08-10 21:15:00+00:00,gdelt:manilatimes.net,Compass Diversified Reports Second Quarter 2026 Financial Results,,https://www.manilatimes.net/2026/08/11/tmt-newswire/globenewswire/compass-diversified-reports-second-quarter-2026-financial-results/2402421
RELIANCE,NSE,2026-08-10 21:15:00+00:00,gdelt:finanznachrichten.de,CBLT Inc .: CBLT Announces Additional Business Venture,,https://www.finanznachrichten.de/nachrichten-2026-08/69269000-cblt-inc-cblt-announces-additional-business-venture-296.htm
RELIANCE,NSE,2026-08-10 21:15:00+00:00,gdelt:itnewsonline.com,IT News Online - Sekur Private Data Government Team Attending DoDIIS Worldwide Intelligence Conference,,https://www.itnewsonline.com/news/Sekur-Private-Data-Government-Team-Attending-DoDIIS-Worldwide-Intelligence-Conference/38251
RELIANCE,NSE,2026-08-10 21:15:00+00:00,gdelt:montrealgazette.com,Draganfly Announces Record Quarterly Results,,https://montrealgazette.com/press-releases/globe-newswire/draganfly-announces-record-quarterly-results/
RELIANCE,NSE,2026-08-10 22:30:00+00:00,gdelt:bostonstar.com,"Dynamic Aerospace Systems , Ticker BRQL , Reports Second Quarter 2026 Financial Results and Provides Shareholder Update",,http://www.bostonstar.com/news/279232993/dynamic-aerospace-systems-ticker-brql-reports-second-quarter-2026-financial-results-and-provides-shareholder-update
RELIANCE,NSE,2026-08-10 23:30:00+00:00,gdelt:leaderpost.com,FOBI AI Inc . Announces Reinstatement to Trading on TSX Venture Exchange and Other Corporate Updates,,https://leaderpost.com/press-releases/globe-newswire/fobi-ai-inc-announces-reinstatement-to-trading-on-tsx-venture-exchange-and-other-corporate-updates/
RELIANCE,NSE,2026-08-10 23:45:00+00:00,gdelt:torontotelegraph.com,Sekur Private Data Government Team Attending DoDIIS Worldwide Intelligence Conference,,http://www.torontotelegraph.com/news/279231942/sekur-private-data-government-team-attending-dodiis-worldwide-intelligence-conference
RELIANCE,NSE,2026-08-10 23:45:00+00:00,gdelt:torontotelegraph.com,NioCorp Project to Expand Production to 8 Made - in - USA Critical Minerals Over a 40 - Year Mine Life with an Estimated $4 . 1 Billion Pre - Tax NPV8 %,,http://www.torontotelegraph.com/news/279232991/niocorp-project-to-expand-production-to-8-made-in-usa-critical-minerals-over-a-40-year-mine-life-with-an-estimated-41-billion-pre-tax-npv8
TCS,NSE,2026-07-05 04:00:00+00:00,gdelt:finance.yahoo.com,India regains favor as investors seek shelter from AI - driven market swings,,https://finance.yahoo.com/markets/stocks/articles/india-regains-favor-investors-seek-031343369.html
TCS,NSE,2026-07-05 05:15:00+00:00,gdelt:hindustantimes.com,Global investors looking for shelter amid AI storm turn to India,,https://www.hindustantimes.com/business/global-investors-looking-for-shelter-amid-ai-storm-turn-to-india-101783225926271.html
TCS,NSE,2026-07-05 05:30:00+00:00,gdelt:moneycontrol.com,India stocks regain global investor interest as AI trade loses momentum,,https://www.moneycontrol.com/news/business/india-stocks-regain-global-investor-interest-as-ai-trade-loses-momentum-13966223.html
TCS,NSE,2026-07-05 05:30:00+00:00,gdelt:economictimes.indiatimes.com,Investors looking for shelter from AI storm are turning to India,,https://economictimes.indiatimes.com/markets/stocks/news/investors-looking-for-shelter-from-ai-storm-are-turning-to-india/articleshow/132190604.cms
TCS,NSE,2026-07-05 05:30:00+00:00,gdelt:livemint.com,Q3 results to US - Iran war : Top five triggers that may dictate the Indian stock market this week,,https://www.livemint.com/market/stock-market-news/q3-results-to-us-iran-war-top-five-triggers-that-may-dictate-the-indian-stock-market-this-week-11783166393809.html
TCS,NSE,2026-07-05 05:30:00+00:00,gdelt:economictimes.indiatimes.com,C Suite to startup street : The second act that corporate veterans are choosing,,https://economictimes.indiatimes.com/news/company/corporate-trends/c-suite-to-startup-street-the-second-act-that-corporate-veterans-are-choosing/articleshow/132190212.cms
TCS,NSE,2026-07-05 07:15:00+00:00,gdelt:prokerala.com,"Q1 earnings , crude oil , FII flows likely to drive Indian stock market next week",,https://www.prokerala.com/news/articles/a1783972.html
TCS,NSE,2026-07-05 07:45:00+00:00,gdelt:economictimes.indiatimes.com,"M - cap of 6 of top - 10 most valued firms surges Rs 1 lakh cr ; Airtel , Bajaj Fin top winners",,https://economictimes.indiatimes.com/markets/stocks/news/m-cap-of-6-of-top-10-most-valued-firms-surges-rs-1-lakh-cr-airtel-bajaj-fin-top-winners/articleshow/132192191.cms
TCS,NSE,2026-07-05 08:15:00+00:00,gdelt:timesofindia.indiatimes.com,"Market recap : Top - 10 firms add Rs 1 lakh crore in market capitalisation ; Airtel , Bajaj Finance lead gains",,https://timesofindia.indiatimes.com/business/india-business/market-recap-top-10-firms-add-rs-1-lakh-crore-in-market-capitalisation-airtel-bajaj-finance-lead-gains/articleshow/132192430.cms
TCS,NSE,2026-07-05 08:45:00+00:00,gdelt:asia.nikkei.com,"Sara Duterte impeachment , NATO summit , Modi visits Indonesia",,https://asia.nikkei.com/spotlight/your-week-in-asia/sara-duterte-impeachment-nato-summit-modi-visits-indonesia
TCS,NSE,2026-07-05 08:45:00+00:00,gdelt:livemint.com,"Mcap of 6 of top - 10 most valued firms surges by ₹1 lakh crore ; Airtel , Bajaj Finance top gainers",,https://www.livemint.com/market/stock-market-news/mcap-of-6-of-top-10-most-valued-firms-surges-by-1-lakh-crore-airtel-bajaj-finance-top-gainers-11783238940673.html
TCS,NSE,2026-07-05 08:45:00+00:00,gdelt:orissapost.com,"Mcap of six of top - 10 most valued firms surges Rs 1 lakh cr ; Airtel , Bajaj Fin top winners",,https://www.orissapost.com/mcap-of-six-of-top-10-most-valued-firms-surges-rs-1-lakh-cr-airtel-bajaj-fin-top-winners/
TCS,NSE,2026-07-05 09:45:00+00:00,gdelt:moneycontrol.com,From TCS results to crude oil : 5 factors that could drive the stock market this week,,https://www.moneycontrol.com/news/business/from-tcs-results-to-crude-oil-5-factors-that-could-drive-the-stock-market-this-week-13966344.html
TCS,NSE,2026-07-05 10:30:00+00:00,gdelt:haribhoomi.com,"Market Cap Report : टॉप - 10 में से 6 कंपनियों का मार्केट कैप 1 लाख करोड़ बढ़ा , जानिए किसे हुआ सबसे ज्यादा फायदा",,https://www.haribhoomi.com/business/news/top-10-indian-companies-market-cap-bharti-airtel-bajaj-finance-weekly-gains-102952
TCS,NSE,2026-07-05 11:30:00+00:00,gdelt:ianslive.in,Six of top - 10 most - valued firms add over Rs 1 lakh crore in market value last week,,https://ianslive.in/six-of-top-10-most-valued-firms-add-over-rs-1-lakh-crore-in-market-value-last-week--20260705133828
TCS,NSE,2026-07-05 13:00:00+00:00,gdelt:dailyexcelsior.com,"Mcap of 6 of top - 10 most valued firms surges  Rs 1 lakh cr ; Airtel , Bajaj Fin top winners",,https://www.dailyexcelsior.com/mcap-of-6-of-top-10-most-valued-firms-surges-rs-1-lakh-cr-airtel-bajaj-fin-top-winners/
TCS,NSE,2026-07-05 14:00:00+00:00,gdelt:hindi.business-standard.com,"Market Outlook : इस हफ्ते शेयर बाजार में क्या रहेगा ट्रिगर ? TCS रिजल्ट , क्रूड ऑयल और ग्लोबल संकेत अहम - market outlook stock markets to track crude prices global trends tcs earnings this week",,https://hindi.business-standard.com/markets/share-market/market-outlook-stock-markets-to-track-crude-prices-global-trends-tcs-earnings-this-week-id-534842
TCS,NSE,2026-07-05 17:30:00+00:00,gdelt:businessworld.in,"Top 10 Firms Add Rs 1 Lakh Cr In Market Value As Bharti Airtel , Bajaj Finance Lead Gains",,https://www.businessworld.in/article/top-10-firms-add-rs-1-lakh-cr-in-market-value-as-bharti-airtel-bajaj-finance-lead-gains-613350
TCS,NSE,2026-07-05 18:15:00+00:00,gdelt:chinatechnews.com,"Dalal Street Week Ahead : TCS Q1 earnings , FOMC minutes , oil prices , monsoon progress among 10 key factors to watch",,https://www.chinatechnews.com/2026/07/05/124957-dalal-street-week-ahead-tcs-q1-earnings-fomc-minutes-oil-prices-monsoon-progress-among-10-key-factors-to-watch
TCS,NSE,2026-07-06 03:00:00+00:00,gdelt:economictimes.indiatimes.com,"Navi eyes Rs 3 , 000 - crore IPO ; inside IT CEO pay",,https://economictimes.indiatimes.com/tech/newsletters/morning-dispatch/navi-eyes-rs-3000-crore-ipo-inside-it-ceos-pay/articleshow/132205281.cms
TCS,NSE,2026-07-06 03:00:00+00:00,gdelt:investinglive.com,Indian equities emerge as AI - hedge haven as global tech rally wobbles,,https://investinglive.com/stock-market-update/indian-equities-emerge-as-ai-hedge-haven-as-global-tech-rally-wobbles-20260705/
TCS,NSE,2026-07-06 03:00:00+00:00,gdelt:economictimes.indiatimes.com,"IT corner offices land massive hikes , cubicles get single digits",,https://economictimes.indiatimes.com/tech/information-tech/it-corner-offices-land-massive-hikes-cubicles-get-single-digits/articleshow/132200614.cms
TCS,NSE,2026-07-06 03:00:00+00:00,gdelt:timesofindia.indiatimes.com,"Stock market live updates today : Will Sensex , Nifty extend last week rally ? All eyes on earnings , crude oil , Fed minutes and more",,https://timesofindia.indiatimes.com/business/india-business/sensex-stock-market-today-06-july-2026-live-updates-nse-bse-gift-nifty-50-top-gainers-losers-mcx-stocks-in-focus-market-news/liveblog/132205311.cms
TCS,NSE,2026-07-06 10:45:00+00:00,gdelt:thehindubusinessline.com,"Sensex touches 78 , 370 , Nifty tops 24 , 450 as bank stocks , lower crude lift markets",,https://www.thehindubusinessline.com/markets/sensex-touches-78350-nifty-tops-24440-as-bank-stocks-lower-crude-lift-markets/article71188323.ece
TCS,NSE,2026-07-06 11:00:00+00:00,gdelt:orissapost.com,"Markets surge to 4th day led by bank stocks , lower oil prices",,https://www.orissapost.com/markets-surge-to-4th-day-led-by-bank-stocks-lower-oil-prices/
TCS,NSE,2026-07-06 11:00:11+00:00,marketaux:rediff.com,"Bank Stocks and Lower Oil Prices Fuel Sensex, Nifty Rally","Indian benchmark indices Sensex and Nifty extended their winning streak to a fourth consecutive day, driven by strong buying in blue-chip bank stocks and a decline in global crude oil prices. Fresh foreign fund inflows also contributed to the optimistic sentiment in the domestic equity market.

Indian benchmark indices Sensex and Nifty extended their winning streak for the fourth consecutive day, propelled by robust buying in bank stocks and favourable...",https://www.rediff.com/business/report/sensex-nifty-surge-for-4th-day-bank-stocks-lower-crude-prices-drive-indian-market-rally/20260706.htm
TCS,NSE,2026-07-06 11:15:00+00:00,gdelt:businesstoday.in,"TCS Q1 results , dividend announcement : Key dates , earnings preview , 5 things to watch",,https://www.businesstoday.in/markets/stocks/story/tcs-q1-results-dividend-announcement-key-dates-earnings-preview-5-things-to-watch-541210-2026-07-06
TCS,NSE,2026-07-06 13:15:00+00:00,gdelt:thehindubusinessline.com,"Market Today : Sensex jumps 521 pts , Nifty crosses 24 , 400 on banking , realty gains",,https://www.thehindubusinessline.com/markets/sensex-jumps-521-points-nifty-closes-above-24400-on-banking-realty-gains/article71188985.ece
TCS,NSE,2026-07-06 13:15:00+00:00,gdelt:thehindubusinessline.com,Indian IT firms face weak Q1 as AI pressure and slow client spending hit growth,,https://www.thehindubusinessline.com/markets/stock-markets/indian-it-earnings-preview-ai-weak-demand-and-geopolitics-cloud-outlook/article71188797.ece
TCS,NSE,2026-07-06 16:30:00+00:00,gdelt:tribuneindia.com,"Stock markets rise for 4th day , close at over 2 - month high on gains in bank , oil shares",,https://www.tribuneindia.com/news/business/stock-markets-rise-for-4th-day-close-at-over-2-month-high-on-gains-in-bank-oil-shares/
TCS,NSE,2026-07-06 21:45:00+00:00,gdelt:organiser.org,Nida Khan gets bail in Nashik TCS Corporate Jihad Case,,https://organiser.org/2026/07/06/368676/bharat/nashik-tcs-corporate-jihad-case-court-grants-bail-to-nida-khan-in-conversion-and-sexual-harassment-case/
TCS,NSE,2026-07-07 04:45:00+00:00,gdelt:dailypioneer.com,Sensex Rises 521 Points to Two - Month High as Bank and Oil Stocks Rally,,https://dailypioneer.com/news/markets-surge-on-4th-day-led-by-bank-stocks
TCS,NSE,2026-07-07 05:15:00+00:00,gdelt:livehindustan.com,"TCS धर्मांतरण कांड : निदा खान को मिली जमानत , पीड़िता से संबंध बनाने वाले दानिश शेख का क्या हुआ ?",,https://www.livehindustan.com/national/nashik-tcs-sexual-harassment-case-nida-khan-gets-bail-danish-sheikh-plea-rejected-sit-probe-201783397027710.html
TCS,NSE,2026-07-07 05:28:45+00:00,marketaux:rediff.com,"Stock markets today: Sensex, Nifty climb as foreign funds return, crude oil stabilises","Indian benchmark indices Sensex and Nifty advanced in early trade, driven by renewed foreign fund inflows and a significant drop in crude oil prices to pre-war levels, signalling an uptrend in the market. Track Sensex, Nifty on July 7, 2026.

Indian stock markets, including the Sensex and Nifty, are experiencing an uptrend driven by a resurgence in foreign fund inflows and the stabilisation of crude ...",https://www.rediff.com/business/report/indian-stock-markets-gain-on-july-7-foreign-inflows--stable-crude-drive-sensex-nifty-up/20260707.htm
TCS,NSE,2026-07-07 05:30:00+00:00,gdelt:channellife.co.nz,Tait Systems NZ appoints Steve Bush as chief executive,,https://channellife.co.nz/story/tait-systems-nz-appoints-steve-bush-as-chief-executive
TCS,NSE,2026-07-07 05:30:00+00:00,gdelt:freepressjournal.in,"Sensex , Nifty Rise In Early Trade As FIIs Turn Buyers , Crude Eases",,https://www.freepressjournal.in/business/sensex-nifty-rise-in-early-trade-as-fiis-turn-buyers-crude-eases
TCS,NSE,2026-07-07 06:30:00+00:00,gdelt:thehindu.com,Stock markets climb in early trade on foreign fund inflows,,https://www.thehindu.com/business/markets/stock-markets-climb-in-early-trade-on-foreign-fund-inflows/article71192345.ece
TCS,NSE,2026-07-07 08:00:00+00:00,gdelt:hindi.business-standard.com,"TCS Q1 Results : आज आएंगे टीसीएस के नतीजे , डिविडेंड का भी हो सकता है ऐलान ; जानिए क्या हैं ब्रोकरेज की उम्मीदें - tcs q1 results today dividend announcement likely what brokerages expect",,https://hindi.business-standard.com/markets/tcs-q1-results-today-dividend-announcement-likely-what-brokerages-expect-id-535238/
TCS,NSE,2026-07-07 09:30:00+00:00,gdelt:thehindubusinessline.com,"Sensex , Nifty hit 11 - week highs as IT rally offsets broader market weakness , Infosys , TCS , HCL Tech , Tech Mahindra , Titan lead gainers , Trent slumps",,https://www.thehindubusinessline.com/markets/sensex-nifty-hit-11-week-highs-as-it-rally-offsets-broader-market-weakness-infosys-tcs-hcl-tech-tech-mahindra-titan-lead-gainers-trent-slumps/article71192596.ece
TCS,NSE,2026-07-07 10:00:00+00:00,gdelt:dainiktribuneonline.com,"Stock Market Today : सेंसेक्स - निफ्टी में तेजी के साथ कारोबार शुरू , रुपया 15 पैसे चढ़कर 95 . 28 प्रति डॉलर पर",,https://www.dainiktribuneonline.com/news/business/stock-market-today-sensex-nifty-trades-higher-rupee-rises-15-paise-to-95-28-per-dollar/
TCS,NSE,2026-07-07 10:58:04+00:00,marketaux:rediff.com,"Profit Booking Drags Sensex, Nifty Lower After Four-Day Rally","Indian benchmark indices, Sensex and Nifty, closed lower due to profit-taking after a four-day rally, influenced by weakness in Asian markets, with Trent shares tumbling over 12 per cent.

Indian stock markets, including the Sensex and Nifty, experienced a downturn today, snapping a four-day rally as investors engaged in profit-taking amidst broad...",https://www.rediff.com/business/report/indian-stock-markets-decline-sensex-nifty-fall-on-profit-booking-global-weakness/20260707.htm
TCS,NSE,2026-07-07 12:15:00+00:00,gdelt:deccanchronicle.com,"Sensex , Nifty End Lower as Profit Booking Snaps Four - Day Rally",,https://www.deccanchronicle.com/nation/sensex-nifty-end-lower-as-profit-booking-snaps-four-day-rally-1969064
TCS,NSE,2026-07-07 13:30:00+00:00,gdelt:prokerala.com,OTT series  The Tata to chart trajectory of one of India oldest business clans,,https://www.prokerala.com/news/articles/a1784960.html
TCS,NSE,2026-07-07 13:30:00+00:00,gdelt:prokerala.com,OTT series  The Tata to chart trajectory of India most influential business clan,,https://www.prokerala.com/news/articles/a1784947.html
TCS,NSE,2026-07-07 13:45:00+00:00,gdelt:aninews.in,"After  Made in India : A Titan Story , makers reunite for new series  The Tatas",,https://aninews.in/news/entertainment/bollywood/after-made-in-india-a-titan-story-makers-reunite-for-new-series-the-tatas20260707183606/
TCS,NSE,2026-07-07 22:00:00+00:00,gdelt:cinaradio.com,"After Made In India : A Titan Story , T - Series announces multi - season series on the Tata family ; details inside !",,https://www.cinaradio.com/2026/07/07/after-made-in-india-a-titan-story-t-series-announces-multi-season-series-on-the-tata-family-details-inside/
TCS,NSE,2026-07-08 02:30:00+00:00,gdelt:livemint.com,Raja Venkatraman recommends three stocks for 8 July,,https://www.livemint.com/market/stock-market-news/raja-venkatraman-recommends-three-stocks-for-8-july-11783438670505.html
TCS,NSE,2026-07-08 02:45:00+00:00,gdelt:dailypioneer.com,"Sensex , Nifty Snap Four - Day Rally on Profit Booking ; IT Stocks Limit Losses",,https://dailypioneer.com/news/stock-markets-snap-4day-rally-amid-profit-booking-trent-tumbles-over-12
TCS,NSE,2026-07-08 03:45:00+00:00,gdelt:businessworld.in,"Sensex , Nifty Set For Weak Start As US - Iran Tensions Lift Oil Prices",,https://www.businessworld.in/article/sensex-nifty-set-for-weak-start-as-us-iran-tensions-lift-oil-prices-613733
TCS,NSE,2026-07-08 03:45:00+00:00,gdelt:timesofindia.indiatimes.com,"Top stocks to buy today : Stock recommendations for July 8 , 2026 - check list",,https://timesofindia.indiatimes.com/business/india-business/top-stock-recommendations-for-july-08-2026-hero-motocorp-tata-steel-nippon-india-etf-nifty-it-itbees-best-stocks-to-buy-today/articleshow/132242782.cms
TCS,NSE,2026-07-08 04:15:00+00:00,gdelt:businesstoday.in,"TCS dividend announcement , record date , Q1 payout history and results preview",,https://www.businesstoday.in/markets/stocks/story/tcs-dividend-announcement-record-date-q1-payout-history-and-results-preview-541609-2026-07-08
TCS,NSE,2026-07-08 06:15:00+00:00,gdelt:thehindubusinessline.com,TCS Q1 preview : Brokerages estimate sharp dip in margins due to wage hikes and flattish revenue,,https://www.thehindubusinessline.com/info-tech/tcs-q1-preview-brokerages-estimate-sharp-dip-in-margins-due-to-wage-hikes-and-flattish-revenue/article71196604.ece
TCS,NSE,2026-07-08 09:15:00+00:00,gdelt:livemint.com,"TCS Q1 Results on July 9 : AI Strategy , Dividend , Margins Key things to watch from IT major earnings",,https://www.livemint.com/market/stock-market-news/tcs-q1-results-on-july-9-ai-strategy-dividend-margins-key-things-to-watch-from-it-majors-earnings-11783494698992.html
TCS,NSE,2026-07-08 15:15:00+00:00,gdelt:indiaeducationdiary.in,IMI Appoints Prof . Amit Sareen as Director of IMI Bhubaneswar - India Education | Latest Education News | Global Educational News,,https://indiaeducationdiary.in/imi-appoints-prof-amit-sareen-as-director-of-imi-bhubaneswar/
TCS,NSE,2026-07-08 17:00:00+00:00,gdelt:webwire.com,IBM and Red Hat Expand Lightwell with New Offerings to Build the Trust Infrastructure for AI - Era Open Source,,https://www.webwire.com/ViewPressRel.asp?aId=357343
TCS,NSE,2026-07-08 18:15:00+00:00,gdelt:orissadiary.com,IMI Appoints Prof . Amit Sareen as Director of IMI Bhubaneswar,,https://orissadiary.com/imi-appoints-prof-amit-sareen-as-director-of-imi-bhubaneswar/
TCS,NSE,2026-07-09 00:15:00+00:00,gdelt:cambodiantimes.com,"Tripura gears up for  Destination Tripura : Business Conclave 2026  with Rs 70 , 000 cr investment pipeline",,http://www.cambodiantimes.com/news/279175614/tripura-gears-up-for-destination-tripura-business-conclave-2026-with-rs-70000-cr-investment-pipeline
TCS,NSE,2026-07-13 05:00:00+00:00,gdelt:newkerala.com,"Sensex Falls 670 Points on US - Iran Tensions , Oil Surge",,https://www.newkerala.com/news/a/sensex-falls-670-points-nifty-slips-as-us-iran-774.htm
TCS,NSE,2026-07-13 05:00:00+00:00,gdelt:moneycontrol.com,"Sensex rises 400 pts from day low , Nifty above 24 , 100 : 3 key reasons behind market paring losses",,https://www.moneycontrol.com/news/business/markets/sensex-recovers-350-pts-from-day-s-low-nifty-near-24-100-3-key-reasons-behind-market-paring-losses-13972275.html
TCS,NSE,2026-07-13 05:30:00+00:00,gdelt:thehindu.com,"Stock markets slump in early trade on rising tensions in West Asia , higher oil prices",,https://www.thehindu.com/business/markets/stock-markets-slump-in-early-trade-on-rising-tensions-in-west-asia-higher-oil-prices/article71215978.ece
TCS,NSE,2026-07-13 06:00:00+00:00,gdelt:deccanchronicle.com,"Sensex , Nifty Tumble in Early Trade on West Asia Tensions",,https://www.deccanchronicle.com/nation/sensex-nifty-tumble-in-early-trade-on-west-asia-tensions-1970476
TCS,NSE,2026-07-13 06:15:00+00:00,gdelt:economictimes.indiatimes.com,"Strong Order Book , Mega Deals Fuel TCS Optimism",,https://economictimes.indiatimes.com/epaper/delhicapital/2026/jul/13/et-front/strong-order-book-mega-deals-fuel-tcs-optimism/articleshow/132353169.cms
TCS,NSE,2026-07-13 06:15:00+00:00,gdelt:hindi.business-standard.com,"AI Agent बढ़ेंगे , लेकिन खर्च कैसे घटेगा ? TCS CEO ने बताया पूरा प्लान - tcs says rising ai token costs are a major concern for clients",,https://hindi.business-standard.com/other-news/tcs-says-rising-ai-token-costs-are-a-major-concern-for-clients-id-536470
TCS,NSE,2026-07-13 07:00:00+00:00,gdelt:businesstoday.in,"TCS plans up to 8 , 900 AI jobs as it explores AI acquisitions ; All details",,https://www.businesstoday.in/technology/news/story/tcs-plans-up-to-8900-ai-jobs-as-it-explores-ai-acquisitions-all-details-542504-2026-07-13
TCS,NSE,2026-07-13 07:00:00+00:00,gdelt:businesstoday.in,"TCS announces major leadership rejig across BFSI , cyber security and global markets",,https://www.businesstoday.in/technology/news/story/tcs-announces-major-leadership-rejig-across-bfsi-cyber-security-and-global-markets-542463-2026-07-13
TCS,NSE,2026-07-13 07:00:00+00:00,gdelt:telecom.economictimes.indiatimes.com,"Tata Consultancy Services Expands AI Workforce to 8 , 900 Engineers , Targets AI Acquisitions , ETTelecom",,https://telecom.economictimes.indiatimes.com/news/enterprise-services/tata-consultancy-services-expands-ai-workforce-to-8900-engineers-targets-ai-acquisitions/132354463
TCS,NSE,2026-07-13 07:00:00+00:00,gdelt:moneycontrol.com,"PPFAS MF adds Petronet LNG in June , trims Dr Reddy , Maruti Suzuki , Wipro , CMS Info Systems",,https://www.moneycontrol.com/news/business/markets/ppfas-mf-adds-petronet-lng-in-june-trims-dr-reddy-s-maruti-suzuki-wipro-cms-info-systems-13972410.html
TCS,NSE,2026-07-13 07:00:00+00:00,gdelt:moneycontrol.com,"TCS expands 20 - year partnership with ABB , wins multi - million - dollar AI - led network operations deal",,https://www.moneycontrol.com/news/business/information-technology/tcs-expands-20-year-partnership-with-abb-wins-multi-million-dollar-ai-led-network-operations-deal-13972431.html
TCS,NSE,2026-07-13 07:00:00+00:00,gdelt:moneycontrol.com,TCS shares jump 6 % as firm signs multi - million deal with ABB ; IT index rises 3 %,,https://www.moneycontrol.com/news/business/markets/tcs-shares-jump-4-5-as-firm-signs-multi-million-deal-with-abb-to-transform-network-ops-with-ai-it-index-rises-2-5-13972432.html
TCS,NSE,2026-07-13 07:00:00+00:00,gdelt:businesstoday.in,Why did Tata Consultancy Services shares jump 6 % today ?,,https://www.businesstoday.in/markets/stocks/story/why-did-tata-consultancy-services-shares-jump-6-today-542509-2026-07-13
TCS,NSE,2026-07-13 07:15:00+00:00,gdelt:zawya.com,"India Tata Consultancy Services plans up to 8 , 900 AI deployment engineers , seeks AI acquisitions",,https://www.zawya.com/en/special-coverage/ai-shaping-digital-future/indias-tata-consultancy-services-plans-up-to-8-900-ai-deployment-engineers-seeks-ai-acquisitions-aenb1bj4
TCS,NSE,2026-07-13 07:15:00+00:00,gdelt:livehindustan.com,"TCS के शेयरों में 6 % की तेजी , Q1 रिजल्ट के बाद बड़ी उछाल , क्या अब खरीदना रहेगा फायदेमंद ?",,https://www.livehindustan.com/business/share-market/tcs-share-price-jumped-4-percent-today-what-expert-says-is-it-right-time-to-buy-201783923346471.html
TCS,NSE,2026-07-13 07:15:00+00:00,gdelt:educationtimes.com,NBEMS forms 3 - member panel following FMGE protests over 88 % failure rate and poor infrastructure of test centres,,https://www.educationtimes.com/article/newsroom/99742230/nbems-forms-3-member-panel-fmge-protests-over-88-failure-rate-poor-infrastructure
TCS,NSE,2026-07-13 07:15:00+00:00,gdelt:thefastmode.com,"IBM , Red Hat Launch Lightwell to Secure AI - Era Open Source Software Supply Chains",,https://www.thefastmode.com/technology-solutions/49573-ibm-red-hat-launch-lightwell-to-secure-ai-era-open-source-software-supply-chains
TCS,NSE,2026-07-13 08:00:00+00:00,gdelt:infotechlead.com,"TCS to Deploy Up to 8 , 900 AI Engineers , Targets Acquisitions to Accelerate Enterprise AI Growth",,https://infotechlead.com/software/tcs-to-deploy-up-to-8900-ai-engineers-targets-acquisitions-to-accelerate-enterprise-ai-growth-97076
TCS,NSE,2026-07-13 08:00:00+00:00,gdelt:asiabulletin.com,"Sensex falls 670 points , Nifty slips as US - Iran tensions and rising oil prices weigh on markets",,http://www.asiabulletin.com/news/279183634/sensex-falls-670-points-nifty-slips-as-us-iran-tensions-and-rising-oil-prices-weigh-on-markets
TCS,NSE,2026-07-13 08:00:00+00:00,gdelt:economictimes.indiatimes.com,TCS bags multi - million contract from industrial giant ABB,,https://economictimes.indiatimes.com/tech/information-tech/tcs-bags-multi-million-contract-from-industrial-giant-abb/articleshow/132359331.cms
TCS,NSE,2026-07-13 08:15:00+00:00,gdelt:aninews.in,"TCS , ABB ink multi - million dollar deal to transform global network operations with AI",,https://aninews.in/news/business/tcs-abb-ink-multi-million-dollar-deal-to-transform-global-network-operations-with-ai20260713132836/
TCS,NSE,2026-07-13 08:30:00+00:00,gdelt:indiainfoline.com,TCS Shares up 6 %. Infosys up 3 %. Why IT companies are up today ?,,https://www.indiainfoline.com/news/companies/tcs-shares-up-6-infosys-up-3-why-it-companies-are-up-today
TCS,NSE,2026-07-13 08:45:00+00:00,gdelt:economictimes.indiatimes.com,TCS shares rally 8 % in 2 days . Time to buy after sharp 32 % crash in 2026 ? Here what technical charts indicate,,https://economictimes.indiatimes.com/markets/stocks/news/tcs-shares-rally-8-in-2-days-time-to-buy-after-sharp-32-crash-in-2026-heres-what-technical-charts-indicate/articleshow/132360768.cms
TCS,NSE,2026-07-13 09:45:00+00:00,gdelt:hindi.oneindia.com,"पश्चिम एशिया तनाव और कच्चे तेल की महंगाई से शेयर बाजार में भारी गिरावट , सेंसेक्स 616 अंक लुढ़का",,https://hindi.oneindia.com/news/business/stock-market-sharp-decline-west-asia-tensions-rising-crude-oil-prices-sensex-plunges-616-points-1607717.html
TCS,NSE,2026-07-13 09:45:00+00:00,gdelt:cobrapost.com,"TCS Overhauls Leadership , Creates 5 New Business Units Amid AI Disruption",,https://cobrapost.com/blog/tcs-overhauls-leadership-creates-5-new-business-units-amid-ai-disruption
TCS,NSE,2026-07-13 10:00:00+00:00,gdelt:timesofindia.indiatimes.com,"TCS takes on OpenAI , Anthropic , Amazon and Microsoft ; to build a team of forward - deployed engineers ; CEO K Krithivasan says : We would be ensuring ...",,https://timesofindia.indiatimes.com/technology/tech-news/tcs-takes-on-openai-anthropic-amazon-and-microsoft-to-build-a-team-of-forward-deployed-engineers-ceo-k-krithivasan-says-we-would-be-ensuring-/articleshow/132362389.cms
TCS,NSE,2026-07-13 10:15:00+00:00,gdelt:vccircle.com,"TCS rejigs leadership team , creates new business units",,https://www.vccircle.com/tcsrejigs-leadership-team-creates-new-business-units
TCS,NSE,2026-07-13 10:45:00+00:00,gdelt:gdnonline.com,"Tech Talk : India Tata Consultancy Services plans up to 8 , 900 AI deployment engineers , seeks AI acquisitions",,"https://www.gdnonline.com/Details/1400503/Indias-Tata-Consultancy-Services-plans-up-to-8,900-AI-deployment-engineers,-seeks-AI-acquisitions"
TCS,NSE,2026-07-13 11:15:00+00:00,gdelt:orissapost.com,"Stock markets end flat as West Asia tensions , higher oil prices weigh on sentiment",,https://www.orissapost.com/stock-markets-end-flat-as-west-asia-tensions-higher-oil-prices-weigh-on-sentiment/
TCS,NSE,2026-07-13 11:30:00+00:00,gdelt:telecom.economictimes.indiatimes.com,"Tata Consultancy Services : TCS wins multi - year deal to modernise ABB network systems , ETTelecom",,https://telecom.economictimes.indiatimes.com/news/enterprise-services/tcs-wins-multi-year-deal-to-modernise-abbs-network-systems/132359706
TCS,NSE,2026-07-13 11:30:00+00:00,gdelt:prokerala.com,"Sensex , Nifty end flat as IT stocks lead recovery",,https://www.prokerala.com/news/articles/a1787369.html
TCS,NSE,2026-07-13 11:59:29+00:00,marketaux:rediff.com,"Indian Stock Markets End Flat Amid West Asia Tensions, Rising Oil Prices","Indian benchmark indices Sensex and Nifty closed largely flat on Monday, recovering from early losses, as escalating tensions in West Asia and a sharp rally in crude oil prices weighed on investor sentiment, despite resilience in IT and consumer durables stocks.

Indian stock markets, including the Sensex and Nifty, concluded Monday's trading session largely flat, as escalating West Asia tensions and a significant rally ...",https://www.rediff.com/business/report/indian-stock-markets-flat-west-asia-tensions-crude-oil-prices-weigh-on-sentiment/20260713.htm
TCS,NSE,2026-07-13 12:00:00+00:00,gdelt:businessworld.in,TCS Wins Multi - Million - Dollar ABB Contract - BW Businessworld,,https://www.businessworld.in/article/tcs-wins-multi-million-dollar-abb-contract-614464
TCS,NSE,2026-07-13 12:15:00+00:00,gdelt:ibtimes.co.in,"Sensex ends above 77 , 600 , Nifty holds 24 , 200 as IT stocks support markets",,https://www.ibtimes.co.in/sensex-ends-above-77600-nifty-holds-24200-it-stocks-support-markets-903827
TCS,NSE,2026-07-13 12:45:00+00:00,gdelt:freepressjournal.in,"TCS Announces Major Leadership Reshuffle , Revamps BFSI , Cybersecurity , and Energy Units",,https://www.freepressjournal.in/business/tcs-announces-major-leadership-reshuffle-revamps-bfsi-cybersecurity-and-energy-units
TCS,NSE,2026-07-13 13:30:00+00:00,gdelt:moneycontrol.com,"HCLTech reports over 3 , 200 employee reduction in Q1FY27 , reversing previous quarter gains",,https://www.moneycontrol.com/news/business/information-technology/hcltech-reports-over-3-200-employee-reduction-in-q1fy27-reversing-previous-quarter-s-gains-13972776.html
TCS,NSE,2026-07-13 14:00:00+00:00,gdelt:businesstoday.in,"Sensex , Nifty end marginally higher after volatile session ; what should investors watch now ?",,https://www.businesstoday.in/markets/stocks/story/sensex-nifty-end-marginally-higher-after-volatile-session-what-should-investors-watch-now-542593-2026-07-13
TCS,NSE,2026-07-13 17:15:00+00:00,gdelt:businessworld.in,"TCS Rejigs Leadership , Creates Five New Business Units For AI Era",,https://www.businessworld.in/article/tcs-rejigs-leadership-creates-five-new-business-units-for-ai-era-614498
TCS,NSE,2026-07-13 18:00:00+00:00,gdelt:indianewengland.com,"Sensex , Nifty End Flat as IT Stocks Drive Late Recovery - INDIA New England News",,https://indianewengland.com/sensex-nifty-end-flat-as-it-stocks-drive-late-recovery/
TCS,NSE,2026-07-13 18:15:00+00:00,gdelt:hindustantimes.com,Who is Navdeep Sharma ? H - 1B techie stranded in India for 18 months faces big blow in US court,,https://www.hindustantimes.com/nri-news/who-is-navdeep-sharma-h-1b-techie-stranded-in-india-for-18-months-faces-big-blow-in-us-court-101783963523498.html
TCS,NSE,2026-07-13 18:45:00+00:00,gdelt:economictimes.indiatimes.com,Anthropic rolls out rupee pricing for Claude AI in India,,https://economictimes.indiatimes.com/tech/artificial-intelligence/anthropic-rolls-out-rupee-pricing-for-claude-ai-in-india/articleshow/132373053.cms
TCS,NSE,2026-07-13 21:00:00+00:00,gdelt:techstory.in,"Anthropic Launches Rupee Billing for Claude in India , Its Second - Largest Market After the US",,https://techstory.in/anthropic-launches-rupee-billing-for-claude-in-india-its-second-largest-market-after-the-us/
TCS,NSE,2026-07-13 21:45:00+00:00,gdelt:theindianawaaz.com,"July 13 : Market Recover from Early Losses , End Marginally Higher on IT Boost – The Indian Awaaz",,https://theindianawaaz.com/july-13-market-recover-from-early-losses-end-marginally-higher-on-it-boost/
TCS,NSE,2026-07-14 00:30:00+00:00,gdelt:sentinel.ht,IBM to Commission India Largest Quantum Computer,,https://sentinel.ht/ibm-amaravati-quantum-system-two-india/
TCS,NSE,2026-07-14 02:00:00+00:00,gdelt:moneycontrol.com,Middle East uncertainty prompts clients to defer big decisions : LTM CEO Venu Lambu,,https://www.moneycontrol.com/news/business/information-technology/middle-east-uncertainty-prompts-clients-to-defer-big-decisions-ltm-ceo-venu-lambu-13973016.html
TCS,NSE,2026-07-14 02:30:00+00:00,gdelt:livemint.com,"HCLTech reverses course , bets $365 million on data centre business",,https://www.livemint.com/companies/hcltech-reverses-course-bets-365-million-on-data-centre-business-11783954628118.html
TCS,NSE,2026-07-14 04:00:00+00:00,gdelt:timesofindia.indiatimes.com,"Anthropic Claude AI pricing for India revealed : Here how much you have to pay for Claude Pro , Claude Max and Team subscription",,https://timesofindia.indiatimes.com/technology/tech-news/anthropics-claude-ai-pricing-for-india-revealed-heres-how-much-you-have-to-pay-for-claude-pro-claude-max-and-team-subscription/articleshow/132380129.cms
TCS,NSE,2026-07-14 04:45:00+00:00,gdelt:timesofindia.indiatimes.com,"Stock Market Live Updates : Sensex plunges over 500 points , Nifty slips below 24 , 100 as US - Iran tensions escalate",,https://timesofindia.indiatimes.com/business/india-business/sensex-stock-market-today-14-july-2026-live-updates-nse-bse-gift-nifty-50-top-gainers-losers-mcx-stocks-in-focus-market-news/liveblog/132380294.cms
TCS,NSE,2026-07-14 04:45:00+00:00,gdelt:economictimes.indiatimes.com,rupee pricing Claude AI : Anthropic rolls out rupee pricing for Claude AI in India,,https://economictimes.indiatimes.com/tech/artificial-intelligence/anthropic-rolls-out-rupee-pricing-for-claude-ai-in-india/articleshow/132380150.cms
TCS,NSE,2026-07-14 06:37:22+00:00,marketaux:thehindubusinessline.com,TCS wins technology partnership for New York JFK Airport's New Terminal One,"TCS will power digital operations at New York's JFK New Terminal One with AI, cybersecurity and passenger systems under the airport's $19-billion overhaul.

Tata Consultancy Services (TCS) announced on Tuesday that it has been named the technology and innovation partner for New Terminal One at John F. Kennedy Intern...",https://www.thehindubusinessline.com/markets/stock-markets/tcs-to-power-digital-operations-at-jfk-airports-new-terminal-one/article71220130.ece
TCS,NSE,2026-07-14 07:30:00+00:00,gdelt:financialexpress.com,"Tech & AI News today : TCS is building AI army , Nadella shares new paradox , and Samsung hikes prices",,https://www.financialexpress.com/life/technology-tech-ai-news-today-tcs-is-building-ai-army-nadella-shares-new-paradox-and-samsung-hikes-prices-4290414/
TCS,NSE,2026-07-14 07:30:00+00:00,gdelt:financialexpress.com,HCLTech headcount sees steepest sequential fall in 2 years,,https://www.financialexpress.com/business/industry-hcltech-headcount-sees-steepest-sequential-fall-in-2-years-4290725/
TCS,NSE,2026-07-14 07:30:00+00:00,gdelt:moneycontrol.com,TCS wins technology partnership deal for JFK airport new terminal in New York,,https://www.moneycontrol.com/news/business/information-technology/tcs-wins-technology-partnership-deal-for-jfk-airport-s-new-terminal-in-new-york-13973412.html
TCS,NSE,2026-07-14 07:30:00+00:00,gdelt:tribuneindia.com,Markets tumble in early trade as rising oil prices dent sentiment ; Sensex drops 553 points,,https://www.tribuneindia.com/news/business/markets-tumble-in-early-trade-as-rising-oil-prices-dent-sentiment-sensex-drops-553-points/
TCS,NSE,2026-07-14 08:15:00+00:00,gdelt:rediff.com,S & P Global : AI - native firms pose significant threat to Indian IT service providers,,https://www.rediff.com/business/report/sp-global-ai-native-firms-pose-significant-threat-to-indian-it-service-providers/20260714.htm
TCS,NSE,2026-07-14 08:30:00+00:00,gdelt:orissapost.com,India - UK trade pact explainer : What changes from July 15 ?,,https://www.orissapost.com/india-uk-trade-pact-explainer-what-changes-from-july-15/
TCS,NSE,2026-07-14 08:30:00+00:00,gdelt:indianexpress.com,Anthropic introduces India pricing for Claude as AI race heats up,,https://indianexpress.com/article/technology/artificial-intelligence/anthropic-introduces-india-pricing-for-claude-as-ai-race-heats-up-10785590/
TCS,NSE,2026-07-14 09:00:00+00:00,gdelt:businesstoday.in,"Infosys , Coforge , TCS , Wipro , HCL , LTM , Persistent , Mphasis : Stock with highest St target",,https://www.businesstoday.in/markets/stocks/story/infosys-coforge-tcs-wipro-hcl-ltm-persistent-mphasis-stock-with-highest-st-target-542749-2026-07-14
TCS,NSE,2026-07-14 09:15:00+00:00,gdelt:dainiktribuneonline.com,"Stock Market Today : तेल कीमतों में उछाल से बाजार दबाव में , सेंसेक्स 553 अंक गिरा , रुपया 48 पैसे टूटा",,https://www.dainiktribuneonline.com/news/business/stock-market-today-market-under-pressure-due-to-surge-in-oil-prices-sensex-falls-553-points-rupee-falls-by-48-paise/
TCS,NSE,2026-07-14 09:15:00+00:00,gdelt:siasat.com,"India , united kingdom trade pact to come into force from July 15 : An Explainer",,https://www.siasat.com/india-uk-trade-pact-to-come-into-force-from-july-15-an-explainer-3506809/
TCS,NSE,2026-07-14 09:45:00+00:00,gdelt:economictimes.indiatimes.com,"How TCS , India biggest IT company , will transform New York JFK Airport New Terminal One",,https://economictimes.indiatimes.com/news/india/how-tcs-indias-biggest-it-company-will-transform-new-yorks-jfk-airports-new-terminal-one/articleshow/132385800.cms
TCS,NSE,2026-07-14 09:45:00+00:00,gdelt:deccanchronicle.com,TCS is Tech & Innovation Partner to New York New Terminal One at JFK Airport,,https://www.deccanchronicle.com/news/world/tcs-is-technology-innovation-partner-to-new-yorks-new-terminal-one-at-jfk-airport-1970805
TCS,NSE,2026-07-14 09:45:00+00:00,gdelt:moneycontrol.com,TCS says no decision yet on FY27 promotions ; Wings program set for AI revamp,,https://www.moneycontrol.com/news/business/information-technology/tcs-says-no-decision-yet-on-fy27-promotions-plans-ai-focused-wings-relaunch-13973449.html
TCS,NSE,2026-07-14 10:53:21+00:00,marketaux:rediff.com,Indian Markets Tumble as West Asia Tensions Drive Oil Prices Higher,"Indian benchmark indices, Sensex and Nifty, experienced a significant downturn as escalating tensions in West Asia led to a sharp surge in crude oil prices, coupled with fresh foreign fund outflows and a weakening rupee.

Indian stock markets, including the Sensex and Nifty, witnessed a notable slump as escalating West Asia tensions drove crude oil prices sharply higher, alongsid...",https://www.rediff.com/business/report/sensex-nifty-plunge-west-asia-tensions-surging-crude-oil-rupee-weakness-impact-indian-stocks/20260714.htm
TCS,NSE,2026-07-14 11:30:00+00:00,gdelt:it-online.co.za,TCS in new deal to transform ABB global network operations,,https://it-online.co.za/2026/07/14/tcs-in-new-deal-to-transform-abbs-global-network-operations/
TCS,NSE,2026-07-14 12:15:00+00:00,gdelt:livemint.com,TCS secures tech contract for New York JFK Airport ₹1 . 8 lakh crore terminal project,,https://www.livemint.com/companies/news/tcs-secures-tech-contract-for-new-yorks-jfk-airports-1-8-lakh-crore-terminal-project-11784021259005.html
TCS,NSE,2026-07-14 12:15:00+00:00,gdelt:domain-b.com,TCS wins technology contract for New York JFK Airport $19 billion terminal,,https://www.domain-b.com/technology/information-technology/tcs-jfk-airport-new-terminal-one-technology-contract-2026
TCS,NSE,2026-07-14 13:45:00+00:00,gdelt:futuretravelexperience.com,New Terminal One at JFK partners with TCS,,https://www.futuretravelexperience.com/2026/07/new-terminal-one-at-jfk-partners-with-tcs-to-deliver-ai-powered-airport-experience/
TCS,NSE,2026-07-14 16:00:00+00:00,gdelt:timesofindia.indiatimes.com,"Export boost , cheaper cars & whisky : India - UK trade deal comes into effect from July 15 - How India & Indians will benefit",,https://timesofindia.indiatimes.com/business/india-business/export-boost-cheaper-cars-whisky-india-uk-trade-deal-comes-into-effect-from-july-15-how-india-indians-will-benefit/articleshow/132394272.cms
TCS,NSE,2026-07-14 23:15:00+00:00,gdelt:americanbazaaronline.com,Meta layoff forces H - 1B worker to leave US,,https://americanbazaaronline.com/2026/07/14/meta-layoff-forces-h-1b-worker-to-leave-us-484582/
TCS,NSE,2026-07-15 03:00:00+00:00,gdelt:businesstoday.in,"IBM selloff : Infosys , Wipro ADRs tumble ; why Persistent Systems , other IT stocks are in focus",,https://www.businesstoday.in/markets/stocks/story/ibm-selloff-infosys-wipro-adrs-tumble-why-persistent-systems-other-it-stocks-are-in-focus-542966-2026-07-15
TCS,NSE,2026-07-15 03:15:00+00:00,gdelt:economictimes.indiatimes.com,You cant spell chai latte without AI . That will hurt India,,https://economictimes.indiatimes.com/markets/stocks/news/you-cant-spell-chai-latte-without-ai-that-will-hurt-india/articleshow/132404282.cms
TCS,NSE,2026-07-15 04:45:00+00:00,gdelt:navbharattimes.indiatimes.com,"Share Market Opening : शेयर बाजार में लौटी रौनक , सेंसेक्स 500 अंक उछला , इंडिगो और आयशर में सबसे ज्यादा तेजी",,https://navbharattimes.indiatimes.com/business/share-market/share-market-update-bse-sensex-and-nse-nifty-trends-on-15-july-2026/articleshow/132405688.cms
TCS,NSE,2026-07-15 05:00:00+00:00,gdelt:newkerala.com,Indian Markets Open Higher on Global Cues,,https://www.newkerala.com/news/a/indian-equity-markets-open-higher-positive-global-cues-745.htm
TCS,NSE,2026-07-15 06:15:00+00:00,gdelt:prokerala.com,Indian equity markets open higher on positive global cues,,https://www.prokerala.com/news/articles/a1788086.html
TCS,NSE,2026-07-15 07:00:00+00:00,gdelt:dailypioneer.com,"Sensex , Nifty Fall as Crude Oil Surge and Rupee Weakness Hit Market Sentiment",,https://dailypioneer.com/news/sensex-declines-by-561-points-on-surging-oil-west-asia-flare-up
TCS,NSE,2026-07-15 07:45:00+00:00,gdelt:rediff.com,"Indian Stock Markets Rebound : Sensex Nifty Up on US Inflation Data , Fed Policy Hopes",,https://www.rediff.com/business/report/indian-stock-markets-rebound-on-july-15-sensex-nifty-up-on-us-inflation-data-fed-policy-hopes/20260715.htm
TCS,NSE,2026-07-15 08:15:00+00:00,gdelt:tribuneindia.com,Stock markets rebound in early trade ; Sensex jumps 553 points,,https://www.tribuneindia.com/news/business/stock-markets-rebound-in-early-trade-sensex-jumps-553-points/
TCS,NSE,2026-07-15 08:15:00+00:00,gdelt:navbharattimes.indiatimes.com,"BSNL New Tower :  भगवान से भी नहीं लगेगा  कहने के दिन गए , बीएसएनएल 19 हजार जगहों पर खड़े करेगी एडवांस मोबाइल टावर",,https://navbharattimes.indiatimes.com/tech/gadgets-news/bsnl-order-tcs-iti-limited-for-install-new-modern-technology-4g-tower-at-thousands-of-location/articleshow/132405790.cms
TCS,NSE,2026-07-15 08:15:00+00:00,gdelt:economictimes.indiatimes.com,"Q1 results today : HDFC Life Insurance , HDB Financial , Jana SFB , ICICI Prudential among 43 companies to report earnings",,https://economictimes.indiatimes.com/markets/stocks/news/q1-results-today-hdfc-life-insurance-hdb-financial-jana-sfb-icici-prudential-among-43-companies-to-report-earnings/articleshow/132409435.cms
TCS,NSE,2026-07-15 08:30:00+00:00,gdelt:dainiktribuneonline.com,"Stock Market Today : शेयर बाजार में जोरदार वापसी , सेंसेक्स 553 अंक उछला ; रुपया भी डॉलर के मुकाबले मजबूत",,https://www.dainiktribuneonline.com/news/nation/stock-market-today-strong-comeback-in-the-stock-market-sensex-jumps-553-points-rupee-also-strengthens-against-the-dollar/
TCS,NSE,2026-07-15 09:00:00+00:00,gdelt:telecom.economictimes.indiatimes.com,"Tata Consultancy Services : TCS Unveils Nvidia - Powered AI Lab in Bengaluru to Revolutionize Industrial Automation , ETTelecom",,https://telecom.economictimes.indiatimes.com/news/enterprise-services/tcs-unveils-nvidia-powered-ai-lab-in-bengaluru-to-revolutionize-industrial-automation/132408517
TCS,NSE,2026-07-15 09:15:00+00:00,gdelt:khaskhabar.com,"Hindustan Zinc is playing a vital role in skill training , from rural Rajasthan to global careers ., Udaipur News in Hindi",,https://www.khaskhabar.com/local/rajasthan/udaipur-news/news-hindustan-zinc-is-playing-a-vital-role-in-skill-training-from-rural-rajasthan-to-global-careers-news-hindi-1-828859-KKN.html
TCS,NSE,2026-07-15 09:30:00+00:00,gdelt:timesofindia.indiatimes.com,TCS launches Nvidia - powered autonomous engineering lab to accelerate AI - led mobility,,https://timesofindia.indiatimes.com/technology/tech-news/tcs-launches-nvidia-powered-autonomous-engineering-lab-to-accelerate-ai-led-mobility/articleshow/132411240.cms
TCS,NSE,2026-07-15 12:00:00+00:00,gdelt:ibtimes.co.uk,"Laid - Off Meta Employee Gets 60 Days to Leave After 14 Years in the US , Says It Is a  Gut - Wrenching  Experience",,https://www.ibtimes.co.uk/former-meta-employee-h1b-visa-system-flaws-1808774
TCS,NSE,2026-07-15 12:00:00+00:00,gdelt:indiaeducationdiary.in,"From Rural Rajasthan to Global Careers : Hindustan Zinc Zinc Kaushal Trains Over 10 , 000 Youth , Creates Pathways to Opportunity - India Education | Latest Education News | Global Educational News",,https://indiaeducationdiary.in/from-rural-rajasthan-to-global-careers-hindustan-zincs-zinc-kaushal-trains-over-10000-youth-creates-pathways-to-opportunity/
TCS,NSE,2026-07-15 12:15:00+00:00,gdelt:thehindubusinessline.com,TCS launches NVIDIA - powered Autonomous Engineering Lab in Bengaluru,,https://www.thehindubusinessline.com/info-tech/tcs-launches-nvidia-powered-autonomous-engineering-lab-in-bengaluru/article71224864.ece
TCS,NSE,2026-07-15 13:00:00+00:00,gdelt:pressnote.in,ग्रामीण राजस्थान से वैश्विक करियर तक कौशल प्रशिक्षण में महत्वपूर्ण भूमिका निभा रहा हिंदुस्तान जिंक Zinc _ News :: pressnote . in,,https://pressnote.in/Zinc_News_539588.html
TCS,NSE,2026-07-15 17:30:00+00:00,gdelt:moneylife.in,"Nifty , Sensex End Flat ; Broader Market Rallies",,https://moneylife.in/article/nifty-sensex-end-flat-broader-market-rallies/81074.html
TCS,NSE,2026-07-15 17:45:00+00:00,gdelt:businessghana.com,"Anthropic starts localizing Claude pricing for India , its biggest market after the US",,"http://www.businessghana.com/site/news/technology/352108/Anthropic-starts-localizing-Claude-pricing-for-India,-its-biggest-market-after-the-US"
TCS,NSE,2026-07-15 18:15:00+00:00,gdelt:thehindu.com,TCS opens industrial AI solutions Lab in Bengaluru with NVIDIA,,https://www.thehindu.com/news/national/karnataka/tcs-opens-industrial-ai-solutions-lab-in-bengaluru-with-nvidia/article71226361.ece
TCS,NSE,2026-07-15 18:15:00+00:00,gdelt:prnewswire.com,LatentView Analytics Appoints Sonal Ramrakhiani as Chief Executive Officer to Accelerate Global AI - Led Growth,,https://www.prnewswire.com/news-releases/latentview-analytics-appoints-sonal-ramrakhiani-as-chief-executive-officer-to-accelerate-global-ai-led-growth-302826611.html
TCS,NSE,2026-07-16 02:30:00+00:00,gdelt:chinatechnews.com,Indian Companies Increasingly Turn To Chinese LLMs Due To  Unsustainable  US Token Bills,,https://www.chinatechnews.com/2026/07/16/125620-indian-companies-increasingly-turn-to-chinese-llms-due-to-unsustainable-us-token-bills
TCS,NSE,2026-07-16 06:00:00+00:00,gdelt:udaipurkiran.com,"From Rural Rajasthan to Global Careers : Hindustan Zinc Zinc Kaushal Trains Over 10 , 000 Youth , Creates Pathways to Opportunity",,https://udaipurkiran.com/from-rural-rajasthan-to-global-careers-hindustan-zincs-zinc-kaushal-trains-over-10000-youth-creates-pathways-to-opportunity/
TCS,NSE,2026-07-16 08:00:00+00:00,gdelt:moneycontrol.com,IT shares snap two - day fall to rise up to 2 . 5 %: 3 key factors behind sharp buying,,https://www.moneycontrol.com/news/business/markets/it-shares-snap-two-day-fall-to-rise-up-to-2-5-3-key-factors-behind-sharp-buying-13975506.html
TCS,NSE,2026-07-16 12:15:00+00:00,gdelt:timesofindia.indiatimes.com,BDU to roll out industry certification programmes,,https://timesofindia.indiatimes.com/city/trichy/bdu-to-roll-out-industry-certification-programmes/articleshow/132438248.cms
TCS,NSE,2026-07-16 12:45:00+00:00,gdelt:freepressjournal.in,Tech Mahindra Workforce Falls By 863 Employees In Q1 As Company Focuses On Margins,,https://www.freepressjournal.in/business/tech-mahindra-workforce-falls-by-863-employees-in-q1-as-company-focuses-on-margins
TCS,NSE,2026-07-16 17:00:00+00:00,gdelt:iraqsun.com,ITI wins BSNL 4G network expansion order worth Rs 856 crore,,http://www.iraqsun.com/news/279191332/iti-wins-bsnl-4g-network-expansion-order-worth-rs-856-crore
TCS,NSE,2026-07-16 22:00:00+00:00,gdelt:equitybulls.com,TCS and Google Cloud launch Gemini Experience Center in Kolkata,,https://www.equitybulls.com/category.php?id=372999
TCS,NSE,2026-07-18 02:30:00+00:00,gdelt:dailypioneer.com,"Sensex Surges 965 Points , Nifty Tops 24 , 330 as Reliance , Banking and IT Stocks Rally",,https://dailypioneer.com/news/markets-surge-on-blue-chip-buying-sensex-jumps-965-pts
TCS,NSE,2026-07-18 16:00:00+00:00,gdelt:navbharattimes.indiatimes.com,"India Top Brands : टाटा 1 , इन्फोसिस 2 , LIC 3 , लिस्‍ट में अडानी की पहली बार एंट्री , इस स्‍थान पर मुकेश अंबानी की रिलायंस",,https://navbharattimes.indiatimes.com/business/business-news/tata-group-indias-most-valuable-brand-infosys-second-adani-group-enters-top-10-for-the-first-time/articleshow/132482602.cms
TCS,NSE,2026-07-18 16:15:00+00:00,gdelt:thehindu.com,"India Inc CSR spend rises 17 % to ₹40 , 794 crore in FY25 : report",,https://www.thehindu.com/business/india-incs-csr-spend-rises-17-to-40794-crore-in-fy25-report/article71238239.ece
TCS,NSE,2026-07-19 01:30:00+00:00,gdelt:educationtimes.com,Gaurav Gangwal,,http://www.educationtimes.com/counsellors/gaurav-gangwal/education-counsellor/294d04d8-0a71-11ee-b8db-064df626ed42
TCS,NSE,2026-07-19 07:00:00+00:00,gdelt:tribuneindia.com,Mcap of 5 of top - 10 most valued firms jumps Rs 1 . 54 lakh crore ; TCS biggest winner,,https://www.tribuneindia.com/news/business/mcap-of-5-of-top-10-most-valued-firms-jumps-rs-1-54-lakh-crore-tcs-biggest-winner/
TCS,NSE,2026-07-19 07:30:00+00:00,gdelt:prokerala.com,Top - 10 firms add Rs 1 . 54 lakh crore in market value last week,,https://www.prokerala.com/news/articles/a1789751.html
TCS,NSE,2026-07-19 08:15:00+00:00,gdelt:thehindubusinessline.com,Mcap of five of top - 10 most valued firms jumps ₹1 . 54 lakh crore ; TCS lead gainers,,https://www.thehindubusinessline.com/markets/mcap-of-five-of-top-10-most-valued-firms-jumps-154-lakh-crore-tcs-lead-gainers/article71240740.ece
TCS,NSE,2026-07-19 09:30:00+00:00,gdelt:orissapost.com,Mcap of five of top - 10 most valued firms jumps Rs 1 . 54 lakh cr ; TCS biggest winner,,https://www.orissapost.com/mcap-of-five-of-top-10-most-valued-firms-jumps-rs-1-54-lakh-cr-tcs-biggest-winner/
TCS,NSE,2026-07-19 10:00:00+00:00,gdelt:divyabhaskar.co.in,"TCS Top Gainer , Reliance & SBI Market Cap Surge | Indian Stock Market Update",,https://www.divyabhaskar.co.in/business/news/tcs-reliance-sbi-market-cap-gain-indian-stock-market-update-138481624.html
TCS,NSE,2026-07-19 10:30:00+00:00,gdelt:navbharattimes.indiatimes.com,"Mcap of Top Firms : शेयर मार्केट में मची धूम , एक हफ्ते में 5 कंपनियों ने कमाए ₹1 . 54 लाख करोड़ , टाटा की इस कंपनी ने काटा गदर",,https://navbharattimes.indiatimes.com/business/share-market/share-news/indian-stock-market-top-10-companies-market-cap-gains-tcs-reliance-icici-bank/articleshow/132492634.cms
TCS,NSE,2026-07-19 12:00:00+00:00,gdelt:freepressjournal.in,13 TCS Employees Rescued After Losing Way During Irshalgad - Prabalgad Trek In Panvel,,https://www.freepressjournal.in/mumbai/13-tcs-employees-rescued-after-losing-way-during-irshalgad-prabalgad-trek-in-panvel
TCS,NSE,2026-07-19 12:30:00+00:00,gdelt:livemint.com,Mcap of five of top - 10 most valued firms jumps ₹1 . 54 lakh cr ; TCS biggest winner,,https://www.livemint.com/market/stock-market-news/mcap-of-five-of-top-10-most-valued-firms-jumps-rs-1-54-lakh-cr-tcs-biggest-winner-11784452341307.html
TCS,NSE,2026-07-19 12:30:00+00:00,gdelt:loksatta.com,"Share Market Top 10 Companies Market Cap | शेअर बाजारात ५ कंपन्या मालामाल , TCS चा नफा वाढला",,https://www.loksatta.com/business/share-market-top-10-companies-market-cap-tcs-reliance-icici-bank-gainers-losers-eco-print-news-sap-05-6028561/
TCS,NSE,2026-07-19 15:30:00+00:00,gdelt:timesofindia.indiatimes.com,Top - 5 valued firms add Rs 1 . 54 lakh crore in market cap ; TCS emerges biggest gainer,,https://timesofindia.indiatimes.com/business/india-business/top-5-valued-firms-add-rs-1-54-lakh-crore-in-market-cap-tcs-emerges-biggest-gainer/articleshow/132495861.cms
TCS,NSE,2026-07-19 15:45:00+00:00,gdelt:thehindubusinessline.com,India IT services sector hints at hiring stabilisation - The HinduBusinessLine,,https://www.thehindubusinessline.com/info-tech/indias-it-services-sector-hints-at-hiring-stabilisation/article71241572.ece
TCS,NSE,2026-07-19 17:45:00+00:00,gdelt:ibtimes.co.in,"Top - 10 firms add Rs 1 . 54 lakh crore in market value ; Sensex may test 79 , 200 , Nifty eyes breakout above 24 , 500",,https://www.ibtimes.co.in/top-10-firms-add-rs-1-54-lakh-crore-market-value-sensex-may-test-79200-nifty-eyes-breakout-904008
TCS,NSE,2026-07-19 18:00:00+00:00,gdelt:hindi.business-standard.com,"Q1 नतीजों की दमदार शुरुआत , कंपनियों की आय , मुनाफा दो अंक में बढ़े - strong start to q1 results companies revenue and profit grew in double digits",,https://hindi.business-standard.com/india-news/strong-start-to-q1-results-companies-revenue-and-profit-grew-in-double-digits-id-538043
TCS,NSE,2026-07-19 19:00:00+00:00,gdelt:equitybulls.com,Tata Technologies Q1 FY27 Results : Net Income Surges to ₹181 Crore Fueled by Blockbuster $100 Million Tenneco Deal and Global Automotive Wins,,https://www.equitybulls.com/category.php?id=373132
TCS,NSE,2026-07-20 02:00:00+00:00,gdelt:timesofindia.indiatimes.com,Vizag bets big on becoming  AI - Patnam  - The Times of India,,https://timesofindia.indiatimes.com/times-special/vizag-bets-big-on-becoming-ai-patnam/articleshow/132503828.cms
TCS,NSE,2026-07-20 05:15:00+00:00,gdelt:bhaskar.com,Meta Facebook Service Restored | Nvidia CEO Jensen Huang Jacket Auction,,https://www.bhaskar.com/g/business/news/meta-facebook-service-restored-nvidia-jensen-huang-jacket-auction-138488683.html
TCS,NSE,2026-07-20 07:45:00+00:00,gdelt:livemint.com,AI meter is running . India IT clients are rethinking their models,,https://www.livemint.com/ai/artificial-intelligence/ai-token-costs-rise-enterprise-artificial-intelligence-spending-indiit-services-firms-11784467885496.html
TCS,NSE,2026-07-20 09:30:00+00:00,gdelt:navabharat.com,"शेयर बाजार में तूफानी तेजी : टॉप 10 में से 5 कंपनियों का मार्केट कैप 1 . 54 लाख करोड़ रुपये बढ़ा , टीसीएस और आईसीआईसीआई बैंक चमके",,https://navabharat.com/?p=524136
TCS,NSE,2026-07-20 12:27:29+00:00,marketaux:rediff.com,"HDFC Bank, Axis Bank drag Sensex down amid margin concerns, US-Iran tensions","Indian benchmark indices, Sensex and Nifty, closed lower due to significant selling in HDFC Bank and Axis Bank shares, driven by margin-related concerns and escalating US-Iran tensions, which also pushed crude oil prices higher.

Indian benchmark indices, Sensex and Nifty, experienced a notable decline, primarily driven by heavy selling in banking giants HDFC Bank and Axis Bank amidst ma...",https://www.rediff.com/business/report/sensex-nifty-decline-hdfc-bank-axis-bank-shares-fall-on-margin-concerns-middle-east-tensions/20260720.htm
TCS,NSE,2026-07-20 16:00:00+00:00,gdelt:dailyexcelsior.com,"Sensex declines by 443 pts on  heavy selling in HDFC Bank , Axis Bank",,https://www.dailyexcelsior.com/sensex-declines-by-443-pts-on-heavy-selling-in-hdfc-bank-axis-bank/
TCS,NSE,2026-07-20 19:15:00+00:00,gdelt:hindustantimes.com,Microsoft backs AMD Helios AI system to challenge Nvidia dominance,,https://www.hindustantimes.com/world-news/us-news/microsoft-backs-amd-helios-ai-system-to-challenge-nvidias-dominance-101784560838941.html
TCS,NSE,2026-07-20 23:00:00+00:00,gdelt:finanznachrichten.de,"AMD To Ship Helios AI Systems To Microsoft , Taking On Nvidia",,https://www.finanznachrichten.de/nachrichten-2026-07/69075656-amd-to-ship-helios-ai-systems-to-microsoft-taking-on-nvidia-020.htm
TCS,NSE,2026-07-21 02:15:00+00:00,gdelt:tarunbharat.com,Market capitalization of 5 companies rises by ₹1 . 54 lakh crore .,,https://www.tarunbharat.com/market-capitalization-of-5-companies-rises-by-%E2%82%B91-54-lakh-crore/
TCS,NSE,2026-07-21 02:15:00+00:00,gdelt:dailypioneer.com,"Sensex Falls 443 Points , Nifty Slips as Bank Stocks Tumble Amid US - Iran Tensions",,https://dailypioneer.com/news/sensex-declines-by-443-pts
TCS,NSE,2026-07-21 02:30:00+00:00,gdelt:thehindubusinessline.com,HCLTech CEO C Vijayakumar remuneration jumps 67 % to $18 . 13 million in FY26,,https://www.thehindubusinessline.com/info-tech/hcltech-ceo-c-vijayakumars-remuneration-jumps-67-to-1813-million-in-fy26/article71247851.ece
TCS,NSE,2026-07-21 03:15:00+00:00,gdelt:economictimes.indiatimes.com,"TCS acquires land in Vizag , Pune for OpenAI data sites",,https://economictimes.indiatimes.com/tech/information-tech/tcs-acquires-land-in-vizag-pune-for-openai-data-sites/articleshow/132523411.cms
TCS,NSE,2026-07-21 04:15:00+00:00,gdelt:timesofindia.indiatimes.com,"Stock Market Today Live Updates : Sensex trades flat at 77 , 710 in early session ; Nifty over 24 , 230",,https://timesofindia.indiatimes.com/business/india-business/sensex-stock-market-today-21-july-2026-live-updates-nse-bse-gift-nifty-50-top-gainers-losers-mcx-stocks-in-focus-market-news/liveblog/132526931.cms
TCS,NSE,2026-07-21 04:30:00+00:00,gdelt:economictimes.indiatimes.com,"Ships , Steel , Submarines and now , Servers : How Visakhapatnam is becoming India new AI gold rush",,https://economictimes.indiatimes.com/news/india/ships-steel-submarines-and-now-servers-how-visakhapatnam-is-becoming-indias-new-ai-gold-rush/articleshow/132513307.cms
TCS,NSE,2026-07-21 05:00:00+00:00,gdelt:telecom.economictimes.indiatimes.com,"HCLTech CEO C Vijayakumar Receives 67 % Pay Increase to ₹175 Crore in FY26 , ETTelecom",,https://telecom.economictimes.indiatimes.com/news/enterprise-services/hcltech-ceo-c-vijayakumar-receives-67-pay-increase-to-175-crore-in-fy26/132526396
TCS,NSE,2026-07-21 09:15:00+00:00,gdelt:economictimes.indiatimes.com,C Vijayakumar remuneration : HCLTech CEO C Vijayakumar remuneration jumps 67 % to $18 . 13 million in FY26,,https://economictimes.indiatimes.com/tech/information-tech/hcltech-ceo-c-vijayakumars-remuneration-jumps-67-to-18-13-million-in-fy26/articleshow/132527601.cms
TCS,NSE,2026-07-21 11:12:45+00:00,marketaux:rediff.com,"HDFC Bank, West Asia Crisis Pull Sensex, Nifty Down","Indian benchmark indices, Sensex and Nifty, extended their losses for a second consecutive day, primarily due to HDFC Bank's disappointing quarterly earnings and escalating tensions in West Asia, coupled with persistent foreign fund outflows.

Indian benchmark indices, Sensex and Nifty, extended their decline for a second day, heavily influenced by HDFC Bank's underwhelming quarterly earnings and heig...",https://www.rediff.com/business/report/indian-markets-decline-hdfc-bank-earnings-west-asia-tensions-weigh-on-sensex-nifty/20260721.htm
TCS,NSE,2026-07-21 12:15:00+00:00,gdelt:vccircle.com,India push away from options fuels boom in leveraged stock bets,,https://www.vccircle.com/indias-push-away-from-options-fuels-boom-in-leveraged-stock-bets
TCS,NSE,2026-07-21 12:43:46+00:00,marketaux:thehindu.com,"Stock markets fall for second day, dragged by HDFC Bank, West Asia crisis; Sensex down 238 points","Stock markets decline for the second day, with HDFC Bank's drop and geopolitical tensions impacting investor sentiment.

Benchmark indices Sensex and Nifty closed lower on Tuesday (July 21, 2026), dragged by selling in HDFC Bank for the second day alongside risk-off sentiment amid...",https://www.thehindu.com/business/markets/stock-markets-fall-for-second-day-dragged-by-hdfc-bank-west-asia-crisis-sensex-down-238-points/article71249258.ece
TCS,NSE,2026-07-21 12:45:00+00:00,gdelt:manilatimes.net,Rezolve Ai Brings Agentic Commerce Infrastructure to Zilch Payments Platform Serving Nearly 6 Million Customers,,https://www.manilatimes.net/2026/07/21/tmt-newswire/globenewswire/rezolve-ai-brings-agentic-commerce-infrastructure-to-zilchs-payments-platform-serving-nearly-6-million-customers/2388420
TCS,NSE,2026-07-21 15:45:00+00:00,gdelt:nayaindia.com,"शेयर बाजार में लगातार दूसरे दिन गिरावट , सेंसेक्स 238 अंक और टूटा - Naya India - Hindi News , Latest Hindi News , Breaking News , Hindi Samachar",,https://www.nayaindia.com/business/stock-market-fell-for-the-second-consecutive-day-sensex-fell-by-238-points/519401.html
TCS,NSE,2026-07-21 16:00:00+00:00,gdelt:indiainfoline.com,"Closing Bell : Nifty Slips to 24 , 187 for Second Straight Day as Crude Nears $90 and Iran Tensions Escalate",,https://www.indiainfoline.com/news/markets/closing-bell-nifty-slips-to-24187-for-second-straight-day-as-crude-nears-90-and-iran-tensions-escalate
TCS,NSE,2026-07-21 16:45:00+00:00,gdelt:freepressjournal.in,"Mumbai : BMC To Empanel 29 Technical Consultants For Bridge , Flyover And Tunnel Projects With Penalty Clause",,https://www.freepressjournal.in/mumbai/mumbai-bmc-to-empanel-29-technical-consultants-for-bridge-flyover-and-tunnel-projects-with-penalty-clause
TCS,NSE,2026-07-21 19:30:00+00:00,gdelt:timesofindia.indiatimes.com,"ED arrests key Falcon scam accused , probes $1 . 6 M aircraft deal",,https://timesofindia.indiatimes.com/city/hyderabad/ed-arrests-key-falcon-scam-accused-probes-1-6-m-aircraft-deal/articleshow/132545745.cms
TCS,NSE,2026-07-21 21:15:00+00:00,gdelt:weeklyblitz.net,"The L - 1 visa program needs reform - not to restrict immigration , but to protect it",,https://weeklyblitz.net/2026/07/22/the-l-1-visa-program-needs-reform-not-to-restrict-immigration-but-to-protect-it/
TCS,NSE,2026-07-22 01:30:00+00:00,gdelt:livemint.com,Indian conglomerate new pitch to foreign investors : Build with us from day one,,https://www.livemint.com/companies/news/indian-conglomerates-new-pitch-to-foreign-investors-build-with-us-from-day-one-tcs-jsw-steel-adani-11784017795414.html
TCS,NSE,2026-07-22 13:45:00+00:00,gdelt:telecom.economictimes.indiatimes.com,"26 % of Manufacturers to Boost Investment in Physical AI , TCS Study Reveals , ETTelecom",,https://telecom.economictimes.indiatimes.com/news/enterprise-services/26-of-manufacturers-to-boost-investment-in-physical-ai-tcs-study-reveals/132558769
TCS,NSE,2026-07-22 15:00:00+00:00,gdelt:manilatimes.net,Global Sustainability Awards 2026 finalists revealed,,https://www.manilatimes.net/2026/07/22/tmt-newswire/globenewswire/global-sustainability-awards-2026-finalists-revealed/2389560
TCS,NSE,2026-07-22 21:15:00+00:00,gdelt:equitybulls.com,TCS study reveals Physical AI is now mainstream as manufacturers scale AI implementation,,https://www.equitybulls.com/category.php?id=373340
TCS,NSE,2026-07-22 22:15:00+00:00,gdelt:hindi.business-standard.com,"AI Jobs Hiring : AI स्किल्स को IT कंपनियों में सबसे ज्यादा तवज्जो , कैंपस भर्ती और वेतन रणनीति में बड़ा बदलाव - ai skills prioritized by it companies major shifts in campus hiring and salary strategies",,https://hindi.business-standard.com/companies/ai-skills-prioritized-by-it-companies-major-shifts-in-campus-hiring-and-salary-strategies-id-538966/
TCS,NSE,2026-07-23 03:45:00+00:00,gdelt:thehindu.com,"Physical AI is now mainstream , reveals TCS survey",,https://www.thehindu.com/sci-tech/technology/physical-ai-is-now-mainstream-reveals-tcs-survey/article71253527.ece
TCS,NSE,2026-07-23 10:00:00+00:00,gdelt:businesstoday.in,"Alphabet Q2 results : Key takeaways for TCS , Infosys , Wipro , HCL Tech and TechM",,https://www.businesstoday.in/markets/stocks/story/alphabet-q2-results-key-takeaways-for-tcs-infosys-wipro-hcl-tech-and-techm-544759-2026-07-23
TCS,NSE,2026-07-23 11:45:00+00:00,gdelt:rediff.com,"Indian Stock Markets Decline Fourth Day on Surging Crude Oil Prices , West Asia Tensions",,https://www.rediff.com/business/report/indian-stock-markets-decline-fourth-day-on-surging-crude-oil-prices-west-asia-tensions/20260723.htm
TCS,NSE,2026-07-23 12:00:00+00:00,gdelt:punjabkesari.in,"कच्चे तेल के दाम में उछाल से शेयर बाजार में चौथे दिन गिरावट , सेंसेक्स 364 अंक टूटा - stock market falls bse drops 363 66 points to close at 76 391",,https://www.punjabkesari.in/business/news/stock-market-falls-bse-drops-363-66-points-to-close-at-76-391-2360593
TCS,NSE,2026-07-23 12:15:00+00:00,gdelt:thehindu.com,Stock markets extend losses to fourth day on surging crude oil prices,,https://www.thehindu.com/business/markets/stock-markets-extend-losses-to-fourth-day-on-surging-crude-oil-prices/article71257623.ece
TCS,NSE,2026-07-23 16:45:00+00:00,gdelt:indianewengland.com,"Sensex , Nifty Fall for Fourth Straight Session as US - Iran Tensions Lift Oil Prices",,https://indianewengland.com/sensex-nifty-fall-for-fourth-straight-session-as-us-iran-tensions-lift-oil-prices/
TCS,NSE,2026-07-23 17:30:00+00:00,gdelt:ibtimes.co.in,"Markets extend losses : Sensex drops 364 points , Nifty below 23 , 900 on oil price concerns",,https://www.ibtimes.co.in/markets-extend-losses-sensex-drops-364-points-nifty-below-23900-oil-price-concerns-904109
TCS,NSE,2026-07-23 21:15:00+00:00,gdelt:tribuneindia.com,Residents seek shifting of TCS iON centre to Amritsar outskirts,,https://www.tribuneindia.com/news/amritsar/residents-seek-shifting-of-tcs-ion-centre-to-amritsar-outskirts/
TCS,NSE,2026-07-27 12:06:03+00:00,marketaux:thehindubusinessline.com,"Chandigarh University MBA Students Secure 2,605 Job Offers from 300+ Leading MNCs in 2025 & 2026; 196 Students Receive Multiple Offers","Chandigarh University MBA Students Secure 2,605 Job Offers from 300+ Leading MNCs in 2025 & 2026; 196 Students Receive Multiple Offers

From Banking to IT, FinTech & FMCG: Students land in top MNCs with a highest package of ₹20.40 LPA

CHANDIGARH, India , July 27, 2026 /PRNewswire/ -- Chandiga...",https://www.thehindubusinessline.com/brandhub/pr-release/chandigarh-university-mba-students-secure-2-605-job-offers-from-300-leading-mncs-in-2025-2026-196-students-receive-multiple-offers/article71272661.ece
TCS,NSE,2026-07-28 03:30:00+00:00,gdelt:moneycontrol.com,"Trade Spotlight : How should you trade United Breweries , Max Healthcare , ITC , Pidilite Industries , TCS , Colgate Palmolive , and others on July 28 ?",,https://www.moneycontrol.com/news/business/markets/trade-spotlight-how-should-you-trade-united-breweries-max-healthcare-itc-pidilite-industries-tcs-colgate-palmolive-and-others-on-july-28-13985130.html
TCS,NSE,2026-07-28 05:07:41+00:00,marketaux:rediff.com,"Stock Markets Today: Sensex, Nifty climb in early trade","Indian benchmark indices Sensex and Nifty saw gains in early trade, driven by a decline in crude oil prices due to easing geopolitical tensions in West Asia and strong buying interest in the IT sector.

Indian stock markets, including the Sensex and Nifty, experienced an upward trend in early trading, buoyed by a significant drop in crude oil prices and robust ...",https://www.rediff.com/business/report/indian-stock-markets-on-july28-gain-lower-crude-oil-prices--it-sector-drive-early-trade-rally/20260728.htm
TCS,NSE,2026-07-28 05:15:00+00:00,gdelt:thehindu.com,"Tata Sons to focus on AI , semiconductors , aviation and advanced manufacturing : FY26 Annual Report",,https://www.thehindu.com/business/tata-sons-to-focus-on-ai-semiconductors-aviation-and-advanced-manufacturing-fy26-annual-report/article71275453.ece
TCS,NSE,2026-07-28 05:45:00+00:00,gdelt:thehindu.com,Stock markets climb in early deals on lower crude oil prices,,https://www.thehindu.com/business/markets/stock-markets-climb-in-early-deals-on-lower-crude-oil-prices/article71275559.ece
TCS,NSE,2026-07-28 06:15:00+00:00,gdelt:freepressjournal.in,"Sensex Sheds Losses After Declining 130 Points , Nifty Trades Marginally Down Amid Geopolitical Uncertainty",,https://www.freepressjournal.in/business/sensex-sheds-losses-after-declining-130-points-nifty-trades-marginally-down-amid-geopolitical-uncertainty
TCS,NSE,2026-07-28 08:45:00+00:00,gdelt:bestmediainfo.com,Darwinbox appoints Akshay Murthy as Vice President and India Country Head,,https://bestmediainfo.com/mediainfo/mediainfo-marketing/darwinbox-appoints-akshay-murthy-as-vice-president-and-india-country-head-12204053
TCS,NSE,2026-07-28 09:30:00+00:00,gdelt:pradeshtoday.com,"भारतीय शेयर बाजार में तेजी की शुरुआत , आईटी सेक्टर में जोरदार उछाल – Pradesh Today",,https://pradeshtoday.com/2026/07/28/indian-stock-market-opens-higher-strong-surge-in-it-sector/
TCS,NSE,2026-07-28 11:26:31+00:00,marketaux:rediff.com,Indian Equities End Flat as Global Central Bank Meetings Loom,"Indian benchmark indices Sensex and Nifty ended flat on Tuesday, with the Sensex dipping nearly 70 points, as investor sentiment turned cautious ahead of crucial global central bank policy meetings and a significant sell-off in Asian markets.

Indian benchmark indices Sensex and Nifty concluded Tuesday's trading session largely flat, reflecting investor caution ahead of critical global central bank po...",https://www.rediff.com/business/report/indian-stock-markets-flat-sensex-nifty-dip-ahead-of-global-central-bank-meetings/20260728.htm
TCS,NSE,2026-07-28 14:30:00+00:00,gdelt:3blmedia.com,TCS Wins Inaugural Points of Light Award for Volunteer Lead,,https://www.3blmedia.com/news/tcs-wins-inaugural-points-light-award-volunteer-leadership-training-program
TCS,NSE,2026-07-28 16:15:00+00:00,gdelt:theindianawaaz.com,"Share Bazar July 28 : IT शेयरों की तेजी ने FMCG की कमजोरी को थामा , निफ्टी 24 , 000 के नीचे बंद – The Indian Awaaz",,https://theindianawaaz.com/share-bazar-nifty-slips-below-24000-it-sector-rallies-3-3/
TCS,NSE,2026-07-28 21:00:00+00:00,gdelt:dailymaverick.co.za,"Unlike in India , SA young people misdirect their rage",,https://www.dailymaverick.co.za/opinionista/2026-07-28-youthquake-unlike-indias-targeted-protests-sas-young-people-are-misdirecting-their-economic-fury/
TCS,NSE,2026-08-01 08:00:00+00:00,gdelt:rediff.com,Indian Markets Outperform Global Peers in July,,https://www.rediff.com/business/report/indian-markets-outperform-global-peers-in-july/20260801.htm
TCS,NSE,2026-08-03 04:56:58+00:00,marketaux:rediff.com,"Stock Markets Today: Sensex, Nifty Surge on Lower Crude Prices, Easing Geopolitical Tensions","Indian stock market benchmark indices, Sensex and Nifty, saw significant gains in early trade, driven by a sharp decline in crude oil prices and easing geopolitical tensions, alongside renewed foreign fund inflows.

Indian stock markets, including the Sensex and Nifty, experienced a robust surge in early trade, propelled by a sharp drop in crude oil prices and a significant...",https://www.rediff.com/business/report/sensex-nifty-surge-on-august3-crude-oil-prices-drop-geopolitical-tensions-ease-boosting-indian-markets/20260803.htm
TCS,NSE,2026-08-03 12:16:37+00:00,marketaux:rediff.com,"Indian Equities Surge for Fourth Day Amid Falling Crude, FII Inflows","Indian benchmark stock indices, Sensex and Nifty, extended their winning streak to a fourth day, with Nifty surging 1.60 per cent, driven by a sharp decline in crude oil prices and renewed foreign fund inflows.

Indian stock markets extended their winning run for a fourth consecutive day, with the Nifty surging 1.60 per cent, as a sharp decline in crude oil prices and r...",https://www.rediff.com/business/report/indian-stock-market-rally-continues-nifty-surges-16-as-crude-oil-prices-drop/20260803.htm
TCS,NSE,2026-08-04 03:45:00+00:00,gdelt:timesofindia.indiatimes.com,Stock Market Today Live Updates : Where are NSE Nifty50 and BSE Sensex headed ?,,https://timesofindia.indiatimes.com/business/india-business/sensex-stock-market-today-04-august-2026-live-updates-nse-bse-gift-nifty-50-top-gainers-losers-mcx-stocks-in-focus-market-news/liveblog/132845472.cms
TCS,NSE,2026-08-04 04:00:00+00:00,gdelt:moneycontrol.com,"Trump admin plans H - 1B fee for visa extensions , Indian professionals likely to be hit",,https://www.moneycontrol.com/world/trump-admin-plans-h-1b-fee-for-visa-extensions-indian-professionals-likely-to-be-hit-article-13993096.html
TCS,NSE,2026-08-04 05:15:00+00:00,gdelt:tarunbharat.com,Bullish sentiment in the market ahead of quarterly results .,,https://www.tarunbharat.com/bullish-sentiment-in-the-market-ahead-of-quarterly-results/
TCS,NSE,2026-08-04 05:25:18+00:00,marketaux:rediff.com,"Stock Markets Today: Sensex Rises, Nifty Sinks as New Closing Auction Session Takes Effect","Indian benchmark stock indices, Sensex and Nifty, experienced mixed trading following the introduction of a new Closing Auction Session (CAS) for shares with futures and options (F&O) contracts, aimed at enhancing price discovery transparency. Track Sensex, Nifty on August 4

Indian stock markets are experiencing mixed trading following the implementation of a new Closing Auction Session for F&O shares, a move designed to bring great...",https://www.rediff.com/business/report/indian-stock-markets-mixed-on-august4-after-new-closing-auction-session-introduction/20260804.htm
TCS,NSE,2026-08-04 07:00:00+00:00,gdelt:dailypioneer.com,"Sensex Jumps 544 Points , Nifty Soars 1 . 6 % as Falling Crude Lifts Market Sentiment",,https://dailypioneer.com/news/stock-markets-rally-for-4th-straight-day
TCS,NSE,2026-08-04 17:45:00+00:00,gdelt:thehindubusinessline.com,LIC investment portfolio shifts decisively away from loans,,https://www.thehindubusinessline.com/data-stories/data-focus/lics-investment-portfolio-shifts-decisively-away-from-loans/article71305790.ece
TCS,NSE,2026-08-05 04:00:00+00:00,gdelt:economictimes.indiatimes.com,Inside LIC Rs 16 lakh crore portfolio : Its biggest stock buys and sells in June quarter,,https://economictimes.indiatimes.com/markets/stocks/news/inside-lics-rs-16-lakh-crore-portfolio-its-biggest-stock-buys-and-sells-in-june-quarter/articleshow/132886296.cms
TCS,NSE,2026-08-05 05:30:00+00:00,gdelt:newkerala.com,"Sensex , Nifty Up Ahead of RBI Policy Outcome",,https://www.newkerala.com/news/a/indian-equity-markets-open-higher-ahead-rbis-policy-947.htm
TCS,NSE,2026-08-05 05:30:00+00:00,gdelt:punjabkesari.in,कच्चे तेल की कीमतों में गिरावट से घरेलू शेयर बाजार में तेजी - domestic stock markets rally on falling crude oil prices,,https://www.punjabkesari.in/business/news/domestic-stock-markets-rally-on-falling-crude-oil-prices-2365296
TCS,NSE,2026-08-05 05:45:00+00:00,gdelt:prokerala.com,Indian equity markets open higher ahead of RBI policy outcome,,https://www.prokerala.com/news/articles/a1796509.html
TCS,NSE,2026-08-05 06:15:00+00:00,gdelt:thehindu.com,Markets climb in early trade on falling crude oil prices ; RBI monetary policy decision awaited,,https://www.thehindu.com/business/markets/markets-climb-in-early-trade-on-falling-crude-oil-prices-rbi-monetary-policy-decision-awaited/article71308145.ece
TCS,NSE,2026-08-05 12:45:00+00:00,gdelt:rediff.com,"Volatile trading session on RBI big day , Sensex holds steady with 152 - point gain",,https://www.rediff.com/business/report/volatile-trading-session-on-rbis-big-day-sensex-holds-steady-with-152-point-gain/20260805.htm
TCS,NSE,2026-08-05 17:45:00+00:00,gdelt:moneycontrol.com,"H - 1B visa shock for Indians ? Trump new fee plan could cost IT firms millions , here what it means",,https://www.moneycontrol.com/world/h-1b-visa-shock-for-indians-trump-s-new-fee-plan-could-cost-it-firms-millions-here-s-what-it-means-explained-article-13995762.html
TCS,NSE,2026-08-05 22:00:00+00:00,gdelt:rediff.com,Air India picks leader who quadrupled Ethiopian Airline revenue,,https://www.rediff.com/business/report/air-india-picks-leader-who-quadrupled-ethiopian-airlines-revenue/20260806.htm
TCS,NSE,2026-08-07 02:30:00+00:00,gdelt:channellife.news,SlateWorks wins ABBYY hackathon with mortgage auditor,,https://channellife.news/story/slateworks-wins-abbyy-hackathon-with-mortgage-auditor
TCS,NSE,2026-08-07 04:45:00+00:00,gdelt:moneycontrol.com,Tata Chemicals shares rise up to 5 % as RBI retains Tata Sons in the Upper Layer NBFC list : Here why,,https://www.moneycontrol.com/news/business/markets/tata-chemicals-shares-rise-up-to-5-as-rbi-retains-tata-sons-in-the-upper-layer-nbfc-list-here-s-why-13997259.html
TCS,NSE,2026-08-07 06:00:00+00:00,gdelt:timesofindia.indiatimes.com,TCS Nashik case : AIMIM corporator arrested for sheltering accused female staffer,,https://timesofindia.indiatimes.com/city/nashik/tcs-nashik-case-aimim-corporator-arrested-for-sheltering-accused-female-staffer/articleshow/133021841.cms
TCS,NSE,2026-08-07 06:30:00+00:00,gdelt:newsweek.com,H - 1B Visa Renewal Change Could Cost Companies Millions,,https://www.newsweek.com/h-1b-visa-renewal-change-could-cost-companies-millions-12291145
TCS,NSE,2026-08-09 04:00:00+00:00,gdelt:theweek.in,From IT to construction : How AI is reshaping India job market for Gen Z,,https://www.theweek.in/theweek/specials/2026/08/08/from-it-to-construction-how-ai-is-reshaping-indias-job-market-for-gen-z.html
TCS,NSE,2026-08-09 04:51:35+00:00,marketaux:economictimes.indiatimes.com,Mcap of four of top-10 most valued firms jumps Rs 1.43 lakh cr; State Bank biggest winner,"In a notable surge, four leading Indian corporations experienced an impressive rise in market valuations, totaling Rs 1.43 lakh crore. The State Bank of India led the charge, boosting its valuation by Rs 63,922 crore. Other notable gainers included Reliance Industries, TCS, and Larsen & Toubro, while LIC, Bajaj Finance, and HDFC Bank suffered significant losses in their valuations.

Live Events



as a Reliable and Trusted News Source Addas a Reliable and Trusted News Source Add Now!

(You can now subscribe to our

(You can now subscribe to...",https://economictimes.indiatimes.com/markets/stocks/news/mcap-of-four-of-top-10-most-valued-firms-jumps-rs-1-43-lakh-cr-state-bank-biggest-winner/articleshow/133062390.cms
TCS,NSE,2026-08-09 05:01:34+00:00,marketaux:thehindubusinessline.com,Mcap of four of top-10 most valued firms jumps ₹1.43 lakh crore; State Bank biggest winner,"The combined market valuation of four of the top-10 most valued firms jumped ₹1.43 lakh crore last week, with State Bank of India emerging as the biggest gainer.

The combined market valuation of four of the top-10 most valued firms jumped ₹1.43 lakh crore last week, with State Bank of India emerging as the biggest gain...",https://www.thehindubusinessline.com/markets/mcap-of-four-of-top-10-most-valued-firms-jumps-143-lakh-crore-state-bank-biggest-winner/article71324072.ece
TCS,NSE,2026-08-09 06:00:00+00:00,gdelt:tribuneindia.com,Mcap of 4 of top - 10 most valued firms jumps Rs 1 . 43 lakh crore ; SBI biggest winner,,https://www.tribuneindia.com/news/business/mcap-of-4-of-top-10-most-valued-firms-jumps-rs-1-43-lakh-crore-sbi-biggest-winner/
TCS,NSE,2026-08-09 06:00:00+00:00,gdelt:hindi.business-standard.com,"MCap : शेयर बाजार में उछाल से चार कंपनियों का मार्केट कैप 1 . 43 लाख करोड़ बढ़ा , SBI रहा टॉप गैनर - sbi leads market cap gains among india s top companies",,https://hindi.business-standard.com/markets/sbi-leads-market-cap-gains-among-india-s-top-companies-id-543196/
TCS,NSE,2026-08-09 07:15:00+00:00,gdelt:livehindustan.com,"टॉप - 10 कंपनियों में बड़ा उलटफेर ! SBI समेत 4 को फायदा , इन 6 कंपनियों के ₹1 . 23 लाख करोड़ स्वाहा",,https://www.livehindustan.com/business/sbi-market-cap-top-10-companies-market-value-august-2026-check-details-201786252150918.html
TCS,NSE,2026-08-09 07:45:00+00:00,gdelt:prokerala.com,4 top - valued firms add Rs 1 . 43 lakh crore in market cap last week,,https://www.prokerala.com/news/articles/a1798187.html
TCS,NSE,2026-08-09 08:00:00+00:00,gdelt:moneycontrol.com,Mcap of four of top - 10 valued firms jumps Rs 1 . 43 lakh cr ; SBI biggest gainer,,https://www.moneycontrol.com/news/business/markets/mcap-of-four-of-top-10-valued-firms-jumps-rs-1-43-lakh-cr-sbi-biggest-gainer-13998964.html
TCS,NSE,2026-08-09 08:45:00+00:00,gdelt:economictimes.indiatimes.com,"Q1 Results Tracker : Tata Motors , Vodafone Idea among 2 , 045 companies set to announce earnings this week",,https://economictimes.indiatimes.com/markets/stocks/earnings/q1-results-tracker-tata-motors-vodafone-idea-among-2045-companies-set-to-announce-earnings-this-week/articleshow/133062827.cms
TCS,NSE,2026-08-09 09:45:00+00:00,gdelt:newkerala.com,"Top Firms Add Rs 1 . 43 Lakh Crore ; SBI Leads , LIC Falls",,https://www.newkerala.com/news/a/top-valued-firms-add-rs-143-lakh-crore-market-853.htm
TCS,NSE,2026-08-09 10:00:00+00:00,gdelt:timesofindia.indiatimes.com,Market recap : Four of top 10 firms add Rs 1 . 43 lakh crore ; SBI bags biggest gains,,https://timesofindia.indiatimes.com/business/india-business/market-recap-four-of-top-10-firms-add-rs-1-43-lakh-crore-sbi-bags-biggest-gains/articleshow/133065010.cms
TCS,NSE,2026-08-09 11:00:00+00:00,gdelt:hindi.business-standard.com,"MCap : शेयर बाजार में उछाल से चार कंपनियों का मार्केट कैप 1 . 43 लाख करोड़ बढ़ा , SBI रहा टॉप गेनर - sbi leads market cap gains among india s top companies",,https://hindi.business-standard.com/markets/sbi-leads-market-cap-gains-among-india-s-top-companies-id-543196
TCS,NSE,2026-08-09 17:15:00+00:00,gdelt:tarunmitra.in,"मार्केट कैप में बड़ा उलटफेर , SBI और रिलायंस को हुआ फायदा",,https://www.tarunmitra.in/business/market-cap-of-6-of-the-top-10-companies-reduced/article-157169
TCS,NSE,2026-08-10 11:51:16+00:00,marketaux:rediff.com,"Indian Markets Marginally Higher Amid Crude Oil Spike, Geopolitical Uncertainty","Indian benchmark indices closed marginally higher, with the Sensex gaining over 43 points and the Nifty remaining flat, as a spike in crude oil prices due to geopolitical uncertainties tempered risk appetite.

Indian stock markets saw marginal gains today, with the Sensex climbing over 43 points and the Nifty remaining flat, as a significant spike in crude oil prices,...",https://www.rediff.com/business/report/indian-stock-markets-edge-up-as-crude-oil-prices-surge-on-geopolitical-concerns/20260810.htm
