asset,exchange,published_at,source,text,positive_probability,neutral_probability,negative_probability,sentiment_score
RELIANCE,marketaux:economictimes.indiatimes.com,2026-07-07 04:02:17+00:00,marketaux:economictimes.indiatimes.com,"Reliance Industries Limited has extended its Coal Bed Methane production contract with South West Pinnacle Exploration. This awarded work is expected to generate revenue from the second quarter of FY 2026-27. South West Pinnacle Exploration also received a separate contract from CMPDI for exploration services. This pact valued at Rs 5.89 crore will strengthen SWPE's order book. The exploration work is scheduled for completion within 180 days.

Synopsis

Reliance Industries Limited has extended its Coal Bed Methane production contract with South West Pinnacle Exploration. This awarded work is expected ...",0.9267239570617676,0.06479459255933762,0.00848139077425003,0.9182425662875175
RELIANCE,marketaux:economictimes.indiatimes.com,2026-07-07 15:53:41+00:00,marketaux:economictimes.indiatimes.com,"Indian equities ended lower after four straight gains as profit booking, weak global cues and caution ahead of the US Fed minutes weighed on sentiment. IT stocks remained resilient, while analysts expect earnings, monsoon progress, stable rupee and foreign inflows to guide near-term market direction.

Live Events



as a Reliable and Trusted News Source Addas a Reliable and Trusted News Source Add Now!

(You can now subscribe to our

(You can now subscribe to...",0.48559045791625977,0.08312733471393585,0.43128228187561035,0.054308176040649414
RELIANCE,gdelt:manilatimes.net,2026-07-10 01:30:00+00:00,gdelt:manilatimes.net,NEXT Properties Announces the Termination of Its Tender Offer for,0.016292179003357887,0.24490801990032196,0.7387998104095459,-0.722507631406188
RELIANCE,gdelt:mondaq.com,2026-07-10 01:30:00+00:00,gdelt:mondaq.com,Proposed EB - 5 Changes : What Investors And Regional Centers Should Know Now,0.037986986339092255,0.9407777786254883,0.021235214546322823,0.016751771792769432
RELIANCE,gdelt:fool.com,2026-07-10 02:45:00+00:00,gdelt:fool.com,D - Wave Quantum vs . Rigetti Computing : Which Quantum Computing Stock Is a Better Buy in 2026 ?,0.0932277962565422,0.8933050632476807,0.013467102311551571,0.07976069394499063
RELIANCE,gdelt:usa.chinadaily.com.cn,2026-07-10 02:45:00+00:00,gdelt:usa.chinadaily.com.cn,Scientists vow quicker path to applications,0.4115104377269745,0.5749078989028931,0.013581710867583752,0.39792872685939074
RELIANCE,gdelt:japan.cnet.com,2026-07-10 03:00:00+00:00,gdelt:japan.cnet.com,"アルミニウム市場は輸送 、 建設 、 持続可能な製造分野での需要拡大を背景に2030年までに2 , 570億ドルを突破へ",0.10787194222211838,0.8523629307746887,0.03976511210203171,0.06810683012008667
RELIANCE,gdelt:forbes.com,2026-07-10 03:15:00+00:00,gdelt:forbes.com,Meet The Small Indian Firm Building A Missile - Tracking System For Space,0.19682936370372772,0.7950289249420166,0.008141642436385155,0.18868772126734257
RELIANCE,gdelt:siliconindia.com,2026-07-10 03:45:00+00:00,gdelt:siliconindia.com,"India , Australia , Canada Form Tech Triangle To Boost AI , Minerals",0.6825425028800964,0.30864477157592773,0.00881265476346016,0.6737298481166363
RELIANCE,gdelt:ghanamma.com,2026-07-10 04:00:00+00:00,gdelt:ghanamma.com,"Ghana as a Strategic and Dynamic Partner for Russia in West Africa : A Deep Dive into Economic , Diplomatic , and Technological Collaboration – Ghanamma . com",0.3186678886413574,0.6725451946258545,0.008786939084529877,0.30988094955682755
RELIANCE,gdelt:etoday.co.kr,2026-07-10 04:00:00+00:00,gdelt:etoday.co.kr,"KB운용 ,  RISE 차이나AI반도체TOP4Plus ETF  주목 … 중국 AI 반도체 투자 기회",0.13978619873523712,0.8441156148910522,0.016098203137516975,0.12368799559772015
RELIANCE,gdelt:greenleft.org.au,2026-07-10 04:45:00+00:00,gdelt:greenleft.org.au,New research finds Labor Safeguard Mechanism is failing,0.036605335772037506,0.2744837701320648,0.6889109015464783,-0.6523055657744408
RELIANCE,gdelt:businessday.co.za,2026-07-10 05:15:00+00:00,gdelt:businessday.co.za,AYABONGA CAWE | Regional value chains will determine Sacu future,0.050566814839839935,0.937167227268219,0.012266024015843868,0.03830079082399607
RELIANCE,gdelt:forbes.com,2026-07-10 06:00:00+00:00,gdelt:forbes.com,Get A Grandstand View Of Indian Two - Wheeler Titan TVS Motor Global Race,0.04068734869360924,0.9407674670219421,0.01854519732296467,0.02214215137064457
RELIANCE,gdelt:miragenews.com,2026-07-10 06:15:00+00:00,gdelt:miragenews.com,Exercise Set to Boost Regional Economies,0.8491695523262024,0.13889044523239136,0.011940022930502892,0.8372295293956995
RELIANCE,gdelt:unitaid.eu,2026-07-10 06:30:00+00:00,gdelt:unitaid.eu,The Future Of Display Technology : Understanding Digital Ink Innovations,0.10889875888824463,0.8784266114234924,0.01267461571842432,0.09622414316982031
RELIANCE,gdelt:investegate.co.uk,2026-07-10 06:30:00+00:00,gdelt:investegate.co.uk,Transaction in Own Shares | Company Announcement,0.03002335876226425,0.9508234858512878,0.019153108820319176,0.010870249941945076
RELIANCE,gdelt:navbharattimes.indiatimes.com,2026-07-10 07:00:00+00:00,gdelt:navbharattimes.indiatimes.com,"Petrol Diesel Export : 90 % कच्चा तेल आयात करने वाला भारत पेट्रोल - डीजल का एक्सपोर्ट बढ़ाने की तैयारी में , क्या है प्लान ?",0.09509621560573578,0.8847848773002625,0.02011893317103386,0.07497728243470192
RELIANCE,gdelt:philstar.com,2026-07-10 07:15:00+00:00,gdelt:philstar.com,The rise of human - centered AI : This chatbot learned to speak Filipino,0.11629102379083633,0.8713100552558899,0.012398938648402691,0.10389208514243364
RELIANCE,gdelt:lokmat.com,2026-07-10 07:30:00+00:00,gdelt:lokmat.com,IT शेअर्सच्या जोरावर शेअर बाजारात मोठी तेजी ; अवघ्या काही मिनिटांत गुंतवणूकदारांची ₹४ . ५९ लाख कोटींची कमाई ...,0.048097360879182816,0.9270956516265869,0.024806957691907883,0.023290403187274933
RELIANCE,gdelt:economictimes.indiatimes.com,2026-07-10 07:30:00+00:00,gdelt:economictimes.indiatimes.com,Critical mineral push calls for board - level focus on communication : Experts,0.13785848021507263,0.8523039221763611,0.00983759481459856,0.12802088540047407
RELIANCE,gdelt:moneycontrol.com,2026-07-10 07:30:00+00:00,gdelt:moneycontrol.com,"Sensex Today | Stock Market Live : Sensex up 700 pts , Nifty above 24 , 150 ; Dixon , Cupid , TCS , Kalyan Jeweller most active",0.8884525299072266,0.09469510614871979,0.01685231737792492,0.8716002125293016
RELIANCE,gdelt:businesstimes.com.sg,2026-07-10 08:15:00+00:00,gdelt:businesstimes.com.sg,A tale of two Chinas,0.07447385042905807,0.8840794563293457,0.041446708142757416,0.03302714228630066
RELIANCE,gdelt:en.people.cn,2026-07-10 09:15:00+00:00,gdelt:en.people.cn,Scientists vow quicker path to applications - People Daily Online,0.11113453656435013,0.8752106428146362,0.013654809445142746,0.09747972711920738
RELIANCE,gdelt:sbctv.gr,2026-07-10 10:45:00+00:00,gdelt:sbctv.gr,"Κίνα μπλοκάρει προσωρινά τις εξαγωγές ηλίου , ανησυχία για εφοδιασμό",0.09759064763784409,0.8820626139640808,0.020346660166978836,0.07724398747086525
RELIANCE,gdelt:civilserviceworld.com,2026-07-10 10:45:00+00:00,gdelt:civilserviceworld.com,DWP teams win award for work to improve poverty and incomes stats,0.905314028263092,0.07683084160089493,0.017855163663625717,0.8874588645994663
RELIANCE,gdelt:unitaid.eu,2026-07-10 11:00:00+00:00,gdelt:unitaid.eu,Exploring Career Opportunities In KeloLand : A Comprehensive Guide,0.08184784650802612,0.9041609168052673,0.013991189189255238,0.06785665731877089
RELIANCE,gdelt:freepressjournal.in,2026-07-10 11:15:00+00:00,gdelt:freepressjournal.in,"Sensex Jumps 828 Points To 77 , 569 , Nifty Climbs 244 Points To Close Above 24 , 200 As Broad - Based Buying Lifts Markets",0.9055759310722351,0.04965813085436821,0.044766031205654144,0.860809899866581
RELIANCE,gdelt:orissapost.com,2026-07-10 11:15:00+00:00,gdelt:orissapost.com,Markets rally for 2nd day ; Sensex jumps over 800 points,0.8046977519989014,0.11652208864688873,0.0787801593542099,0.7259175926446915
RELIANCE,gdelt:vietnamnews.vn,2026-07-10 12:30:00+00:00,gdelt:vietnamnews.vn,Tech ambitions hinge on institutional success,0.12787652015686035,0.8404026031494141,0.031720876693725586,0.09615564346313477
RELIANCE,gdelt:euronews.com,2026-07-10 12:30:00+00:00,gdelt:euronews.com,From AI to greenlash : How is climate disinformation evolving ?,0.04137762635946274,0.9219740033149719,0.036648400127887726,0.004729226231575012
RELIANCE,gdelt:moneycontrol.com,2026-07-10 12:30:00+00:00,gdelt:moneycontrol.com,"Taking Stock : Recovery extends for second day ; Nifty tops 24 , 200 , Sensex jumps 828 pts",0.8164469599723816,0.11936189234256744,0.06419112533330917,0.7522558346390724
RELIANCE,gdelt:nobat.com,2026-07-10 12:45:00+00:00,gdelt:nobat.com,જામનગર જિલ્લાના કાનાલુસમાં બે હજારની ક્ષમતા સાથેની ગ્રામ સમાજવાડીનું ખાતમુહૂર્ત,0.06654239445924759,0.8865028619766235,0.0469546765089035,0.019587717950344086
RELIANCE,gdelt:finanznachrichten.de,2026-07-10 13:00:00+00:00,gdelt:finanznachrichten.de,Largo Inc .: Largo Announces Receipt of Nasdaq Notification Regarding Minimum Bid Price Deficiency,0.07116148620843887,0.7771269083023071,0.15171153843402863,-0.08055005222558975
RELIANCE,gdelt:manilatimes.net,2026-07-10 13:00:00+00:00,gdelt:manilatimes.net,"Wrap Technologies Inc . ( NASDAQ : WRAP ) Enters Strategic Transaction , Acquires US and NATO Distribution Rights to Physics - Based Sensing Tech",0.2704882025718689,0.7217575311660767,0.007754320278763771,0.2627338822931051
RELIANCE,gdelt:nakedcapitalism.com,2026-07-10 13:15:00+00:00,gdelt:nakedcapitalism.com,Europe Gathering Backlash Against Palantir Hits NATO Resistance,0.03885876387357712,0.09010987728834152,0.8710312843322754,-0.8321725204586983
RELIANCE,gdelt:hindi.moneycontrol.com,2026-07-10 13:15:00+00:00,gdelt:hindi.moneycontrol.com,"Market Outlook : बाजार में लगातार दूसरे दिन दिखी तेजी , जानिए 13 जुलाई को कैसी रह सकती है सेंसेक्स - निफ्टी की चाल",0.07541849464178085,0.9041683077812195,0.020413177087903023,0.05500531755387783
RELIANCE,gdelt:thestarphoenix.com,2026-07-10 13:15:00+00:00,gdelt:thestarphoenix.com,A Past - Producing Nevada Tungsten Mine Just Lit Up in Soil - and Western Star Is Already Expanding the Hunt,0.3240376114845276,0.6667967438697815,0.009165618568658829,0.31487199291586876
RELIANCE,gdelt:thezimbabwemail.com,2026-07-10 14:15:00+00:00,gdelt:thezimbabwemail.com,How moving from single - use to reusable packaging protects firms from geopolitical turmoil - The Zimbabwe Mail How moving from single - use to reusable packaging protects firms from geopolitical turmoil | Zimbabwe News,0.19183477759361267,0.7874423861503601,0.02072278782725334,0.17111198976635933
RELIANCE,gdelt:moneycontrol.com,2026-07-10 14:15:00+00:00,gdelt:moneycontrol.com,Sovereignty by design : Industry applauds Gujarat new data centre policy and subsidies,0.7814445495605469,0.20768702030181885,0.010868415236473083,0.7705761343240738
RELIANCE,gdelt:zerohedge.com,2026-07-10 14:15:00+00:00,gdelt:zerohedge.com,Futures Flat As Traders Brace For Weekend Iran Escalation,0.06212921440601349,0.13763795793056488,0.8002328872680664,-0.7381036728620529
RELIANCE,gdelt:vaartha.com,2026-07-10 15:15:00+00:00,gdelt:vaartha.com,Stock Market : షేర్‌ మార్కెట్‌లో జోరు .. 827 పాయింట్లు లాభపడ్డ,0.02588668465614319,0.9355030059814453,0.03861025348305702,-0.012723568826913834
RELIANCE,gdelt:globaltimes.cn,2026-07-10 17:30:00+00:00,gdelt:globaltimes.cn,US - India relations : Strategic clarity amid waning enthusiasm,0.9384732842445374,0.043290842324495316,0.018235865980386734,0.9202374182641506
RELIANCE,gdelt:jdsupra.com,2026-07-10 17:45:00+00:00,gdelt:jdsupra.com,US Legal Updates for Japanese Companies from the First Half of 2026 | Hughes Hubbard & Reed LLP,0.025307834148406982,0.9121049046516418,0.06258724629878998,-0.037279412150382996
RELIANCE,gdelt:indiainfoline.com,2026-07-10 17:45:00+00:00,gdelt:indiainfoline.com,"Closing Bell : Sensex Surges Over 825 Points , Nifty Reclaims 24 , 200 as TCS - Led IT Rally , Lower Crude Prices and Positive Global Cues Lift Markets",0.9163127541542053,0.0320984311401844,0.051588818430900574,0.8647239357233047
RELIANCE,gdelt:economictimes.indiatimes.com,2026-07-10 18:00:00+00:00,gdelt:economictimes.indiatimes.com,Indigenous stealth frigate Mahendragiri set for Navy commissioning,0.18379566073417664,0.8033156394958496,0.012888731434941292,0.17090692929923534
RELIANCE,gdelt:lbc.co.uk,2026-07-10 18:45:00+00:00,gdelt:lbc.co.uk,Andy Burnham open - minded over approval of more oil and gas licences in the North Sea in a bid to help reindustrialise Britain,0.7834420204162598,0.1867494434118271,0.02980850078165531,0.7536335196346045
RELIANCE,gdelt:philstar.com,2026-07-10 19:15:00+00:00,gdelt:philstar.com,RCBC backs Yuchengco BESS project in Capiz,0.07935436815023422,0.9096242189407349,0.011021473444998264,0.06833289470523596
RELIANCE,gdelt:unitaid.eu,2026-07-10 19:30:00+00:00,gdelt:unitaid.eu,Understanding 24 - Hour Booking : Convenience And Flexibility In Modern Services,0.23878410458564758,0.751735270023346,0.00948060117661953,0.22930350340902805
RELIANCE,gdelt:dw.com,2026-07-10 19:45:00+00:00,gdelt:dw.com,چرا آمریکا پل راه‌آهن آق‌قلا را هدف قرار داد ؟,0.10412788391113281,0.8691614866256714,0.02671055868268013,0.07741732522845268
RELIANCE,gdelt:theindianawaaz.com,2026-07-10 21:15:00+00:00,gdelt:theindianawaaz.com,"July 10 : Markets Rally Over 1 %; Nifty Reclaims 24 , 200 on IT , Banking Strength – The Indian Awaaz",0.9260010123252869,0.04014537110924721,0.033853694796562195,0.8921473175287247
RELIANCE,gdelt:manilatimes.net,2026-07-10 21:15:00+00:00,gdelt:manilatimes.net,MDWerks Appoints Jeff Hopmayer to Board of Directors as Molecular Targeting Technology Platform Expands Across Industrial Markets,0.14361509680747986,0.8433648943901062,0.013020017184317112,0.13059507962316275
RELIANCE,gdelt:hindi.business-standard.com,2026-07-10 21:30:00+00:00,gdelt:hindi.business-standard.com,"Indian stock market weekly wrap : शेयर बाजार में हफ्ते भर मची रही हलचल , रिलायंस और बैंकिंग शेयरों की दम पर आखिरी दिन हुई चौतरफा रिकवरी - indian stock market snaps weekly winning streak amid global tensions",0.6170194745063782,0.11977875977754593,0.2632018029689789,0.3538176715373993
RELIANCE,gdelt:manilatimes.net,2026-07-10 23:15:00+00:00,gdelt:manilatimes.net,FOBI AI Inc . Announces Revocation of Failure to File Cease Trade Order,0.016745032742619514,0.15052077174186707,0.832734227180481,-0.8159891944378614
RELIANCE,marketaux:timesofindia.indiatimes.com,2026-07-12 16:07:55+00:00,marketaux:timesofindia.indiatimes.com,"India Business News: NEW DELHI: Despite a weak week for benchmark indices, four of India's 10 most-valued companies added nearly Rs 93,000 crore to their combined market c.

HDFC Bank and Bharti Airtel emerged as the biggest gainers among India's top-10 most-valued firms

Performance of four gainers

HDFC Bank emerged as the biggest...",0.9413111209869385,0.026127196848392487,0.03256169334053993,0.9087494276463985
RELIANCE,gdelt:thisdaylive.com,2026-07-13 02:15:00+00:00,gdelt:thisdaylive.com,Kale : Geopolitical Shifts Offer Nigeria Historic Opportunity to Lead Africa Industrialisation – THISDAYLIVE,0.8759306073188782,0.11461526155471802,0.009454051963984966,0.8664765553548932
RELIANCE,gdelt:tarunmitra.in,2026-07-13 02:15:00+00:00,gdelt:tarunmitra.in,भारत ने रूस से खरीदा रिकॉर्ड 4 . 5 अरब यूरो का कच्चा तेल,0.0883110836148262,0.8915863633155823,0.020102528855204582,0.06820855475962162
RELIANCE,gdelt:davaotoday.com,2026-07-13 04:45:00+00:00,gdelt:davaotoday.com,IBON : PH economic model keeping millions of Filipinos poor,0.2419852912425995,0.7437900900840759,0.014224648475646973,0.22776064276695251
RELIANCE,gdelt:leadership.ng,2026-07-13 05:45:00+00:00,gdelt:leadership.ng,Africa Yawning Energy Gap Closing With Dangote Pan - African Refining Expansion,0.7521603107452393,0.13259285688400269,0.11524688452482224,0.636913426220417
RELIANCE,gdelt:organiser.org,2026-07-13 06:15:00+00:00,gdelt:organiser.org,PM Modi global diplomacy highlights Xi Jinping absence,0.09131862968206406,0.8914744853973389,0.01720689795911312,0.07411173172295094
RELIANCE,gdelt:economictimes.indiatimes.com,2026-07-13 06:15:00+00:00,gdelt:economictimes.indiatimes.com,"Goldman Sachs pegs Nifty target at 26 , 500 by June 2027 ; lists 15 stocks from key themes",0.07646485418081284,0.8986935615539551,0.02484152652323246,0.051623327657580376
RELIANCE,gdelt:thehindubusinessline.com,2026-07-13 07:45:00+00:00,gdelt:thehindubusinessline.com,"Q1 Results 13th July Live : HCL Tech shares jump ahead of results , ICICI Prudential AMC , Nuvoco Vistas Corporation , Bajaj Consumer Care , Khaitan Chemicals to announce Q1 results , Krishana Phoschem Q1 profit dips",0.020730238407850266,0.021836604923009872,0.9574331641197205,-0.9367029257118702
RELIANCE,gdelt:livemint.com,2026-07-13 07:45:00+00:00,gdelt:livemint.com,"ICICI Prudential Large Cap Fund portfolio : 3 new stocks added , GAIL among 4 exits in June",0.7707721590995789,0.20917865633964539,0.0200492050498724,0.7507229540497065
RELIANCE,gdelt:prnewswire.com,2026-07-13 07:45:00+00:00,gdelt:prnewswire.com,"Rock Tech Lithium Awarded $262 , 500 from Ontario Critical Minerals Innovation Fund to Advance Made - in - Ontario Lithium Supply Chain",0.9248899817466736,0.0659523457288742,0.009157663211226463,0.9157323185354471
RELIANCE,gdelt:moneycontrol.com,2026-07-13 08:15:00+00:00,gdelt:moneycontrol.com,Devson Catalyst SME IPO subscribed over 78x on Day 3 so far ; GMP surges to 38 %,0.935392439365387,0.04110682010650635,0.02350080944597721,0.9118916299194098
RELIANCE,gdelt:fnnews.com,2026-07-13 08:15:00+00:00,gdelt:fnnews.com,AI 주권  시대 ... K - AI 생태계 구축 전략 시급,0.04498826339840889,0.9313332438468933,0.023678459227085114,0.021309804171323776
RELIANCE,gdelt:unitaid.eu,2026-07-13 08:30:00+00:00,gdelt:unitaid.eu,Exploring Metro Nashville Jobs Openings : Your Guide To Careers In Music City Public Sector,0.042893629521131516,0.9124211072921753,0.04468531906604767,-0.001791689544916153
RELIANCE,gdelt:mining.com,2026-07-13 08:45:00+00:00,gdelt:mining.com,Press Release,0.0296334158629179,0.9052643775939941,0.06510216742753983,-0.035468751564621925
RELIANCE,gdelt:geeky-gadgets.com,2026-07-13 08:45:00+00:00,gdelt:geeky-gadgets.com,XREAL Aura Hands - on : Testing the Hybrid AR / VR Headset,0.09732627123594284,0.8914133906364441,0.011260335333645344,0.0860659359022975
RELIANCE,gdelt:stockhouse.com,2026-07-13 09:45:00+00:00,gdelt:stockhouse.com,2026 - 07 - 13 | Myriad Uranium Provides Update on Process to Close Acquisition of Rush Rare Metals : Rush Information Circular Has Been Filed and Meeting Date Set | CSE : M,0.032528385519981384,0.9483597278594971,0.019111908972263336,0.013416476547718048
RELIANCE,gdelt:sunlive.co.nz,2026-07-13 09:45:00+00:00,gdelt:sunlive.co.nz,SunLive - Hopes forestry bio hub bid would bring jobs - The Bay News First,0.3834574520587921,0.5966982245445251,0.01984429359436035,0.36361315846443176
RELIANCE,gdelt:countercurrents.org,2026-07-13 10:45:00+00:00,gdelt:countercurrents.org,Google - Raiden - Adani Data Centres in Vizag involve extensive environmental damage and gross human rights violations,0.024612216278910637,0.3710777759552002,0.6043099761009216,-0.579697759822011
RELIANCE,gdelt:ibtimes.co.uk,2026-07-13 10:45:00+00:00,gdelt:ibtimes.co.uk,Small - Cap Stocks Are Beating the S & P 500 by the Widest Margin Since 2003 : Is This Vanguard ETF the Top Choice ?,0.2332395762205124,0.7341909408569336,0.032569512724876404,0.200670063495636
RELIANCE,gdelt:theepochtimes.com,2026-07-13 10:45:00+00:00,gdelt:theepochtimes.com,China Helium Export Ban Raises New Risks for Global Supply Chains,0.032100263983011246,0.05073859542608261,0.9171611666679382,-0.885060902684927
RELIANCE,gdelt:portal.sina.com.hk,2026-07-13 11:00:00+00:00,gdelt:portal.sina.com.hk,Compass Diversified Announces Amendments to Management Services Agreement Reducing Management Costs and Further Strengthening Shareholder Alignment,0.9519236087799072,0.030801009386777878,0.017275312915444374,0.9346482958644629
RELIANCE,gdelt:brazilsun.com,2026-07-13 11:00:00+00:00,gdelt:brazilsun.com,Column : How China sci - tech strategy is shaping global development,0.07369434833526611,0.9104371070861816,0.015868540853261948,0.057825807482004166
RELIANCE,gdelt:24sata.hr,2026-07-13 11:00:00+00:00,gdelt:24sata.hr,AI ratovi : Zašto je potraga za  najboljim  modelom opasna,0.11445634812116623,0.8636745810508728,0.021869029849767685,0.09258731827139854
RELIANCE,gdelt:hindi.business-standard.com,2026-07-13 11:15:00+00:00,gdelt:hindi.business-standard.com,विदेशी निवेशकों की होगी जोरदार वापसी ? ग्लोबल ब्रोकरेज ने बताए टॉप 15 शेयर और सेक्टर - goldman sachs turns bullish on india sees nifty at 26500 by june 2027 banks defence among top bets,0.12845294177532196,0.42686688899993896,0.4446801245212555,-0.31622718274593353
RELIANCE,gdelt:thehindubusinessline.com,2026-07-13 12:15:00+00:00,gdelt:thehindubusinessline.com,"Markets stage comeback amid global sell - off , IT earnings boost",0.9154018759727478,0.05537962540984154,0.029218463227152824,0.886183412745595
RELIANCE,gdelt:forbes.com,2026-07-13 12:45:00+00:00,gdelt:forbes.com,​Fine ‑ Tuned SLMs : A New Operating Model For Enterprise AI,0.2246202826499939,0.7674707770347595,0.007909012027084827,0.21671127062290907
RELIANCE,gdelt:whp580.iheart.com,2026-07-13 12:45:00+00:00,gdelt:whp580.iheart.com,Shapiro Signs $50 . 8 Billion Pennsylvania Budget,0.2648794949054718,0.7158419489860535,0.01927858032286167,0.24560091458261013
RELIANCE,gdelt:montrealgazette.com,2026-07-13 13:15:00+00:00,gdelt:montrealgazette.com,AI Infrastructure Boom Drives Taiwan Suppliers Toward U . S . Manufacturing Expansion,0.5801960825920105,0.09419076889753342,0.3256131708621979,0.2545829117298126
RELIANCE,gdelt:manilatimes.net,2026-07-13 13:30:00+00:00,gdelt:manilatimes.net,NEXBOARD™ Demonstrates Exceptional Properties in Independent Third - Party Testing,0.893043041229248,0.09883098304271698,0.008125950582325459,0.8849170906469226
RELIANCE,gdelt:geeky-gadgets.com,2026-07-13 13:30:00+00:00,gdelt:geeky-gadgets.com,"Microsoft Copilot Cowork Review : Great Features , High Cost",0.8530933856964111,0.13729801774024963,0.009608638472855091,0.843484747223556
RELIANCE,gdelt:finanznachrichten.de,2026-07-13 15:15:00+00:00,gdelt:finanznachrichten.de,"Mordor Intelligence Private Limited : Acidity Regulators Market to Hit $14 . 22 Billion by 2031 , Driven by Food Safety Compliance & Clean - Label Reformulation",0.9204863905906677,0.06883706152439117,0.010676509700715542,0.9098098808899522
RELIANCE,gdelt:economictimes.indiatimes.com,2026-07-13 15:45:00+00:00,gdelt:economictimes.indiatimes.com,Sunil Singhania - backed Abakkus Flexi Cap Fund exits 3 Vedanta group companies after demerger . Check complete list,0.026021519675850868,0.9405218958854675,0.033456526696681976,-0.007435007020831108
RELIANCE,gdelt:hindi.business-standard.com,2026-07-13 15:45:00+00:00,gdelt:hindi.business-standard.com,"Jio Platforms IPO : Jio IPO से पहले बड़ा बदलाव ! किरण थॉमस की जगह पंकज पवार बने CEO , जानिए क्या है पूरा मामला - jio ipo pankaj pawar replaces kiran thomas as ceo ahead of public issue",0.0227963924407959,0.8781273365020752,0.09907624125480652,-0.07627984881401062
RELIANCE,gdelt:prnewswire.com,2026-07-13 16:00:00+00:00,gdelt:prnewswire.com,CREFC 2Q 2026 BOG Sentiment Index Steadies Near Baseline as CRE Finance Sentiment Moves from Shock to Caution,0.702959418296814,0.03858811780810356,0.258452445268631,0.444506973028183
RELIANCE,gdelt:sci-tech-today.com,2026-07-13 16:30:00+00:00,gdelt:sci-tech-today.com,"SMS Marketing By Market , Industry And Demographics ( 2026 )",0.023333601653575897,0.9412814378738403,0.035384900867938995,-0.012051299214363098
RELIANCE,gdelt:mondaq.com,2026-07-13 16:30:00+00:00,gdelt:mondaq.com,"Tariffs , Turmoil And Tax Refunds : Turning Uncle Sam IOU Into Cash In Bankruptcy , - Insolvency / Bankruptcy",0.023470601066946983,0.48877575993537903,0.48775362968444824,-0.46428302861750126
RELIANCE,gdelt:sci-tech-today.com,2026-07-13 16:30:00+00:00,gdelt:sci-tech-today.com,Glassdoor Statistics By Industry And Demographics ( 2026 ),0.023625386878848076,0.9062834978103638,0.07009110599756241,-0.04646571911871433
RELIANCE,gdelt:933thedrive.com,2026-07-13 16:45:00+00:00,gdelt:933thedrive.com,Bosch begins sample production at its first US semiconductor plant,0.13177503645420074,0.8553901314735413,0.012834841385483742,0.118940195068717
RELIANCE,gdelt:hawaiitelegraph.com,2026-07-13 17:00:00+00:00,gdelt:hawaiitelegraph.com,Olenox Industries Completes Acquisition of PsyLinks Neurotech Corp . to Expand its Applied Intelligence Capabilities,0.9126390218734741,0.07815757393836975,0.009203408844769001,0.9034356130287051
RELIANCE,marketaux:livemint.com,2026-07-13 17:13:45+00:00,marketaux:livemint.com,"Jio Platforms has replaced Kiran Thomas as chief executive officer with Pankaj Pawar ahead of its planned initial public offering, according to the company's draft IPO papers.

New Delhi, Jul 13 (PTI) Jio Platforms has replaced Kiran Thomas as chief executive officer with Pankaj Pawar ahead of its planned initial public offering, accor...",0.027032077312469482,0.7893215417861938,0.1836463063955307,-0.15661422908306122
RELIANCE,gdelt:adn.com,2026-07-13 17:15:00+00:00,gdelt:adn.com,Trump sons invest heavily in defense tech as father administration pours money in,0.24613100290298462,0.742680549621582,0.01118843350559473,0.2349425693973899
RELIANCE,gdelt:gcaptain.com,2026-07-13 17:30:00+00:00,gdelt:gcaptain.com,EU Paid Nearly €6 Billion for Russian Arctic LNG in First Half of 2026 Despite Phase - Out Plan,0.7956236004829407,0.1891310065984726,0.01524537242949009,0.7803782280534506
RELIANCE,gdelt:thenextweb.com,2026-07-13 18:00:00+00:00,gdelt:thenextweb.com,Decoupling from China would cost the West $23 . 6tn,0.0221110787242651,0.10217362642288208,0.8757152557373047,-0.8536041770130396
RELIANCE,gdelt:cbc.ca,2026-07-13 18:15:00+00:00,gdelt:cbc.ca,Lithium - processing research in Northwestern Ontario gets 260K funding injection from the province,0.9289854764938354,0.05882028490304947,0.012194228358566761,0.9167912481352687
RELIANCE,gdelt:theconversation.com,2026-07-13 18:15:00+00:00,gdelt:theconversation.com,"Climate disclosure gives Canadian companies an edge with European investors , new research shows",0.6775051355361938,0.31236475706100464,0.010130069218575954,0.6673750663176179
RELIANCE,gdelt:news.uga.edu,2026-07-13 18:30:00+00:00,gdelt:news.uga.edu,Seven UGA faculty and administrators earn Fulbright awards for 2026 - 2027,0.6870682239532471,0.2836626470088959,0.02926919236779213,0.6577990315854549
RELIANCE,gdelt:finanznachrichten.de,2026-07-13 18:30:00+00:00,gdelt:finanznachrichten.de,IBC Advanced Alloys Corp .: IBC Announces Share - Based Compensation to Directors,0.06045698747038841,0.4586363136768341,0.48090660572052,-0.4204496182501316
RELIANCE,gdelt:theuknews.com,2026-07-13 18:45:00+00:00,gdelt:theuknews.com,R|Elan Circular Design Challenge 2026 : united kingdom jury selects Farouk Braimoh RWRK STUDIO as finalist,0.6111792922019958,0.37673139572143555,0.012089266441762447,0.5990900257602334
RELIANCE,gdelt:ug.edu.gh,2026-07-13 18:45:00+00:00,gdelt:ug.edu.gh,"AI Must Serve Ghana Development rather than Deepen Digital Dependence , Prof . Isaac Wiafe Argues",0.20683681964874268,0.7837477922439575,0.009415378794074059,0.19742144085466862
RELIANCE,gdelt:jagran.com,2026-07-13 18:45:00+00:00,gdelt:jagran.com,"Jio प्लेटफॉर्म्स में IPO से पहले मुकेश अंबानी ने किया उलटफेर , किरण थॉमस की छुट्टी ; अब इन्हें मिली कमान - jio platforms appoints pankaj pawar as new ceo before ipo 25 year old reliance employee",0.037582457065582275,0.9234458804130554,0.03897172585129738,-0.0013892687857151031
RELIANCE,gdelt:mondaq.com,2026-07-13 18:45:00+00:00,gdelt:mondaq.com,Breaking The Cap : Fraud In The Inducement In Failed Oracle Fusion And Other ERP Implementations,0.018116213381290436,0.18718762695789337,0.7946962118148804,-0.7765799984335899
RELIANCE,gdelt:panchjanya.com,2026-07-13 19:45:00+00:00,gdelt:panchjanya.com,"Explainer : आत्मनिर्भर भारत की नई क्रांति का नाम है E - 20 , अन्नदाता से ऊर्जादाता बनने की शुरुआत",0.04503388702869415,0.9328787326812744,0.022087376564741135,0.022946510463953018
RELIANCE,gdelt:dailytrust.com,2026-07-13 20:45:00+00:00,gdelt:dailytrust.com,NASENI Centre of Excellence : Building Local Capacity for High - Precision Manufacturing – Daily Trust,0.6756346225738525,0.3168286681175232,0.007536687888205051,0.6680979346856475
RELIANCE,gdelt:manilatimes.net,2026-07-13 21:45:00+00:00,gdelt:manilatimes.net,"Univest Securities , LLC Announces Closing of $4 Million Registered Direct Offering for its Client Haoxi Health Technology Ltd ( NASDAQ : HAO )",0.06182591989636421,0.8742688894271851,0.06390517950057983,-0.002079259604215622
RELIANCE,gdelt:theindianawaaz.com,2026-07-13 21:45:00+00:00,gdelt:theindianawaaz.com,"शेयर बाजार शुरुआती गिरावट से उबरे , IT शेयरों की मजबूती से मामूली बढ़त पर बंद – The Indian Awaaz",0.0780445784330368,0.9004990458488464,0.02145637944340706,0.056588198989629745
RELIANCE,gdelt:meobserver.org,2026-07-13 22:45:00+00:00,gdelt:meobserver.org,The Iranian War : Between Subduing China and American Lobby Agendas,0.05579739063978195,0.8889927864074707,0.05520985648036003,0.0005875341594219208
RELIANCE,gdelt:itnewsonline.com,2026-07-13 23:15:00+00:00,gdelt:itnewsonline.com,AvePoint to Announce Second Quarter 2026 Financial Results on August 6,0.05105799809098244,0.9344658851623535,0.01447613351047039,0.03658186458051205
RELIANCE,gdelt:yoursourceone.com,2026-07-13 23:30:00+00:00,gdelt:yoursourceone.com,"Group14 , With Moses Lake Plant , Announces Battery Deal",0.1277836561203003,0.8593655824661255,0.012850689701735973,0.11493296641856432
RELIANCE,gdelt:mondaq.com,2026-07-14 00:00:00+00:00,gdelt:mondaq.com,"Amici Rally Behind Liberty Global , Urging Tenth Circuit To Rein In Economic Substance Doctrine",0.3317243158817291,0.4786691665649414,0.18960656225681305,0.14211775362491608
RELIANCE,gdelt:bangkokpost.com,2026-07-14 00:15:00+00:00,gdelt:bangkokpost.com,Bangkok Post - Will Thailand succeed in joining OECD ?,0.13327714800834656,0.8534067869186401,0.01331604178994894,0.11996110621839762
RELIANCE,gdelt:punchng.com,2026-07-14 00:30:00+00:00,gdelt:punchng.com,Osun : AAC Candidate Targets N5bn Annual Mining Revenue,0.1434544175863266,0.8445731401443481,0.011972478590905666,0.13148193899542093
RELIANCE,gdelt:aol.co.uk,2026-07-14 00:30:00+00:00,gdelt:aol.co.uk,Labour MPs told backing North Sea is  about more than oil and gas,0.0842289850115776,0.9008686542510986,0.014902393333613873,0.06932659167796373
RELIANCE,gdelt:koreabridge.net,2026-07-14 00:45:00+00:00,gdelt:koreabridge.net,"Korea to Add Nearly 17 , 000 Foreign Seasonal Workers This Year",0.9012457728385925,0.06745827943086624,0.03129592537879944,0.8699498474597931
RELIANCE,gdelt:economictimes.indiatimes.com,2026-07-14 00:45:00+00:00,gdelt:economictimes.indiatimes.com,"Goldman Sachs sees Nifty rallying to 26 , 500 , signals nearly 9 . 5 % upside",0.9362020492553711,0.032063085585832596,0.0317348949611187,0.9044671542942524
RELIANCE,gdelt:mondaq.com,2026-07-14 01:00:00+00:00,gdelt:mondaq.com,When The UCC Doesnt Apply : California Common - Law Playbook For A Failed Cloud ERP - Contracts and Commercial Law,0.02369559556245804,0.8756997585296631,0.10060462355613708,-0.07690902799367905
RELIANCE,gdelt:miragenews.com,2026-07-14 01:00:00+00:00,gdelt:miragenews.com,No - Till Farming : Eco - Friendly or Not ?,0.04595647007226944,0.9252522587776184,0.028791287913918495,0.017165182158350945
RELIANCE,gdelt:theconversation.com,2026-07-14 02:30:00+00:00,gdelt:theconversation.com,"What is no - till farming , and is it actually better for the environment ?",0.06342831254005432,0.9100867509841919,0.02648497000336647,0.03694334253668785
RELIANCE,gdelt:techtimes.com,2026-07-14 02:45:00+00:00,gdelt:techtimes.com,Pentagon Formalizes Expendable Drone Doctrine With Reaper Successor Solicitation,0.13665533065795898,0.850511372089386,0.012833344750106335,0.12382198590785265
RELIANCE,gdelt:newkerala.com,2026-07-14 03:00:00+00:00,gdelt:newkerala.com,"CM Dhami Inspects Science City , Launches STIP Initiatives",0.04282481595873833,0.9176926016807556,0.03948260471224785,0.0033422112464904785
RELIANCE,gdelt:pjmedia.com,2026-07-14 04:00:00+00:00,gdelt:pjmedia.com,"EU Urges Pakistan to Address Abductions , Forced Conversions , Marriages of Non - Muslim Children",0.13776719570159912,0.8293284773826599,0.0329042486846447,0.10486294701695442
RELIANCE,gdelt:economictimes.indiatimes.com,2026-07-14 04:45:00+00:00,gdelt:economictimes.indiatimes.com,The great Adani trade is back with Rs 1 . 4 lakh crore bang ! Why Adani Enterprises is Nifty hottest stock now,0.10590024292469025,0.8617093563079834,0.03239043056964874,0.0735098123550415
RELIANCE,gdelt:heraldscotland.com,2026-07-14 05:45:00+00:00,gdelt:heraldscotland.com,North Sea oil : Industry urges Burnham to back production,0.8139002919197083,0.0684116780757904,0.11768804490566254,0.6962122470140457
RELIANCE,gdelt:indiagazette.com,2026-07-14 05:45:00+00:00,gdelt:indiagazette.com,"Uttarakhand CM Pushkar Singh Dhami inspects Science City project in Dehradun , addresses STIP symposium",0.0359271764755249,0.9385189414024353,0.0255538709461689,0.010373305529356003
RELIANCE,gdelt:allafrica.com,2026-07-14 06:15:00+00:00,gdelt:allafrica.com,Botswana : Govt Rolls Out Reforms to Stabilise Economy,0.6512584686279297,0.32690730690956116,0.021834103390574455,0.6294243652373552
RELIANCE,gdelt:businesstoday.in,2026-07-14 06:15:00+00:00,gdelt:businesstoday.in,"Stock to buy : Smallcap up 85 % since March 30 ; Investec sees 18 % upside , cites  rare combination",0.9464699029922485,0.02798163704574108,0.025548381730914116,0.9209215212613344
RELIANCE,gdelt:thebangladeshtoday.com,2026-07-14 06:15:00+00:00,gdelt:thebangladeshtoday.com,Industrialisation stalled as capital market fails to break bank dependency amid record IPO drought,0.028673827648162842,0.023607583716511726,0.947718620300293,-0.9190447926521301
RELIANCE,gdelt:economictimes.indiatimes.com,2026-07-14 06:45:00+00:00,gdelt:economictimes.indiatimes.com,"Just Dial shares rocket 36 % in two days ! Why Citi , Kotak , others think Reliance - backed stock can rally up to 62 %?",0.8677155375480652,0.1203412115573883,0.011943280696868896,0.8557722568511963
RELIANCE,gdelt:financialexpress.com,2026-07-14 07:30:00+00:00,gdelt:financialexpress.com,Banks put up Rs 15K - crore fresh NPAs for sale in Q1,0.35702911019325256,0.6276577115058899,0.015313083305954933,0.34171602688729763
RELIANCE,gdelt:financialexpress.com,2026-07-14 07:30:00+00:00,gdelt:financialexpress.com,This auto ancillary stock trades cheaper than every major peer . A demerger could change that,0.15217344462871552,0.8180543780326843,0.029772192239761353,0.12240125238895416
RELIANCE,gdelt:financialexpress.com,2026-07-14 07:30:00+00:00,gdelt:financialexpress.com,5 IT Stocks with High Overseas Revenue Exposure,0.7203481197357178,0.24551275372505188,0.034139178693294525,0.6862089410424232
RELIANCE,gdelt:freepressjournal.in,2026-07-14 08:15:00+00:00,gdelt:freepressjournal.in,"Who Is Pankaj Pawar , Jio Platform Newly Appointed CEO Replacing Kiran Thomas Ahead of IPO ?",0.032932329922914505,0.9009177088737488,0.06614990532398224,-0.033217575401067734
RELIANCE,gdelt:en.people.cn,2026-07-14 08:30:00+00:00,gdelt:en.people.cn,Advancing Chinese modernization through sci - tech innovation,0.250888854265213,0.7363868951797485,0.01272424217313528,0.23816461209207773
RELIANCE,gdelt:itbrief.co.nz,2026-07-14 08:30:00+00:00,gdelt:itbrief.co.nz,Codema launches AI committees for continuous assurance,0.08909907937049866,0.8989103436470032,0.011990518309175968,0.07710856106132269
RELIANCE,gdelt:birminghammail.co.uk,2026-07-14 08:30:00+00:00,gdelt:birminghammail.co.uk,Andy Burnham told to make three rule changes for all businesses on day one as PM,0.03574417904019356,0.9067907333374023,0.057465095072984695,-0.021720916032791138
RELIANCE,gdelt:dynamicbusiness.com,2026-07-14 08:30:00+00:00,gdelt:dynamicbusiness.com,Tech Tuesday : Best bookkeeping & tax tools in 2026,0.1070551797747612,0.8756861090660095,0.017258672043681145,0.08979650773108006
RELIANCE,gdelt:auto.economictimes.indiatimes.com,2026-07-14 08:45:00+00:00,gdelt:auto.economictimes.indiatimes.com,"Bosch Launches First US Semiconductor Plant Amid Chip Shortages , ETAuto",0.6728588938713074,0.2698192894458771,0.05732174590229988,0.6155371479690075
RELIANCE,gdelt:dailydispatch.co.za,2026-07-14 09:15:00+00:00,gdelt:dailydispatch.co.za,MLANDU KONA | Reforms needed to insulate SA against future energy shocks,0.39139804244041443,0.5884293913841248,0.02017257921397686,0.37122546322643757
RELIANCE,gdelt:stockhouse.com,2026-07-14 09:45:00+00:00,gdelt:stockhouse.com,2026 - 07 - 14 | Focus Graphite Completes Access Road Desktop Study and Selects Preferred Route for the Lac Knife Project | TSXV : FMS,0.18989835679531097,0.800951361656189,0.009150266647338867,0.1807480901479721
RELIANCE,gdelt:thailand-business-news.com,2026-07-14 10:00:00+00:00,gdelt:thailand-business-news.com,Focus Graphite Completes Access Road Desktop Study and Selects Preferred Route for the Lac Knife Project,0.1855674833059311,0.8032252192497253,0.011207234114408493,0.1743602491915226
RELIANCE,gdelt:developingtelecoms.com,2026-07-14 10:15:00+00:00,gdelt:developingtelecoms.com,Jio Platforms appoints new CEO ahead of planned IPO,0.030213290825486183,0.8973926305770874,0.07239414751529694,-0.04218085668981075
RELIANCE,gdelt:economictimes.indiatimes.com,2026-07-14 11:15:00+00:00,gdelt:economictimes.indiatimes.com,India refiners reap fuel export windfall as war drives shortages,0.2819265127182007,0.2176876962184906,0.5003857612609863,-0.21845924854278564
RELIANCE,gdelt:londonlovesbusiness.com,2026-07-14 11:15:00+00:00,gdelt:londonlovesbusiness.com,Can AI help construction firms solve growing geopolitical challenges in supply chains ? - London Business News,0.25347283482551575,0.7316603064537048,0.014866912737488747,0.238605922088027
RELIANCE,gdelt:prnewswire.com,2026-07-14 11:30:00+00:00,gdelt:prnewswire.com,"Iridium Announces Commercial Availability of Iridium PNT ASIC , Bringing Resilient GNSS Protection to Devices Worldwide",0.9453412890434265,0.042030274868011475,0.0126284034922719,0.9327128855511546
RELIANCE,gdelt:timesofindia.indiatimes.com,2026-07-14 11:45:00+00:00,gdelt:timesofindia.indiatimes.com,"Nous Research , maker of OpenClaw American rival Hermes agent , in talks to raise new funding at $1 . 5 billion valuation",0.5608125925064087,0.42880672216415405,0.010380640625953674,0.550431951880455
RELIANCE,gdelt:gdnonline.com,2026-07-14 12:15:00+00:00,gdelt:gdnonline.com,Motoring : Bosch begins sample production at its first US semiconductor plant,0.16575321555137634,0.8211533427238464,0.013093415647745132,0.1526597999036312
RELIANCE,gdelt:mondaq.com,2026-07-14 12:15:00+00:00,gdelt:mondaq.com,"Broad Brushes , Fishing Expeditions And Forfeited Claims : A Trade Secret Cautionary Tale",0.041380830109119415,0.9072443246841431,0.05137478932738304,-0.009993959218263626
RELIANCE,gdelt:finanznachrichten.de,2026-07-14 12:15:00+00:00,gdelt:finanznachrichten.de,"ZenaTech Inc .: ZenaTech Signs Multiple Offers to Acquire Land Surveying and Geospatial Services Companies Across the U . S ., Canada and Australia , Expected to Contribute C$40 Million in Revenue During the First 12 Months Following Closing",0.9149596691131592,0.0713689923286438,0.013671422377228737,0.9012882467359304
RELIANCE,gdelt:thestarphoenix.com,2026-07-14 12:15:00+00:00,gdelt:thestarphoenix.com,"ZenaTech Signs Multiple Offers to Acquire Land Surveying and Geospatial Services Companies Across the U . S ., Canada and Australia , Expected to Contribute C$40 Million in Revenue During the First 12 Months Following Closing",0.9021629691123962,0.08685457706451416,0.010982531122863293,0.891180437989533
RELIANCE,gdelt:thestarphoenix.com,2026-07-14 12:15:00+00:00,gdelt:thestarphoenix.com,Almonty Expands Sangdong Tungsten Offtake Agreement with Global Tungsten & Powders to US$490 Million in Contracted Annual Revenue at Current APT Pricing,0.9346299767494202,0.055840421468019485,0.009529520757496357,0.9251004559919238
RELIANCE,gdelt:manilatimes.net,2026-07-14 13:15:00+00:00,gdelt:manilatimes.net,GMEX Robotics Corporation Signs Letter of Intent for Strategic Acquisition of AI Platform to Build Social World Models for Human - Centric Mass Deployment,0.6757040619850159,0.31569284200668335,0.00860311184078455,0.6671009501442313
RELIANCE,gdelt:manilatimes.net,2026-07-14 13:15:00+00:00,gdelt:manilatimes.net,"Fusemachines Announces Agentic AI Suite for Talent Acquisition , Bringing Agentic AI Across the Hiring Lifecycle",0.4369605779647827,0.554567813873291,0.008471602573990822,0.4284889753907919
RELIANCE,gdelt:tennesseedaily.com,2026-07-14 13:45:00+00:00,gdelt:tennesseedaily.com,"Evercore Holdings , Inc . ( OTC : EVHO ) Acquires Prediction Market Platform TraXion to Capture Explosive $240 Billion+ Prediction Markets Opportunity",0.4530617594718933,0.5389262437820435,0.008011966943740845,0.44504979252815247
RELIANCE,gdelt:tennesseedaily.com,2026-07-14 13:45:00+00:00,gdelt:tennesseedaily.com,NutraVeri Closes the Last Gap Between a Supplement Idea and a Customer Doorstep,0.03284813463687897,0.9180848002433777,0.049067042768001556,-0.01621890813112259
RELIANCE,gdelt:dominicanrepublicpost.com,2026-07-14 15:15:00+00:00,gdelt:dominicanrepublicpost.com,"Russia - Ukraine war : What is Europe new ballistic missile shield plan ? - Dominican Republic Post – Caribbean News , Business , Travel & Culture",0.03930332884192467,0.9364809989929199,0.024215666577219963,0.015087662264704704
RELIANCE,gdelt:nypost.com,2026-07-14 16:00:00+00:00,gdelt:nypost.com,IBM shares plunge 25 % as AI spending boom hammers business,0.011431139893829823,0.032919060438871384,0.9556496739387512,-0.9442185340449214
RELIANCE,gdelt:thehindubusinessline.com,2026-07-14 16:15:00+00:00,gdelt:thehindubusinessline.com,"Indian Deep - Tech Startup Meine Electric Fast - Charging Iron - Air Battery Clears Independent Validation , Paving the Way for 24 / 7 Renewable Energy Storage",0.6559872627258301,0.33395662903785706,0.01005604863166809,0.645931214094162
RELIANCE,gdelt:blueprint.ng,2026-07-14 17:00:00+00:00,gdelt:blueprint.ng,"Defence minister in China to drive tech transfer , local weapons production",0.1450853794813156,0.8435013890266418,0.011413182131946087,0.13367219734936953
RELIANCE,gdelt:money.pl,2026-07-14 17:00:00+00:00,gdelt:money.pl,Kontrola PIP i koniec B2B . Czy działalność trzeba zlikwidować ?,0.05732022970914841,0.9021952748298645,0.040484469383955,0.016835760325193405
RELIANCE,gdelt:leaderpost.com,2026-07-14 17:45:00+00:00,gdelt:leaderpost.com,Nightfood Holdings Inc . ( OTCQB : NGTF ) Focused on Supporting Key Customers Driving New Wave of Capital Spending,0.8280481696128845,0.1656627357006073,0.006289055570960045,0.8217591140419245
RELIANCE,gdelt:leaderpost.com,2026-07-14 17:45:00+00:00,gdelt:leaderpost.com,Epic Experience : Vail Resorts Puts Guest Experience at the Center of New Growth Plan,0.5600882172584534,0.4305698573589325,0.00934196263551712,0.5507462546229362
RELIANCE,gdelt:insidegnss.com,2026-07-14 18:15:00+00:00,gdelt:insidegnss.com,"Iridium Announces Commercial Availability of Iridium PNT ASIC , Bringing Resilient GNSS Protection to Devices Worldwide - Inside GNSS - Global Navigation Satellite Systems Engineering , Policy , and Design",0.7610433101654053,0.23173610866069794,0.007220614701509476,0.7538226954638958
RELIANCE,gdelt:torontotelegraph.com,2026-07-14 18:30:00+00:00,gdelt:torontotelegraph.com,AIAI Holding MediGuide Enters the State - of - the - Art Medicine Market With AI - Driven Innovation,0.6103931069374084,0.38202282786369324,0.007584043312817812,0.6028090636245906
RELIANCE,gdelt:nayaindia.com,2026-07-14 19:15:00+00:00,gdelt:nayaindia.com,"शेयर बाजारों में गिरावट , सेंसेक्स 561 अंक टूटा - Naya India - Hindi News , Latest Hindi News , Breaking News , Hindi Samachar",0.04428860917687416,0.9347048997879028,0.021006455644965172,0.02328215353190899
RELIANCE,gdelt:panchjanya.com,2026-07-14 19:45:00+00:00,gdelt:panchjanya.com,डॉ . श्‍यामा प्रसाद मुखर्जी की 125वीं जयंती : स्वतंत्र भारत के औद्योगिक पुनर्जागरण के शिल्पी,0.08063036948442459,0.894939124584198,0.024430502206087112,0.05619986727833748
RELIANCE,gdelt:postcourier.com.pg,2026-07-14 19:45:00+00:00,gdelt:postcourier.com.pg,Yu Tok - Post Courier,0.031092852354049683,0.9341627955436707,0.03474432975053787,-0.0036514773964881897
RELIANCE,gdelt:dailymaverick.co.za,2026-07-14 21:30:00+00:00,gdelt:dailymaverick.co.za,SA to more than double its electricity generation Ramokgopa,0.8739184141159058,0.11885098367929459,0.007230645511299372,0.8666877686046064
RELIANCE,gdelt:fool.com,2026-07-14 21:45:00+00:00,gdelt:fool.com,Dow vs . LyondellBasell Industries : Which Materials Stock Is a Better Buy in 2026 ?,0.07655757665634155,0.9054141044616699,0.018028361722826958,0.058529214933514595
RELIANCE,gdelt:asiabulletin.com,2026-07-14 21:45:00+00:00,gdelt:asiabulletin.com,Indian Deep - Tech Startup Meine Electric Fast - Charging Iron - Air Battery Clears Independent Validation,0.2759312093257904,0.7143961787223816,0.009672584943473339,0.26625862438231707
RELIANCE,gdelt:naija247news.com,2026-07-14 22:30:00+00:00,gdelt:naija247news.com,The Big Read : Nigeria Great Grid Exit,0.05790096893906593,0.9227870106697083,0.019312052056193352,0.03858891688287258
RELIANCE,gdelt:businesstimes.com.sg,2026-07-14 23:15:00+00:00,gdelt:businesstimes.com.sg,IBM warns AI boom squeezing software budgets ; shares sink in sector rout,0.015857264399528503,0.018955735489726067,0.9651869535446167,-0.9493296891450882
RELIANCE,gdelt:allafrica.com,2026-07-14 23:45:00+00:00,gdelt:allafrica.com,"Ethiopia : The Week in Review - Geopolitics , Economy , Ai and Climate in Focus",0.059448134154081345,0.914271354675293,0.026280486956238747,0.0331676471978426
RELIANCE,gdelt:finanznachrichten.de,2026-07-15 01:00:00+00:00,gdelt:finanznachrichten.de,Trenchant Technologies Capital Corp .: Trenchant Technologies Capital Corp . Announces Closing of First Tranche of the Private Placement of Convertible Debentures,0.026051681488752365,0.9084648489952087,0.0654834434390068,-0.03943176195025444
RELIANCE,gdelt:prnewswire.com,2026-07-15 01:15:00+00:00,gdelt:prnewswire.com,Insilico Medicine and Bora Pharmaceuticals Announce Strategic Alliance for AI - Driven Drug Discovery and Development,0.813144862651825,0.1770622283220291,0.009792930446565151,0.8033519322052598
RELIANCE,gdelt:vietnam.vnanet.vn,2026-07-15 02:30:00+00:00,gdelt:vietnam.vnanet.vn,Top leader requests building of stronger maritime industry to support national development,0.9196130037307739,0.07002833485603333,0.010358608327805996,0.9092543954029679
RELIANCE,gdelt:thisdaylive.com,2026-07-15 02:45:00+00:00,gdelt:thisdaylive.com,"EKSU 108th Inaugural Lecturer Advocates Indigenous Plants as Future of Disease Prevention , Drug Discovery – THISDAYLIVE",0.5118815302848816,0.47767284512519836,0.01044557522982359,0.501435955055058
RELIANCE,gdelt:stockhouse.com,2026-07-15 03:00:00+00:00,gdelt:stockhouse.com,2026 - 07 - 14 | Trenchant Technologies Capital Corp . Announces Closing of First Tranche of the Private Placement of Convertible Debentures | CSE : AITT,0.024239134043455124,0.8265843987464905,0.14917650818824768,-0.12493737414479256
RELIANCE,gdelt:stockhouse.com,2026-07-15 03:00:00+00:00,gdelt:stockhouse.com,2026 - 07 - 14 | Ur - Energy Appoints US Energy and Mining Veteran as Chair of the Board | TSX : URE,0.040437888354063034,0.9382356405258179,0.021326515823602676,0.019111372530460358
RELIANCE,gdelt:thesun.ng,2026-07-15 03:15:00+00:00,gdelt:thesun.ng,"How underinvestment costs Nigeria $1bn annually in fish imports ,",0.012462016195058823,0.07649870961904526,0.9110392332077026,-0.8985772170126438
RELIANCE,gdelt:tennesseedaily.com,2026-07-15 03:15:00+00:00,gdelt:tennesseedaily.com,Ur - Energy Appoints US Energy and Mining Veteran as Chair of the Board,0.06799613684415817,0.9059739112854004,0.026029998436570168,0.041966138407588005
RELIANCE,gdelt:thedailystar.net,2026-07-15 03:30:00+00:00,gdelt:thedailystar.net,We must adapt to the changing rules of global trade and development,0.21138405799865723,0.7782601714134216,0.010355808772146702,0.20102824922651052
RELIANCE,gdelt:navbharattimes.indiatimes.com,2026-07-15 04:00:00+00:00,gdelt:navbharattimes.indiatimes.com,"Success Story :  औरतें आलसी हो गईं  पुलिस के ताने ने स्वीटी को बना दिया अफसर , 1st अटेंप्ट में क्रैक किया था PCS",0.12915894389152527,0.8518240451812744,0.01901707984507084,0.11014186404645443
RELIANCE,gdelt:ohmynews.com,2026-07-15 04:45:00+00:00,gdelt:ohmynews.com,"단 1원의 예산도 지역 선순환과 생산적 가치소비에 쓰여야  박란희 세종시의원 , 공공구매 체계 혁신 제안",0.08453071117401123,0.8894215822219849,0.02604767121374607,0.05848303996026516
RELIANCE,gdelt:segye.com,2026-07-15 05:00:00+00:00,gdelt:segye.com,국민성장펀드 200조로 늘려 매년 10조씩 더 … 우주항공 등도 지원,0.32016119360923767,0.6136603355407715,0.06617845594882965,0.253982737660408
RELIANCE,gdelt:itbusinessnet.com,2026-07-15 05:30:00+00:00,gdelt:itbusinessnet.com,Trenchant Technologies Capital Corp . Announces Closing of First Tranche of the Private Placement of Convertible Debentures – IT Business Net,0.020094754174351692,0.9090138673782349,0.07089138776063919,-0.0507966335862875
RELIANCE,gdelt:thestarphoenix.com,2026-07-15 06:15:00+00:00,gdelt:thestarphoenix.com,Veea Begins Generating Revenue from SecureConnect Sales Through Telcel Internet Gestionado Service,0.09050771594047546,0.9009465575218201,0.00854569673538208,0.08196201920509338
RELIANCE,gdelt:prokerala.com,2026-07-15 06:15:00+00:00,gdelt:prokerala.com,"Grand conclave on skills , employment and innovation to be held in Lucknow on Wednesday on World Youth Skills Day",0.05924401432275772,0.9250749349594116,0.01568109728395939,0.04356291703879833
RELIANCE,gdelt:economictimes.indiatimes.com,2026-07-15 06:15:00+00:00,gdelt:economictimes.indiatimes.com,Mutual funds cut IT exposure to all - time low of 5 . 9 % in June . Contrarian opportunity or signal for caution ?,0.017123686149716377,0.03595889359712601,0.9469174146652222,-0.9297937285155058
RELIANCE,gdelt:investegate.co.uk,2026-07-15 06:45:00+00:00,gdelt:investegate.co.uk,Launch of Retail Offer | Company Announcement,0.054357048124074936,0.9309160113334656,0.014726988971233368,0.03963005915284157
RELIANCE,gdelt:investegate.co.uk,2026-07-15 06:45:00+00:00,gdelt:investegate.co.uk,Retail Offer | Company Announcement,0.03173798695206642,0.9341161847114563,0.03414580225944519,-0.002407815307378769
RELIANCE,gdelt:investegate.co.uk,2026-07-15 06:45:00+00:00,gdelt:investegate.co.uk,Barroso Li Project : Definitive Feasibility Study | Company Announcement,0.07043163478374481,0.9170860648155212,0.012482346966862679,0.057949287816882133
RELIANCE,gdelt:investinglive.com,2026-07-15 06:45:00+00:00,gdelt:investinglive.com,New home prices in China fell for a fourth straight year in June,0.007121539209038019,0.019586171954870224,0.973292350769043,-0.966170811560005
RELIANCE,gdelt:newkerala.com,2026-07-15 07:15:00+00:00,gdelt:newkerala.com,US Dismisses  Middle Power Coalition as Distraction,0.04038142412900925,0.3234167695045471,0.636201798915863,-0.5958203747868538
RELIANCE,gdelt:prabhasakshi.com,2026-07-15 07:45:00+00:00,gdelt:prabhasakshi.com,sensex rises 502 points nifty crosses the 24150 mark - Prabhasakshi latest news in hindi,0.21155820786952972,0.7416648864746094,0.046776965260505676,0.16478124260902405
RELIANCE,gdelt:auto.economictimes.indiatimes.com,2026-07-15 07:45:00+00:00,gdelt:auto.economictimes.indiatimes.com,"India Fuel Export Boom : How the War is Shaping Global Oil Markets , ETAuto",0.060146670788526535,0.9177462458610535,0.02210712432861328,0.038039546459913254
RELIANCE,gdelt:euronews.com,2026-07-15 08:15:00+00:00,gdelt:euronews.com,Can batteries save the EU wasted renewable energy ?,0.1035270094871521,0.8820500373840332,0.014422963373363018,0.08910404611378908
RELIANCE,gdelt:leaderpost.com,2026-07-15 08:15:00+00:00,gdelt:leaderpost.com,North - East - Based Turntide Receives Initial Battery Production Order from Hitachi Rail for Arriva Grand Central Intercity united kingdom Battery Trains,0.8779985308647156,0.11075111478567123,0.011250319890677929,0.8667482109740376
RELIANCE,gdelt:ariananews.af,2026-07-15 09:30:00+00:00,gdelt:ariananews.af,India says Kabul - Delhi air corridor remains operational despite regional challenges | Ariana News,0.747455894947052,0.23401443660259247,0.018529603257775307,0.7289262916892767
RELIANCE,gdelt:manilatimes.net,2026-07-15 09:30:00+00:00,gdelt:manilatimes.net,Kandi Technologies Announces Commencement of Production at its China Battery Exchange Manufacturing Base in Linan,0.155082106590271,0.831993043422699,0.012924897484481335,0.14215720910578966
RELIANCE,gdelt:itbusinessnet.com,2026-07-15 09:30:00+00:00,gdelt:itbusinessnet.com,"Fusemachines Announces Agentic AI Suite for Talent Acquisition , Bringing Agentic AI Across the Hiring Lifecycle – IT Business Net",0.42546385526657104,0.5665839910507202,0.007952127605676651,0.4175117276608944
RELIANCE,gdelt:dailynews.co.tz,2026-07-15 11:00:00+00:00,gdelt:dailynews.co.tz,"Local electric vehicle revolution begins with landmark manufacturing investment , innovation",0.7183759212493896,0.27236831188201904,0.009255767799913883,0.7091201534494758
RELIANCE,gdelt:bssnews.net,2026-07-15 11:15:00+00:00,gdelt:bssnews.net,BEPZA contributes 17 . 51pc to national exports in FY26,0.13920891284942627,0.848386287689209,0.01240475196391344,0.12680416088551283
RELIANCE,gdelt:thenextweb.com,2026-07-15 11:45:00+00:00,gdelt:thenextweb.com,India pledges $20 billion to boost chips and smartphones as Modi pushes for an Indian mobile brand,0.8477663993835449,0.1436649113893509,0.008568712510168552,0.8391976868733764
RELIANCE,gdelt:money.pl,2026-07-15 11:45:00+00:00,gdelt:money.pl,Lekarze wyjęci spod kontroli PIP ? Jednoznaczne stanowisko resortu,0.05676037073135376,0.9068350791931152,0.036404553800821304,0.020355816930532455
RELIANCE,gdelt:thehindubusinessline.com,2026-07-15 11:45:00+00:00,gdelt:thehindubusinessline.com,"Stock Market Today Highlights , July 15 : Sensex , Nifty retreat from day highs ; Bank Nifty leads gains",0.7818155288696289,0.04821660369634628,0.169967919588089,0.6118476092815399
RELIANCE,gdelt:middleeastmonitor.com,2026-07-15 11:45:00+00:00,gdelt:middleeastmonitor.com,"Chokepoints of power : Hormuz , Bab el - Mandeb , and the new corridor wars",0.07556481659412384,0.9049733281135559,0.01946181245148182,0.05610300414264202
RELIANCE,gdelt:channelstv.com,2026-07-15 11:45:00+00:00,gdelt:channelstv.com,India Approves $13b Semiconductor Plan,0.49560534954071045,0.4873124361038208,0.017082206904888153,0.4785231426358223
RELIANCE,gdelt:prokerala.com,2026-07-15 12:00:00+00:00,gdelt:prokerala.com,The govt before 2017 was the biggest omen of misfortune : CM Yogi,0.06823395192623138,0.588294267654419,0.3434717357158661,-0.2752377837896347
RELIANCE,gdelt:freemalaysiatoday.com,2026-07-15 12:30:00+00:00,gdelt:freemalaysiatoday.com,India approves US$13bil semiconductor plan,0.49854353070259094,0.4817560613155365,0.019700461998581886,0.47884306870400906
RELIANCE,gdelt:manilatimes.net,2026-07-15 12:45:00+00:00,gdelt:manilatimes.net,Xeriant Receives U . S . Patent for Its Breakthrough Fire - Resistant Composite Technology,0.9217287302017212,0.06643038243055344,0.011840904131531715,0.9098878260701895
RELIANCE,gdelt:freepressjournal.in,2026-07-15 12:45:00+00:00,gdelt:freepressjournal.in,Reliance Industrial Infrastructure Reports ₹2 . 84 Crore Q1 Profit,0.11919096112251282,0.7142232656478882,0.1665857881307602,-0.047394827008247375
RELIANCE,gdelt:hurriyetdailynews.com,2026-07-15 12:45:00+00:00,gdelt:hurriyetdailynews.com,India approves $13 billion semiconductor plan,0.3993961811065674,0.5823811888694763,0.018222562968730927,0.38117361813783646
RELIANCE,gdelt:newsday.co.zw,2026-07-15 13:00:00+00:00,gdelt:newsday.co.zw,Shuntai Cement Plant develops 50MW solar plant - Newsday Zimbabwe,0.13976910710334778,0.848224937915802,0.012005934491753578,0.1277631726115942
RELIANCE,gdelt:2lt.com.au,2026-07-15 13:00:00+00:00,gdelt:2lt.com.au,Senior US defence official rejects cohesion of  middle powers  amid shifting European ties,0.13111595809459686,0.10347989201545715,0.7654041051864624,-0.6342881470918655
RELIANCE,gdelt:finanznachrichten.de,2026-07-15 13:00:00+00:00,gdelt:finanznachrichten.de,Sekur Private Data Ltd .: Sekur Private Data Launches SekurOne with Encrypted Voice for All Devices,0.14472322165966034,0.8470876216888428,0.008189140819013119,0.13653408084064722
RELIANCE,gdelt:manilatimes.net,2026-07-15 13:00:00+00:00,gdelt:manilatimes.net,SalesCloser Announces USPTO Notice of Allowance for Expected Third U . S . Patent Covering AI - Driven Appointment Scheduling,0.26944056153297424,0.7030402421951294,0.027519190683960915,0.24192137084901333
RELIANCE,gdelt:tennesseedaily.com,2026-07-15 13:00:00+00:00,gdelt:tennesseedaily.com,United States Antimony Announces Utilization of AI Technology into Certain Mining Projects,0.19281592965126038,0.7960692048072815,0.011114869266748428,0.18170106038451195
RELIANCE,gdelt:leaderpost.com,2026-07-15 13:15:00+00:00,gdelt:leaderpost.com,"The Hidden Layer of the AI Boom : Robotics , Packaging Equipment Companies Are Thriving",0.02609984017908573,0.895107090473175,0.07879303395748138,-0.05269319377839565
RELIANCE,gdelt:khaskhabar.com,2026-07-15 13:15:00+00:00,gdelt:khaskhabar.com,"State - level event organized on World Youth Skills Day , Jaipur News in Hindi",0.06994744390249252,0.9149700999259949,0.015082385390996933,0.05486505851149559
RELIANCE,gdelt:allafrica.com,2026-07-15 13:30:00+00:00,gdelt:allafrica.com,Mozambique : Private Sector Challenged to Prioritize Agricultural Development Projects,0.0227635707706213,0.1277555227279663,0.8494808673858643,-0.826717296615243
RELIANCE,gdelt:newkerala.com,2026-07-15 13:30:00+00:00,gdelt:newkerala.com,Reliance Puri Rath Yatra Seva 2026 for Pilgrims,0.059242937713861465,0.9154977798461914,0.025259315967559814,0.03398362174630165
RELIANCE,gdelt:torontotelegraph.com,2026-07-15 13:45:00+00:00,gdelt:torontotelegraph.com,Sekur Private Data Launches SekurOne with Encrypted Voice for All Devices,0.10665445774793625,0.8848104476928711,0.00853510107845068,0.09811935666948557
RELIANCE,gdelt:portalspozywczy.pl,2026-07-15 14:00:00+00:00,gdelt:portalspozywczy.pl,Coraz więcej cudzoziemców w polskim handlu . Język polski nową kompetencją zawodową ?,0.057784076780080795,0.8919985890388489,0.05021734535694122,0.007566731423139572
RELIANCE,gdelt:justsecurity.org,2026-07-15 14:15:00+00:00,gdelt:justsecurity.org,"After Colombia Election , What Next on Climate and Human Rights ?",0.030769895762205124,0.9008899331092834,0.06834008544683456,-0.03757018968462944
RELIANCE,gdelt:news.webindia123.com,2026-07-15 14:15:00+00:00,gdelt:news.webindia123.com,Reliance rolls out Puri Rath Yatra Seva for pilgrims and frontline workers,0.07120726257562637,0.9114994406700134,0.01729326881468296,0.05391399376094341
RELIANCE,gdelt:navabharat.com,2026-07-15 14:45:00+00:00,gdelt:navabharat.com,"शेयर बाजारों में लौटी तेजी , सेंसेक्स 130 अंक चढ़ा",0.08531925827264786,0.8941245079040527,0.020556265488266945,0.06476299278438091
RELIANCE,gdelt:thehindu.com,2026-07-15 15:30:00+00:00,gdelt:thehindu.com,"Lokesh launches ₹3 , 100 crore expansion of Dalmia Cement plant in Kadapa district",0.8359714150428772,0.153401181101799,0.01062734704464674,0.8253440679982305
RELIANCE,gdelt:deccanchronicle.com,2026-07-15 16:00:00+00:00,gdelt:deccanchronicle.com,India Clears $13 Billion Semiconductor Push,0.16886472702026367,0.8205063343048096,0.010628970339894295,0.15823575668036938
RELIANCE,gdelt:thehindubusinessline.com,2026-07-15 16:15:00+00:00,gdelt:thehindubusinessline.com,ODI to GCC nations surges as war increases funding needs of overseas subsidiaries,0.6795212030410767,0.10715911537408829,0.21331964433193207,0.4662015587091446
RELIANCE,gdelt:thehindubusinessline.com,2026-07-15 16:15:00+00:00,gdelt:thehindubusinessline.com,MHI 10 GWh battery tender opens new growth market for India BESS sector,0.7902665734291077,0.2004421204328537,0.009291226044297218,0.7809753473848104
RELIANCE,gdelt:divyabhaskar.co.in,2026-07-15 16:15:00+00:00,gdelt:divyabhaskar.co.in,India - UK FTA Live : India Bypasses US Economic Dominance with 58 - Country Free Trade Network,0.8989908695220947,0.07376699894666672,0.027242068201303482,0.8717488013207912
RELIANCE,gdelt:itbrief.co.nz,2026-07-15 16:30:00+00:00,gdelt:itbrief.co.nz,Businesses urged to rethink young workers entry paths,0.10340201109647751,0.7056429982185364,0.1909549981355667,-0.0875529870390892
RELIANCE,gdelt:navabharat.com,2026-07-15 16:45:00+00:00,gdelt:navabharat.com,"पुरी रथयात्रा में रिलायंस फाउंडेशन का सेवा संकल्प , भोजन , पानी और सुरक्षा पर जोर",0.1534641981124878,0.826470136642456,0.020065724849700928,0.13339847326278687
RELIANCE,gdelt:beijingbulletin.com,2026-07-15 16:45:00+00:00,gdelt:beijingbulletin.com,Senior US defence official rejects cohesion of,0.02565324679017067,0.13595786690711975,0.8383888602256775,-0.8127356134355068
RELIANCE,gdelt:odt.co.nz,2026-07-15 16:45:00+00:00,gdelt:odt.co.nz,Hormuz uncertainty,0.09598035365343094,0.8714116811752319,0.032607924193143845,0.0633724294602871
RELIANCE,gdelt:finanznachrichten.de,2026-07-15 17:00:00+00:00,gdelt:finanznachrichten.de,EQS - News : Vulcan Energy Resources Limited : Vulcan receives initial strategic funding for Lionheart Project,0.6891272068023682,0.30154985189437866,0.009322987869381905,0.6798042189329863
RELIANCE,gdelt:morningstar.com,2026-07-15 17:00:00+00:00,gdelt:morningstar.com,How to Build Wealth That Lasts Beyond You and Avoid the  Expertise Trap,0.03598883002996445,0.9214287400245667,0.042582474648952484,-0.006593644618988037
RELIANCE,gdelt:grandprix247.com,2026-07-15 17:00:00+00:00,gdelt:grandprix247.com,The Financial Race : How Online Gaming and Betting Brands Became F1 New Big Spenders,0.06716078519821167,0.9125932455062866,0.02024604007601738,0.04691474512219429
RELIANCE,gdelt:navbharattimes.indiatimes.com,2026-07-15 17:00:00+00:00,gdelt:navbharattimes.indiatimes.com,"मान गए उस्ताद .... भारत ने तोड़ दिया चीन का घमंड , बिना रेयर अर्थ के बना ली इलेक्ट्रिक मोटर",0.07530909031629562,0.8986897468566895,0.026001205667853355,0.04930788464844227
RELIANCE,gdelt:thinkglobalhealth.org,2026-07-15 17:00:00+00:00,gdelt:thinkglobalhealth.org,You Cant Eat Tobacco | Think Global Health,0.03468289598822594,0.910190224647522,0.05512692406773567,-0.020444028079509735
RELIANCE,gdelt:equitybulls.com,2026-07-15 17:00:00+00:00,gdelt:equitybulls.com,Reliance Industrial Infrastructure Limited Reports Q1 FY27 Results : Consolidated PAT Declines to ₹284 Lakh,0.04156368225812912,0.016762882471084595,0.9416734576225281,-0.900109775364399
RELIANCE,gdelt:philstar.com,2026-07-15 17:45:00+00:00,gdelt:philstar.com,Lalamove makes inroads into Middle East,0.3152645230293274,0.6726807951927185,0.01205472368746996,0.30320979934185743
RELIANCE,gdelt:weeklyblitz.net,2026-07-15 19:30:00+00:00,gdelt:weeklyblitz.net,EU imports record volumes of Russian LNG ahead of planned 2027 ban,0.9004185199737549,0.07996197044849396,0.01961948722600937,0.8807990327477455
RELIANCE,gdelt:theindianawaaz.com,2026-07-15 20:00:00+00:00,gdelt:theindianawaaz.com,Cabinet Clears ₹1 . 27 Lakh - Crore Semicon 2 . 0 Mission to Accelerate India Semiconductor Ecosystem – The Indian Awaaz,0.8957345485687256,0.09258175641298294,0.011683654971420765,0.8840508935973048
RELIANCE,gdelt:finanznachrichten.de,2026-07-15 21:00:00+00:00,gdelt:finanznachrichten.de,Avalon Advanced Materials Inc .: Avalon Advanced Materials Announces Finnvera Letter of Interest Supporting Potential EUR 100 Million Financing for Metso Equipment and Services at Thunder Bay Lithium Processing Facility,0.906378984451294,0.07960827648639679,0.014012729749083519,0.8923662547022104
RELIANCE,gdelt:digitaljournal.com,2026-07-15 21:00:00+00:00,gdelt:digitaljournal.com,Why Canada should pay attention to Iridium new anti - spoofing navigation chip,0.054661087691783905,0.9219039678573608,0.023434970527887344,0.03122611716389656
RELIANCE,gdelt:manilatimes.net,2026-07-15 21:15:00+00:00,gdelt:manilatimes.net,ETC Announces Fiscal 2027 First Quarter Results,0.04184387996792793,0.855252742767334,0.10290338844060898,-0.061059508472681046
RELIANCE,gdelt:chimpreports.com,2026-07-15 21:15:00+00:00,gdelt:chimpreports.com,Museveni Commissions Military - Backed Meat and Beans Processing Factory in Gomba,0.11074881255626678,0.8757112622261047,0.013539888896048069,0.09720892366021872
RELIANCE,gdelt:indiagazette.com,2026-07-15 21:30:00+00:00,gdelt:indiagazette.com,Reliance Industrial Infrastructure Q1 net profit declines 8 . 4 % to Rs 2 . 84 crore on lower contract income,0.010203764773905277,0.01637466438114643,0.9734216332435608,-0.9632178684696555
RELIANCE,gdelt:finanznachrichten.de,2026-07-15 22:15:00+00:00,gdelt:finanznachrichten.de,"Dixie Gold Inc .: Dixie Gold Inc . Announces Appointment of Two New Directors , Corporate Secretary and CFO",0.05509023740887642,0.879883348941803,0.06502644717693329,-0.00993620976805687
RELIANCE,gdelt:stockhouse.com,2026-07-15 22:30:00+00:00,gdelt:stockhouse.com,"2026 - 07 - 15 | Dixie Gold Inc . Announces Appointment of Two New Directors , Corporate Secretary and CFO | TSXV : DG",0.04483068361878395,0.9010325074195862,0.05413683503866196,-0.009306151419878006
RELIANCE,gdelt:azosensors.com,2026-07-15 22:45:00+00:00,gdelt:azosensors.com,"Smarter Sensors , Less Data : How Edge AI Changes Connectivity",0.062107015401124954,0.9127492904663086,0.025143707171082497,0.03696330823004246
RELIANCE,gdelt:timesofindia.indiatimes.com,2026-07-15 23:00:00+00:00,gdelt:timesofindia.indiatimes.com,"Kudankulam Nuclear Plant : Kudankulam nuclear plant data breached , NPCIL says core systems untouched | India News",0.027127332985401154,0.25252681970596313,0.7203458547592163,-0.6932185217738152
RELIANCE,gdelt:muscatdaily.com,2026-07-15 23:30:00+00:00,gdelt:muscatdaily.com,Papaya farming shows promise for agricultural diversification,0.9216329455375671,0.06852473318576813,0.009842293336987495,0.9117906522005796
RELIANCE,gdelt:wenweipo.com,2026-07-17 00:00:00+00:00,gdelt:wenweipo.com,港投公司賺64億增1 . 75倍 陳茂波 ： 以飛輪效應為經濟注入活力 - 財經,0.057695966213941574,0.9056804776191711,0.036623626947402954,0.02107233926653862
RELIANCE,gdelt:itbrief.co.nz,2026-07-17 00:15:00+00:00,gdelt:itbrief.co.nz,Networks take the wheel as AI moves from hype to reality,0.05351898446679115,0.9152262806892395,0.03125476837158203,0.02226421609520912
RELIANCE,gdelt:oilprice.com,2026-07-17 00:15:00+00:00,gdelt:oilprice.com,The No . 1 Commodity Story of the Year Is Flying Under Wall Street Radar,0.17316368222236633,0.6920839548110962,0.13475236296653748,0.03841131925582886
RELIANCE,gdelt:latintimes.com,2026-07-17 00:45:00+00:00,gdelt:latintimes.com,President Trump Says U . S . Needs More Magnets to Reduce Reliance on China in Defense Manufacturing,0.8895748257637024,0.09559496492147446,0.014830191619694233,0.8747446341440082
RELIANCE,gdelt:naturalnews.com,2026-07-17 00:45:00+00:00,gdelt:naturalnews.com,U . S . Graphene Production Just Got a 360 - Ton Boost with New Factory in Texas – NaturalNews . com,0.8524426817893982,0.13789954781532288,0.009657791815698147,0.8427848899737
RELIANCE,gdelt:livemint.com,2026-07-17 01:00:00+00:00,gdelt:livemint.com,"Adani , Reliance , Birla , Vedanta , Jindal among suitors for Odisha prized Karlapat bauxite block",0.5994741320610046,0.3845107853412628,0.016015125438570976,0.5834590066224337
RELIANCE,gdelt:dailypioneer.com,2026-07-17 01:00:00+00:00,gdelt:dailypioneer.com,"Sensex Ends Flat , Nifty Slips as IT Gains Offset Profit Booking in Banking and Reliance Stocks",0.028646523132920265,0.018867654725909233,0.9524857997894287,-0.9238392766565084
RELIANCE,gdelt:mondaq.com,2026-07-17 01:30:00+00:00,gdelt:mondaq.com,First District Court Upholds San Ramon Infill Housing Approval And Clarifies Limits Of General Plan Consistency Challenges,0.09890535473823547,0.8749500513076782,0.026144545525312424,0.07276080921292305
RELIANCE,gdelt:techtimes.com,2026-07-17 01:45:00+00:00,gdelt:techtimes.com,Australia Rejects AI Copyright Carve - Out : PM Calls Unlicensed Training Theft,0.02205723524093628,0.2760530114173889,0.7018897533416748,-0.6798325181007385
RELIANCE,gdelt:moneycontrol.com,2026-07-17 03:00:00+00:00,gdelt:moneycontrol.com,"Stocks to Watch Today : Tech Mahindra , WeWork India , Borosil Renewables , Servotech Renewable , Maruti Suzuki , Laser Power in focus on 17 July",0.05153296887874603,0.9341777563095093,0.014289258979260921,0.03724370989948511
RELIANCE,gdelt:timesofindia.indiatimes.com,2026-07-17 03:00:00+00:00,gdelt:timesofindia.indiatimes.com,"Top stocks to buy today : Stock recommendations for July 17 , 2026 - check list",0.031944505870342255,0.9361164569854736,0.031939007341861725,5.498528480529785e-06
RELIANCE,gdelt:livemint.com,2026-07-17 04:00:00+00:00,gdelt:livemint.com,Saudi Arabia was in the midst of transformation . Then came the Iran war .,0.06383051723241806,0.8349236249923706,0.10124579071998596,-0.0374152734875679
RELIANCE,gdelt:livemint.com,2026-07-17 04:00:00+00:00,gdelt:livemint.com,Q1 results today 2026 : RIL to Federal Bank among companies to declare Q1 earnings on 17 July ; full list here,0.036242056638002396,0.9408277273178101,0.022930283099412918,0.013311773538589478
RELIANCE,gdelt:livemint.com,2026-07-17 04:00:00+00:00,gdelt:livemint.com,"Stocks to watch : Reliance Industries , Wipro , CEAT among shares in focus today ; check list here",0.04407105967402458,0.9346728920936584,0.021255984902381897,0.022815074771642685
RELIANCE,gdelt:rttnews.com,2026-07-17 04:15:00+00:00,gdelt:rttnews.com,Indian Shares Set For Cautious Open,0.3154955506324768,0.3507366478443146,0.3337678015232086,-0.01827225089073181
RELIANCE,gdelt:idrw.org,2026-07-17 04:30:00+00:00,gdelt:idrw.org,NPCIL statement on Drawings / Data leak through breach at M / s . Reliance Infra Limited with respect to Kudankulam Nuclear Power Project ( KKNPP ),0.010639144107699394,0.08045636862516403,0.9089045524597168,-0.8982654083520174
RELIANCE,gdelt:moneycontrol.com,2026-07-17 04:30:00+00:00,gdelt:moneycontrol.com,"GIFT Nifty signals flat start for Sensex , Nifty as investors await Q1 earnings ; high oil prices cap sentiment",0.7853689193725586,0.030718611553311348,0.18391241133213043,0.6014565080404282
RELIANCE,gdelt:moneycontrol.com,2026-07-17 04:30:00+00:00,gdelt:moneycontrol.com,"Sensex jumps 500 points , Nifty up over 0 . 5 %; IT stocks , Reliance among key factors lifting Indian markets today",0.9351804852485657,0.037324339151382446,0.02749522402882576,0.9076852612197399
RELIANCE,gdelt:thehindubusinessline.com,2026-07-17 05:00:00+00:00,gdelt:thehindubusinessline.com,"Stock Market Today Live , July 17 : Sensex surges nearly 600 points ; Nifty reclaims 24 , 200 as IT stocks rally",0.8380590081214905,0.1292758285999298,0.032665155827999115,0.8053938522934914
RELIANCE,gdelt:economictimes.indiatimes.com,2026-07-17 05:00:00+00:00,gdelt:economictimes.indiatimes.com,RIL Q1 strategy : How to trade Reliance Industries shares ahead of June quarter earnings ?,0.054559797048568726,0.9295089244842529,0.0159312654286623,0.038628531619906425
RELIANCE,gdelt:economictimes.indiatimes.com,2026-07-17 05:00:00+00:00,gdelt:economictimes.indiatimes.com,Best arbitrage mutual funds to invest in July 2026,0.0645386278629303,0.9259069561958313,0.009554373100399971,0.05498425476253033
RELIANCE,gdelt:thehindubusinessline.com,2026-07-17 05:00:00+00:00,gdelt:thehindubusinessline.com,"Q1 Results 17th July Live : Reliance Industries , JSW Steel , Havells , Oberoi Realty , Tata Tech to announce Q1 results , Wipro , Tech Mahindra , Jio , ITC Hotels , CEAT , Polycab , BHEL shares in focus",0.0823468565940857,0.9008228182792664,0.01683036796748638,0.06551648862659931
RELIANCE,gdelt:thehindubusinessline.com,2026-07-17 05:00:00+00:00,gdelt:thehindubusinessline.com,"IT stocks power Nifty higher ; crude , Rupee pressure cap gains",0.8756102323532104,0.08084871619939804,0.04354104772210121,0.8320691846311092
RELIANCE,gdelt:sb.by,2026-07-17 05:00:00+00:00,gdelt:sb.by,В Беларуси реализуется комплекс мер по дальнейшему улучшению бизнес - среды,0.21353237330913544,0.7598319053649902,0.026635687798261642,0.1868966855108738
RELIANCE,gdelt:navbharattimes.indiatimes.com,2026-07-17 05:15:00+00:00,gdelt:navbharattimes.indiatimes.com,"Share Market Opening : रिलायंस के रिजल्ट से शेयर बाजार में तेजी , सेंसेक्स 700 अंक उछला , रुपया भी हुआ मजबूत",0.061339110136032104,0.9157388210296631,0.0229220949113369,0.038417015224695206
RELIANCE,gdelt:moneycontrol.com,2026-07-17 05:30:00+00:00,gdelt:moneycontrol.com,"Why foreign investors are buying India again , and why they are still not all in",0.07456760853528976,0.8927181363105774,0.03271424025297165,0.041853368282318115
RELIANCE,gdelt:economictimes.indiatimes.com,2026-07-17 05:30:00+00:00,gdelt:economictimes.indiatimes.com,"Planning retirement & child education through mutual funds ? Expert explains SWP , taxation , portfolio rebalancing",0.05241663008928299,0.9339000582695007,0.013683301396667957,0.03873332869261503
RELIANCE,gdelt:economictimes.indiatimes.com,2026-07-17 05:30:00+00:00,gdelt:economictimes.indiatimes.com,"Q1 Results today : Reliance Industries , JSW Steel among 33 companies announcing June quarter earnings . What to expect ?",0.050319604575634,0.8859862089157104,0.06369410455226898,-0.01337449997663498
RELIANCE,gdelt:thehindu.com,2026-07-17 06:00:00+00:00,gdelt:thehindu.com,Nifty and Sensex rally in early trade propelled by buying in IT firms,0.7855468392372131,0.06150843948125839,0.15294471383094788,0.6326021254062653
RELIANCE,gdelt:rediff.com,2026-07-17 06:00:00+00:00,gdelt:rediff.com,"Indian Stock Market Rallies : Tech Mahindra Q1 Profit Lifts IT Shares , Sensex Nifty Up",0.9186608195304871,0.03559295833110809,0.045746129006147385,0.8729146905243397
RELIANCE,gdelt:businesstoday.in,2026-07-17 06:15:00+00:00,gdelt:businesstoday.in,"RIL shares jump , add Rs 37 , 000 crore in m cap : Q1 results 2026 preview",0.3322173058986664,0.09791750460863113,0.5698651671409607,-0.2376478612422943
RELIANCE,gdelt:livemint.com,2026-07-17 06:15:00+00:00,gdelt:livemint.com,"Reliance Industries Q1 Results LIVE : Here what brokerages expect from the Mukesh Ambani company - Jio , Retail in focus",0.04897581413388252,0.9333229660987854,0.017701199278235435,0.03127461485564709
RELIANCE,gdelt:allafrica.com,2026-07-17 06:30:00+00:00,gdelt:allafrica.com,Africa : Beyond the Supply Chain - South Africa China Dilemma,0.11560089886188507,0.870745062828064,0.01365404948592186,0.10194684937596321
RELIANCE,gdelt:timesofindia.indiatimes.com,2026-07-17 06:30:00+00:00,gdelt:timesofindia.indiatimes.com,"Stock market rally : Sensex rises over 750 points , Nifty50 crosses 24 , 250 - top reasons for rise",0.7345390915870667,0.22880445420742035,0.036656495183706284,0.6978825964033604
RELIANCE,gdelt:patrika.com,2026-07-17 07:00:00+00:00,gdelt:patrika.com,"Jio Financial Share Price : RIL , HCL Tech और टेक महिंद्रा समेत इन शेयरों में आई अच्छी तेजी , जानिए क्या है PE रेश्यो | Hcl Tech Jio Financial Kotak Mahindra Reliance Industries And Tech Mahindra Share Price Rise",0.1988842487335205,0.4575919806957245,0.3435238003730774,-0.14463955163955688
RELIANCE,gdelt:investegate.co.uk,2026-07-17 07:00:00+00:00,gdelt:investegate.co.uk,Strategic MOU Signed with Portsmouth Aviation | Company Announcement,0.9144576191902161,0.07473189383745193,0.010810463689267635,0.9036471555009484
RELIANCE,gdelt:indiablooms.com,2026-07-17 07:00:00+00:00,gdelt:indiablooms.com,"Stock Market opens with a bang ! Sensex soars 350+ points , Nifty races ahead | Indiablooms - First Portal on Digital News Management",0.20190095901489258,0.7862231731414795,0.011875918135046959,0.19002504087984562
RELIANCE,gdelt:siliconindia.com,2026-07-17 07:00:00+00:00,gdelt:siliconindia.com,"India Should Rethink China Investment Policy , Says PMEAC Member",0.42325446009635925,0.5529034733772278,0.02384205348789692,0.39941240660846233
RELIANCE,gdelt:tribuneindia.com,2026-07-17 07:00:00+00:00,gdelt:tribuneindia.com,Stock markets rally in early trade propelled by buying in IT firms,0.5495308637619019,0.09718900173902512,0.3532801568508148,0.19625070691108704
RELIANCE,gdelt:prabhasakshi.com,2026-07-17 07:00:00+00:00,gdelt:prabhasakshi.com,domestic markets rally in early trade driven by buying in it company shares - Prabhasakshi latest news in hindi,0.4177400469779968,0.31464725732803345,0.2676127552986145,0.15012729167938232
RELIANCE,gdelt:portal.sina.com.hk,2026-07-17 08:15:00+00:00,gdelt:portal.sina.com.hk,以實幹作答 用實績交卷,0.06654239445924759,0.8865028619766235,0.0469546765089035,0.019587717950344086
RELIANCE,gdelt:businesstoday.in,2026-07-17 08:15:00+00:00,gdelt:businesstoday.in,"Reliance Jio Q1 Preview : PAT , subscriber growth , ARPU , Jio Platforms IPO roadmap in focus",0.09312839061021805,0.8892195224761963,0.017652060836553574,0.07547632977366447
RELIANCE,gdelt:itbusinessnet.com,2026-07-17 08:15:00+00:00,gdelt:itbusinessnet.com,AITX RAD Receives Five - Vehicle ROAMEO Order from Global Mining and Natural Resources Company – IT Business Net,0.5973981022834778,0.3937276601791382,0.008874213322997093,0.5885238889604807
RELIANCE,gdelt:allafrica.com,2026-07-17 08:30:00+00:00,gdelt:allafrica.com,Uganda : Museveni Says Reliable Markets Key to Driving Uganda Industrial Growth,0.8324188590049744,0.15765909850597382,0.009921986609697342,0.822496872395277
RELIANCE,gdelt:economictimes.indiatimes.com,2026-07-17 08:45:00+00:00,gdelt:economictimes.indiatimes.com,RIL investors lose Rs 3 . 5 lakh crore this year . Can Q1 earnings bring the stock back to life ?,0.05799476429820061,0.2600819170475006,0.6819233894348145,-0.6239286251366138
RELIANCE,gdelt:moneycontrol.com,2026-07-17 09:00:00+00:00,gdelt:moneycontrol.com,Reliance Industries promoters raise stake to 50 . 48 %; stock gains 2 % ahead of Q1 results,0.9358630180358887,0.04823664203286171,0.015900395810604095,0.9199626222252846
RELIANCE,gdelt:freepressjournal.in,2026-07-17 09:00:00+00:00,gdelt:freepressjournal.in,"Reliance Promoters Raise Stake To 50 . 48 % Through Market Purchases , Signalling Long - Term Growth Confidence",0.9482109546661377,0.03701433166861534,0.014774763956665993,0.9334361907094717
RELIANCE,gdelt:stockhouse.com,2026-07-17 10:30:00+00:00,gdelt:stockhouse.com,"2026 - 07 - 17 | Datavault AI Announces Tokenization of Available Infrastructure Project Qestrel Fleet , Creating a Potential $1 Billion in $QEST Utility Tokens for Sovereign , Cybersecure , Edge AI Super Compute | NDAQ : DVLT",0.8406945466995239,0.15196973085403442,0.007335720583796501,0.8333588261157274
RELIANCE,gdelt:rediff.com,2026-07-17 10:30:00+00:00,gdelt:rediff.com,"Reliance Industries Q1 FY27 Earnings : Brokerages Project Strong Growth in O2C , Retail , and Jio",0.9517066478729248,0.031496286392211914,0.016797099262475967,0.9349095486104488
RELIANCE,gdelt:freepressjournal.in,2026-07-17 10:30:00+00:00,gdelt:freepressjournal.in,"Sensex Soars Over 1 , 000 Points , Here What Defied Hormuz And Crude Fears ?",0.08592230826616287,0.870285153388977,0.04379256069660187,0.042129747569561005
RELIANCE,gdelt:stockhouse.com,2026-07-17 10:30:00+00:00,gdelt:stockhouse.com,2026 - 07 - 17 | Argo Graphene Solutions Appoints Dr . Vikas Berry as Chief Executive Officer | CSE : ARGO,0.03369259461760521,0.9370231628417969,0.029284194111824036,0.004408400505781174
RELIANCE,gdelt:itnewsonline.com,2026-07-17 10:45:00+00:00,gdelt:itnewsonline.com,Leidos and DHL form alliance to strengthen the future of united kingdom Defence logistics,0.8736311197280884,0.1170201525092125,0.009348680265247822,0.8642824394628406
RELIANCE,gdelt:it-online.co.za,2026-07-17 11:15:00+00:00,gdelt:it-online.co.za,SA the most future - ready economy on the continent,0.6870678663253784,0.2998274564743042,0.013104680925607681,0.6739631853997707
RELIANCE,gdelt:wyomingnews.com,2026-07-17 11:30:00+00:00,gdelt:wyomingnews.com,"Spotlight on U . S . Senate , Republican ( Part 2 )",0.043018512427806854,0.9272218942642212,0.029759587720036507,0.013258924707770348
RELIANCE,gdelt:hindi.moneycontrol.com,2026-07-17 12:00:00+00:00,gdelt:hindi.moneycontrol.com,"GIFT Nifty indicators : ग्लोबल बाजारों में दबाव के बीच क्या भारतीय बाजार दिखा सकते है कमाल , जानिए आज कैसी रहेगी सेंसेक्स - निफ्टी की चाल",0.1011568009853363,0.8796107769012451,0.019232390448451042,0.08192441053688526
RELIANCE,gdelt:governancenow.com,2026-07-17 12:00:00+00:00,gdelt:governancenow.com,India gets the first hydrogen train,0.27266085147857666,0.7178969979286194,0.009442172013223171,0.2632186794653535
RELIANCE,gdelt:hindi.moneycontrol.com,2026-07-17 12:00:00+00:00,gdelt:hindi.moneycontrol.com,"Stock Market Rally : शाइनिंग शुक्रवार , सेंसेक्स 965 अंक चढ़कर बंद ; निफ्टी 24300 के पार , निवेशकों पर बरसे ₹81698 करोड़",0.0977817252278328,0.8735427260398865,0.028675541281700134,0.06910618394613266
RELIANCE,gdelt:bjreview.com,2026-07-17 12:15:00+00:00,gdelt:bjreview.com,China H1 growth holds steady as new engines emerge -- Beijing Review,0.5807202458381653,0.4067321717739105,0.012547559104859829,0.5681726867333055
RELIANCE,gdelt:thehindu.com,2026-07-17 12:15:00+00:00,gdelt:thehindu.com,Stock markets surge on buying in blue - chips ; Sensex jumps 965 points,0.8837748765945435,0.06746958196163177,0.048755623400211334,0.8350192531943321
RELIANCE,gdelt:moneycontrol.com,2026-07-17 12:30:00+00:00,gdelt:moneycontrol.com,"Nasdaq futures fall 2 % amid sharp selling in chip stocks ; Netflix , SpaceX decline up to 11 %",0.01353416033089161,0.01739252172410488,0.9690733551979065,-0.9555391948670149
RELIANCE,gdelt:palpalindia.com,2026-07-17 13:30:00+00:00,gdelt:palpalindia.com,"शेयर मार्केट में तेजी : सेंसेक्स 964 अंक , निफ्टी भी 261 अंक चढ़ा , बैंकिंग और आईटी - ऑटो शेयरों में ज्यादा खरीदारी",0.06944888830184937,0.9009091258049011,0.02964193932712078,0.039806948974728584
RELIANCE,gdelt:hindi.business-standard.com,2026-07-17 13:30:00+00:00,gdelt:hindi.business-standard.com,"Closing Bell | Stock Market Today : शेयर बाजार हरे निशान के साथ बंद , सेंसेक्स 965 अंक उछला , निफ्टी 24 , 334 के पार ; IT , बैंक , ऑटो चमके - stock market live updates on july 17 2026 sensex nifty today top gainers top losers",0.06707117706537247,0.8968527317047119,0.0360761359333992,0.030995041131973267
RELIANCE,gdelt:stockhouse.com,2026-07-17 13:30:00+00:00,gdelt:stockhouse.com,"2026 - 07 - 17 | Huadi International Group Co ., Ltd . Announces Receipt of Nasdaq Notification Regarding Minimum Bid Price Deficiency | NDAQ : HUDI",0.053268011659383774,0.23978079855442047,0.7069512009620667,-0.6536831893026829
RELIANCE,gdelt:moneycontrol.com,2026-07-17 13:30:00+00:00,gdelt:moneycontrol.com,Why were Indian markets resilient today despite selloff across global markets ? Here what an analyst says,0.15628443658351898,0.7693572044372559,0.07435836642980576,0.08192607015371323
RELIANCE,gdelt:thehindu.com,2026-07-17 14:00:00+00:00,gdelt:thehindu.com,Markets up 1 % as investors buy IT and private bank stocks,0.8930814862251282,0.07937393337488174,0.027544546872377396,0.8655369393527508
RELIANCE,gdelt:sierraleonetimes.com,2026-07-17 14:15:00+00:00,gdelt:sierraleonetimes.com,US minerals push hits Ebola roadblock in DR Congo,0.08437471836805344,0.12781144678592682,0.7878138422966003,-0.7034391239285469
RELIANCE,gdelt:navbharattimes.indiatimes.com,2026-07-17 14:45:00+00:00,gdelt:navbharattimes.indiatimes.com,"Reliance Industries Q1 Results : मुकेश अंबानी की रिलायंस का धमाकेदार रिजल्ट , रेवेन्यू ₹340000 करोड़ के पार , जानिए किन कारोबारों ने बढ़ाया मुनाफा",0.08689270913600922,0.8894312977790833,0.02367601916193962,0.0632166899740696
RELIANCE,gdelt:economictimes.indiatimes.com,2026-07-17 14:45:00+00:00,gdelt:economictimes.indiatimes.com,Reliance Jio ARPU rises to Rs 215 . 6 as subscriber base crosses 533 million in Q1FY27,0.9402910470962524,0.032328780740499496,0.02738022617995739,0.912910820916295
RELIANCE,gdelt:investegate.co.uk,2026-07-17 15:00:00+00:00,gdelt:investegate.co.uk,Fundraising | Company Announcement,0.031202955171465874,0.9445308446884155,0.024266140535473824,0.00693681463599205
RELIANCE,gdelt:timesofindia.indiatimes.com,2026-07-17 15:00:00+00:00,gdelt:timesofindia.indiatimes.com,"Reliance profit falls 22 %, core businesses remain resilient",0.09001389145851135,0.013245075941085815,0.8967410326004028,-0.8067271411418915
RELIANCE,gdelt:chennaionline.com,2026-07-17 15:15:00+00:00,gdelt:chennaionline.com,"Wipro announces results for the Quarter ended June 30 , 2026 – Chennaionline",0.024725619703531265,0.9232110977172852,0.0520632378757,-0.02733761817216873
RELIANCE,gdelt:rediff.com,2026-07-17 15:15:00+00:00,gdelt:rediff.com,Reliance Industries Q1 Net Profit Dips 22 % Amid Asian Paints Stake Sale Impact,0.011977186426520348,0.020384471863508224,0.967638373374939,-0.9556611869484186
RELIANCE,gdelt:adgully.com,2026-07-17 15:15:00+00:00,gdelt:adgully.com,Reliance strengthens Corporate Affairs leadership with Bhaven Bhatt appointment,0.9224289059638977,0.0679909810423851,0.009580159559845924,0.9128487464040518
RELIANCE,gdelt:adgully.com,2026-07-17 15:15:00+00:00,gdelt:adgully.com,"Jio Financial Services Q1 net profit jumps 156 % to ₹830 crore as revenue tops ₹2 , 000 crore",0.937734067440033,0.024923931807279587,0.03734196349978447,0.9003921039402485
RELIANCE,gdelt:naija247news.com,2026-07-17 15:15:00+00:00,gdelt:naija247news.com,Dangote Closes In On $2 . 5bn Private Share Sale Ahead Of Landmark Refinery IPO,0.06429752707481384,0.9202733039855957,0.015429132618010044,0.0488683944568038
RELIANCE,gdelt:rediff.com,2026-07-17 15:15:00+00:00,gdelt:rediff.com,"Indian Stock Market Surges : Sensex Jumps 965 Points on Blue - Chip , IT , Banking Rally",0.8859474658966064,0.08091975003480911,0.03313270956277847,0.852814756333828
RELIANCE,gdelt:deccanchronicle.com,2026-07-17 15:15:00+00:00,gdelt:deccanchronicle.com,"CM Naidu Meets Nirmala Sitharaman , Seeks Centre Support To Reduce Shrimp Feed Costs",0.7702785730361938,0.20430706441402435,0.02541435696184635,0.7448642160743475
RELIANCE,gdelt:hindi.moneycontrol.com,2026-07-17 15:30:00+00:00,gdelt:hindi.moneycontrol.com,"Reliance Industries Q1 Results : रिलायंस इंडस्ट्रीज का बाजार की उम्मीद से बेहतर प्रदर्शन , सभी बिजनेसेज की ग्रोथ डबल डिजिट में रही",0.08492567390203476,0.8885871171951294,0.026487205177545547,0.05843846872448921
RELIANCE,gdelt:webwire.com,2026-07-17 15:30:00+00:00,gdelt:webwire.com,Viasat demonstrates first integrated automotive satellite voice call capability with BMW Group,0.9177979230880737,0.07431533187627792,0.00788669753819704,0.9099112255498767
RELIANCE,gdelt:loksatta.com,2026-07-17 15:30:00+00:00,gdelt:loksatta.com,"Reliance Q1 Results : RIL Net Profit Jumps to Rs 23 , 196 Crore | रिलायन्सचा पहिल्या तिमाहीत विक्रमी नफा",0.8623090386390686,0.08451783657073975,0.053173091262578964,0.8091359473764896
RELIANCE,gdelt:livehindustan.com,2026-07-17 15:30:00+00:00,gdelt:livehindustan.com,"22 % गिरा अंबानी की RIL का मुनाफा , रिटेल और टेलीकॉम कारोबार का ये रहा हाल",0.10200034081935883,0.87718665599823,0.02081293612718582,0.081187404692173
RELIANCE,gdelt:orissapost.com,2026-07-17 15:30:00+00:00,gdelt:orissapost.com,"Stock markets close flat amid geopolitical uncertainties , fluctuating oil prices",0.015369834378361702,0.017950981855392456,0.9666791558265686,-0.9513093214482069
RELIANCE,gdelt:icelandreview.com,2026-07-17 15:30:00+00:00,gdelt:icelandreview.com,Commercial Whaling in Iceland | An Industry at a Crossroads,0.18411211669445038,0.7597407102584839,0.05614716559648514,0.12796495109796524
RELIANCE,gdelt:wri.org,2026-07-17 15:30:00+00:00,gdelt:wri.org,STATEMENT : European Commission Sets 46 % Electrification Target Alongside Carbon Market Reform,0.09045572578907013,0.8951379656791687,0.014406283386051655,0.07604944240301847
RELIANCE,gdelt:news.webindia123.com,2026-07-17 15:45:00+00:00,gdelt:news.webindia123.com,"Reliance Industries Q1 revenue jumps 24 . 5 % to Rs 3 . 4 lakh crore , recurring PAT climbs 6 %",0.9262911081314087,0.027356049045920372,0.04635282978415489,0.8799382783472538
RELIANCE,gdelt:rttnews.com,2026-07-17 16:00:00+00:00,gdelt:rttnews.com,Reliance Industries Q1 Profit Falls Despite Higher Revenue,0.014340667985379696,0.019591674208641052,0.9660676717758179,-0.9517270037904382
RELIANCE,gdelt:prokerala.com,2026-07-17 16:00:00+00:00,gdelt:prokerala.com,"Reliance Industrie Q1 net profit drops 22 pc to Rs 20 , 946 crore",0.008970716036856174,0.01999043859541416,0.9710388779640198,-0.9620681619271636
RELIANCE,gdelt:dailynews.co.tz,2026-07-17 16:00:00+00:00,gdelt:dailynews.co.tz,Why artisans deserve a place in our development agenda amid a wider tax base,0.29389873147010803,0.6959990859031677,0.010102245025336742,0.2837964864447713
RELIANCE,gdelt:prokerala.com,2026-07-17 16:00:00+00:00,gdelt:prokerala.com,Significant portion of Bangladesh future workforce being shaped through madrasas : Report,0.035747114568948746,0.9431713819503784,0.02108151651918888,0.014665598049759865
RELIANCE,gdelt:livemint.com,2026-07-17 16:45:00+00:00,gdelt:livemint.com,"Jio Platforms profit rises 9 . 2 % to ₹7 , 764 crore in Q1FY27 , earnings grow 15 % YoY Check key takeaways here",0.9034668803215027,0.07190845161676407,0.02462468110024929,0.8788421992212534
RELIANCE,gdelt:stockhouse.com,2026-07-17 16:45:00+00:00,gdelt:stockhouse.com,2026 - 07 - 17 | Emerita Announces CFO Transition | TSXV : EMO,0.025883032009005547,0.8871963024139404,0.08692067861557007,-0.06103764660656452
RELIANCE,gdelt:moneycontrol.com,2026-07-17 16:45:00+00:00,gdelt:moneycontrol.com,"Reliance Consumer tops Rs 8 , 600 crore in gross revenue in Q1 , takes beverage brands to Australia , Africa",0.6835152506828308,0.305955171585083,0.010529615916311741,0.6729856347665191
RELIANCE,gdelt:bhaskar.com,2026-07-17 17:00:00+00:00,gdelt:bhaskar.com,"Reliance Industries Q1 Results | Revenue Hits Record High , Profit Declines",0.1680016815662384,0.019560379907488823,0.8124379515647888,-0.6444362699985504
RELIANCE,gdelt:moneycontrol.com,2026-07-17 17:15:00+00:00,gdelt:moneycontrol.com,Reliance Industries makes steady start to FY27 with strong operating performance across segments : 10 key highlights,0.9136569499969482,0.06534717231988907,0.02099578268826008,0.8926611673086882
RELIANCE,gdelt:newsday.co.zw,2026-07-17 17:15:00+00:00,gdelt:newsday.co.zw,Proton Bakery invests US$20m to boost production - Newsday Zimbabwe,0.9461226463317871,0.04161037504673004,0.012267041951417923,0.9338556043803692
RELIANCE,gdelt:moneycontrol.com,2026-07-17 17:15:00+00:00,gdelt:moneycontrol.com,"Reliance Retail sees stronger margins , cash generation from digital business in 2 years",0.9557099342346191,0.03188106790184975,0.012408924289047718,0.9433010099455714
RELIANCE,gdelt:jewishpress.com,2026-07-17 17:30:00+00:00,gdelt:jewishpress.com,"Rice , Wheat , and the Tribes Who Stayed Behind",0.040585581213235855,0.7945660948753357,0.16484826803207397,-0.12426268681883812
RELIANCE,gdelt:montrealgazette.com,2026-07-17 17:45:00+00:00,gdelt:montrealgazette.com,Emerita Announces CFO Transition,0.02796328067779541,0.893608033657074,0.07842864096164703,-0.050465360283851624
RELIANCE,gdelt:moneycontrol.com,2026-07-17 18:00:00+00:00,gdelt:moneycontrol.com,RIL in talks with partners for more green ammonia supply deals after Samsung contract,0.8615073561668396,0.1234198659658432,0.015072773210704327,0.8464345829561353
RELIANCE,gdelt:hindi.business-standard.com,2026-07-17 18:15:00+00:00,gdelt:hindi.business-standard.com,"Reliance Industries Q1 Results : रेवेन्यू 25 % उछला , लेकिन मुनाफा 22 . 3 फीसदी घटकर ₹20 , 946 करोड़ पर - reliance q1 net profit falls 22 percent despite revenue surge",0.011983093805611134,0.016049563884735107,0.971967339515686,-0.9599842457100749
RELIANCE,gdelt:hindi.business-standard.com,2026-07-17 18:15:00+00:00,gdelt:hindi.business-standard.com,"Reliance Industries O2C Business : रिलायंस का धमाका : क्रूड के बढ़े दामों से O2C बिजनेस का रेवेन्यू 30 % उछला , ₹2 लाख करोड़ के पार - reliance o2c revenue surges 30 percent to lakh crores",0.9345471262931824,0.04148329049348831,0.023969633504748344,0.910577492788434
RELIANCE,gdelt:manilatimes.net,2026-07-17 18:15:00+00:00,gdelt:manilatimes.net,Clariant rejects Dow Europe allegations against four companies related to the 2020 competition law infringement,0.025713000446558,0.15552076697349548,0.8187662363052368,-0.7930532358586788
RELIANCE,gdelt:timminspress.com,2026-07-17 18:15:00+00:00,gdelt:timminspress.com,From steel town to defence powerhouse : How Sault Ste . Marie could become Canada defence captial,0.07175209373235703,0.9087547659873962,0.01949317380785942,0.052258919924497604
RELIANCE,gdelt:hindi.webdunia.com,2026-07-17 18:15:00+00:00,gdelt:hindi.webdunia.com,"Jio True5G का जलवा जारी , 28 . 5 करोड़ ग्राहकों के साथ 5G मार्केट में और मजबूत हुई पकड़",0.1361568421125412,0.8396221399307251,0.02422097511589527,0.11193586699664593
RELIANCE,gdelt:hindi.business-standard.com,2026-07-17 18:15:00+00:00,gdelt:hindi.business-standard.com,"Reliance Retail Q1 Results : नेट प्रॉफिट 14 % घटकर ₹2 , 805 करोड़ पर , लेकिन रेवेन्यू मोर्चे पर मजबूती बरकरार - reliance retail net profit drops 14 percent in q1",0.007390258368104696,0.019160958006978035,0.9734487533569336,-0.9660584949888289
RELIANCE,gdelt:hindi.business-standard.com,2026-07-17 18:15:00+00:00,gdelt:hindi.business-standard.com,"Stock Market Today : बाजार में बंपर उछाल : सेंसेक्स - निफ्टी में एक महीने की सबसे बड़ी बढ़त , निवेशकों की संपत्ति ₹37 , 000 करोड़ बढ़ी - indian stock market registers biggest single day surge in a month",0.7777571082115173,0.13663125038146973,0.08561159670352936,0.692145511507988
RELIANCE,gdelt:hindi.business-standard.com,2026-07-17 18:15:00+00:00,gdelt:hindi.business-standard.com,"Reliance Industries Q1 Results : मुनाफा 22 . 3 फीसदी घटकर ₹20 , 946 करोड़ पर , रेवेन्यू में 25 % का उछल - reliance q1 results profit down by 22 3 percent at rs 20946 crore",0.00813461747020483,0.016871338710188866,0.9749940633773804,-0.9668594459071755
RELIANCE,gdelt:hindi.business-standard.com,2026-07-17 18:15:00+00:00,gdelt:hindi.business-standard.com,"Jio Platforms Q1 Results : मुनाफा 9 . 2 % उछलकर ₹7 , 764 करोड़ पर , ₹रेवेन्यू 45 , 960 करोड़ के पार - jio platforms q1 results profit 9 2 jumps to rs 7764 crore",0.8545152544975281,0.08793304115533829,0.05755172297358513,0.796963531523943
RELIANCE,gdelt:divyamarathi.bhaskar.com,2026-07-17 18:15:00+00:00,gdelt:divyamarathi.bhaskar.com,Reliance Industries Q1 Results : Revenue Up 25 % & Profit Down 22 %,0.029581142589449883,0.00956503301858902,0.9608538746833801,-0.9312727320939302
RELIANCE,gdelt:theindianawaaz.com,2026-07-17 18:45:00+00:00,gdelt:theindianawaaz.com,"Sensex Soars Nearly 1 , 000 Pts , Nifty Reclaims 24 , 300 as Earnings Lift IT , Financial Stocks Despite Global Tensions – The Indian Awaaz",0.9008260369300842,0.07001525163650513,0.02915871888399124,0.871667318046093
RELIANCE,gdelt:machinedesign.com,2026-07-17 19:15:00+00:00,gdelt:machinedesign.com,Q & A : The AI - Robotics Convergence : Global Perspectives for Machine Builders,0.13092713057994843,0.8576446771621704,0.011428169906139374,0.11949896067380905
RELIANCE,gdelt:livemint.com,2026-07-17 20:00:00+00:00,gdelt:livemint.com,Reliance Retail Q1 net profit down 14 %; FMCG revenue doubles,0.008679882623255253,0.017240645363926888,0.9740793704986572,-0.965399487875402
RELIANCE,gdelt:rediff.com,2026-07-17 20:15:00+00:00,gdelt:rediff.com,RIL beats estimates with record quarterly EBITDA - Rediff . com Business,0.895904541015625,0.08544164896011353,0.018653836101293564,0.8772507049143314
RELIANCE,gdelt:vaartha.com,2026-07-17 20:15:00+00:00,gdelt:vaartha.com,Jio Quarter Results : ఒక కస్టమర్ నుంచి జియో ఎంత సంపాదిస్తుంది ..?,0.049872856587171555,0.5929365754127502,0.3571905791759491,-0.30731772258877754
RELIANCE,gdelt:moneylife.in,2026-07-17 20:45:00+00:00,gdelt:moneylife.in,Hot and Cold Stocks of Mutual Funds in June 2026,0.031493160873651505,0.8010715246200562,0.16743530333042145,-0.13594214245676994
RELIANCE,gdelt:indiagazette.com,2026-07-17 23:00:00+00:00,gdelt:indiagazette.com,"Reliance Retail Q1 revenue rises 7 . 4 % to Rs 90 , 408 crore",0.94522625207901,0.02666345238685608,0.028110336512327194,0.9171159155666828
RELIANCE,gdelt:bhaskar.com,2026-07-18 02:45:00+00:00,gdelt:bhaskar.com,RBI Plastic Notes Pilot Project Launch | Reliance Q1 Profit Declines,0.028846507892012596,0.05484955385327339,0.9163039922714233,-0.8874574843794107
RELIANCE,gdelt:dainiktribuneonline.com,2026-07-18 03:00:00+00:00,gdelt:dainiktribuneonline.com,मोदी ने दी सौगात हरियाणा में दौड़ी देश की पहली हाइड्रोजन ट्रेन,0.09061931073665619,0.8816677331924438,0.02771301008760929,0.0629063006490469
RELIANCE,gdelt:tarunbharat.com,2026-07-18 03:15:00+00:00,gdelt:tarunbharat.com,"Strong rally in the stock market on the final day , Friday .",0.9476513862609863,0.029862813651561737,0.02248573675751686,0.9251656495034695
RELIANCE,gdelt:thehindubusinessline.com,2026-07-18 03:45:00+00:00,gdelt:thehindubusinessline.com,"Reliance Industries Q1 FY27 : Oil - to - Chemicals EBITDA up 17 %; solar , battery plans progress",0.9496505260467529,0.03468986973166466,0.015659606084227562,0.9339909199625254
RELIANCE,gdelt:livemint.com,2026-07-18 04:15:00+00:00,gdelt:livemint.com,"Q1 results 2026 : HDFC Bank to ICICI Bank , Axis Bank among companies to declare Q1 earnings today ; full list here",0.0709390789270401,0.9127590656280518,0.01630190759897232,0.05463717132806778
RELIANCE,gdelt:livemint.com,2026-07-18 04:15:00+00:00,gdelt:livemint.com,"Axis Bank Q1 preview : Profit , NII to stay healthy ; NIM likely to shrink due to deposit repricing , competitive funding",0.03911123052239418,0.011701851151883602,0.9491869807243347,-0.9100757502019405
RELIANCE,gdelt:pakistantelegraph.com,2026-07-18 04:30:00+00:00,gdelt:pakistantelegraph.com,Asia - Pacific Community : Pakistan - China pharmaceutical cooperation to accelerate CPEC 2 . 0,0.9240179061889648,0.06561841815710068,0.01036357507109642,0.9136543311178684
RELIANCE,gdelt:news.tuoitre.vn,2026-07-18 05:15:00+00:00,gdelt:news.tuoitre.vn,"Toyota , Honda , MG ramp up manufacturing in Vietnam",0.8603028059005737,0.12391079217195511,0.01578635536134243,0.8445164505392313
RELIANCE,gdelt:telecom.economictimes.indiatimes.com,2026-07-18 06:00:00+00:00,gdelt:telecom.economictimes.indiatimes.com,"Jio Platforms Reports 9 . 2 % Profit Growth in Q1FY27 with Increased ARPU , ETTelecom",0.9500060081481934,0.03811035677790642,0.01188359409570694,0.9381224140524864
RELIANCE,gdelt:economictimes.indiatimes.com,2026-07-18 06:15:00+00:00,gdelt:economictimes.indiatimes.com,Reliance Ops Revenue Hits Milestone with 25 % Jump,0.9412505030632019,0.04405716806650162,0.014692333526909351,0.9265581695362926
RELIANCE,gdelt:kar-online.com,2026-07-18 08:30:00+00:00,gdelt:kar-online.com,بخش ۴ – جمهوری اسلامی ؛ مرحله‌ای تازه در فرایند دولت – ملتِ در حال شدن !,0.10136877745389938,0.8514624238014221,0.04716876149177551,0.05420001596212387
RELIANCE,gdelt:manilatimes.net,2026-07-18 08:30:00+00:00,gdelt:manilatimes.net,Rizen Estimates Launches Exclusive Booked Estimate Appointment Service to Replace Shared Leads for Home Service Contractors,0.11274000257253647,0.8749412894248962,0.012318719178438187,0.10042128339409828
RELIANCE,gdelt:deshbandhu.co.in,2026-07-18 08:45:00+00:00,gdelt:deshbandhu.co.in,रिलायंस इंडस्ट्रीज की पहली तिमाही के रेवेन्यू में 25 प्रतिशत की बढ़ोतरी | Reliance Industrie first - quarter revenue rises by 25 percent .,0.9370684623718262,0.026841571554541588,0.036089938133955,0.9009785242378712
RELIANCE,gdelt:internationaltimes.it,2026-07-18 08:45:00+00:00,gdelt:internationaltimes.it,Sick Political Charlatans Still Lending Support to a Cult of Fascism,0.30560868978500366,0.6180529594421387,0.07633835077285767,0.229270339012146
RELIANCE,gdelt:deshbandhu.co.in,2026-07-18 08:45:00+00:00,gdelt:deshbandhu.co.in,भारतीय शेयर बाजार शानदार बढ़त के साथ हरे निशान में बंद | Indian stock markets closed in the green with impressive gains .,0.9335693717002869,0.035378411412239075,0.03105231747031212,0.9025170542299747
RELIANCE,gdelt:freepressjournal.in,2026-07-18 09:45:00+00:00,gdelt:freepressjournal.in,"ICICI Bank Q1 FY27 Net Profit Climbs To ₹15 , 440 Crore , Up 4 . 6 % QoQ",0.9504006505012512,0.023338595405220985,0.026260627433657646,0.9241400230675936
RELIANCE,gdelt:orissadiary.com,2026-07-18 10:00:00+00:00,gdelt:orissadiary.com,Op Sindoor demonstrated India world - class defence readiness sharpened by Govt  Nation First  &  Forces First  resolve : Raksha Mantri,0.34631600975990295,0.6434388756752014,0.010245084762573242,0.3360709249973297
RELIANCE,gdelt:arabnews.com,2026-07-18 10:15:00+00:00,gdelt:arabnews.com,"Key reforms could unlock stronger GCC - CCA trade , IMF says",0.9485054612159729,0.03594658896327019,0.015547915361821651,0.9329575458541512
RELIANCE,gdelt:economictimes.indiatimes.com,2026-07-18 10:15:00+00:00,gdelt:economictimes.indiatimes.com,"Zero tolerance against terrorism is not merely statement for India , but a Line of Action : Rajnath Singh",0.05417584255337715,0.9200723767280579,0.025751765817403793,0.028424076735973358
RELIANCE,gdelt:madhyamam.com,2026-07-18 10:15:00+00:00,gdelt:madhyamam.com,സാമ്പത്തിക വെല്ലുവിളികൾക്കിടയിലും കുതിച്ച് റിലയൻസ് ; വരുമാനത്തിൽ 24 . 5 % വളർച്ച | Reliance jumps ahead despite economic challenges ; 24 . 5 % growth in revenue,0.951434850692749,0.026362460106611252,0.022202709689736366,0.9292321410030127
RELIANCE,gdelt:orissapost.com,2026-07-18 10:30:00+00:00,gdelt:orissapost.com,India taking zero - tolerance approach to terrorism : Rajnath Singh,0.09783608466386795,0.8801289200782776,0.022034982219338417,0.07580110244452953
RELIANCE,gdelt:adgully.com,2026-07-18 10:30:00+00:00,gdelt:adgully.com,RIL posts 11 % jump in Q1 net profit,0.9371328353881836,0.030377525836229324,0.03248964250087738,0.9046431928873062
RELIANCE,gdelt:prokerala.com,2026-07-18 10:30:00+00:00,gdelt:prokerala.com,"Leaders hail successful launch of Vikram - 1 , say it reflects potential of India space economy",0.836386501789093,0.15514054894447327,0.008472908288240433,0.8279135935008526
RELIANCE,gdelt:adgully.com,2026-07-18 10:30:00+00:00,gdelt:adgully.com,"Reliance Retail Q1 revenue rises 8 . 2 % to ₹79 , 745 crore ; net profit drops 14 . 2 %",0.024321584030985832,0.011015888303518295,0.9646625518798828,-0.940340967848897
RELIANCE,gdelt:riotimesonline.com,2026-07-18 11:00:00+00:00,gdelt:riotimesonline.com,US - Brazil tariff fight : Washington demands chemical sector opening,0.13954989612102509,0.6314435601234436,0.2290065437555313,-0.08945664763450623
RELIANCE,gdelt:rediff.com,2026-07-18 11:00:00+00:00,gdelt:rediff.com,"India Midwest Ltd partners with Indonesia for critical minerals , rare earth supply chain",0.7574219703674316,0.23545466363430023,0.007123369723558426,0.7502986006438732
RELIANCE,gdelt:aajsamaaj.com,2026-07-18 11:00:00+00:00,gdelt:aajsamaaj.com,"RIL Q1 Result : RIL का मुनाफा 22 % घटा , रेवेन्यू 25 % बढ़कर 3 . 11 लाख करोड़ पहुंचा , टेलीकॉम बिजनेस टॉप पर",0.09859543293714523,0.8728820085525513,0.028522605076432228,0.070072827860713
RELIANCE,gdelt:newkerala.com,2026-07-18 11:00:00+00:00,gdelt:newkerala.com,Vikram - 1 Launch : India Private Space Milestone Hailed by Leaders,0.8377091884613037,0.14793626964092255,0.014354527927935123,0.8233546605333686
RELIANCE,gdelt:newkerala.com,2026-07-18 11:00:00+00:00,gdelt:newkerala.com,"Sensex , Nifty Gain 0 . 8 % Despite Geopolitical Risks",0.9388442635536194,0.02910047583281994,0.03205522522330284,0.9067890383303165
RELIANCE,gdelt:prokerala.com,2026-07-18 11:15:00+00:00,gdelt:prokerala.com,"Sensex , Nifty end week higher despite geopolitical tensions",0.9365578293800354,0.03370067849755287,0.02974151447415352,0.9068163149058819
RELIANCE,gdelt:indiaeducationdiary.in,2026-07-18 11:15:00+00:00,gdelt:indiaeducationdiary.in,Op Sindoor demonstrated India world - class defence readiness sharpened by Govt  Nation First  &  Forces First  resolve : Raksha Mantri - India Education | Latest Education News | Global Educational News,0.2704789936542511,0.7181079983711243,0.011412975378334522,0.2590660182759166
RELIANCE,gdelt:thehindu.com,2026-07-18 11:30:00+00:00,gdelt:thehindu.com,"Zero tolerance against terrorism is not merely India statement , but a Line of Action : Rajnath Singh",0.04560745507478714,0.9271703362464905,0.02722216583788395,0.01838528923690319
RELIANCE,gdelt:theweek.in,2026-07-18 12:45:00+00:00,gdelt:theweek.in,How Operation Sindoor validated India defence self - reliance drive ? Rajnath Singh explains,0.10951488465070724,0.8745200634002686,0.01596509851515293,0.09354978613555431
RELIANCE,gdelt:manilatimes.net,2026-07-18 12:45:00+00:00,gdelt:manilatimes.net,Shinkin Gather InfoTech Inc . Development History and Future Plans,0.022541949525475502,0.9479809999465942,0.029477065429091454,-0.0069351159036159515
RELIANCE,gdelt:cbc.ca,2026-07-18 12:45:00+00:00,gdelt:cbc.ca,Woodsmen Museum in Boiestown tells tale of industry a community  lives and die by,0.09376947581768036,0.8729796409606934,0.0332508385181427,0.06051863729953766
RELIANCE,gdelt:vietnamnews.vn,2026-07-18 13:15:00+00:00,gdelt:vietnamnews.vn,Businesses put forward growth proposals at first meeting with new Government,0.11308354884386063,0.8730391263961792,0.013877345249056816,0.09920620359480381
RELIANCE,gdelt:idrw.org,2026-07-18 13:30:00+00:00,gdelt:idrw.org,Op Sindoor Showed India World - Class Defence Readiness : Rajnath Singh,0.17652086913585663,0.8068479895591736,0.016631118953227997,0.15988975018262863
RELIANCE,gdelt:fairobserver.com,2026-07-18 14:15:00+00:00,gdelt:fairobserver.com,Coordinated Currency Intervention and the Rebalancing of the Global Monetary System,0.2760324478149414,0.7120518684387207,0.011915734969079494,0.2641167128458619
RELIANCE,gdelt:newindianexpress.com,2026-07-18 14:15:00+00:00,gdelt:newindianexpress.com,Will strike by entering their home : Rajnath Singh cites Operation Sindoor in warning to terrorists,0.048161670565605164,0.9024814963340759,0.04935679957270622,-0.001195129007101059
RELIANCE,gdelt:manilatimes.net,2026-07-18 14:45:00+00:00,gdelt:manilatimes.net,LingoPlus Expands Nationwide : Certified Translation Services Now Available Across Germany,0.830765426158905,0.16074056923389435,0.008494009263813496,0.8222714168950915
RELIANCE,gdelt:leadership.ng,2026-07-18 16:30:00+00:00,gdelt:leadership.ng,"KGIRS Boss Urges Youths To Embrace Innovation , Entrepreneurship",0.2164515256881714,0.7731046676635742,0.010443732142448425,0.20600779354572296
RELIANCE,gdelt:en.ce.cn,2026-07-18 16:30:00+00:00,gdelt:en.ce.cn,"Pakistan , China ink 9 pharma MoUs worth over $440 million at Islamabad B2B conference -- China Economic Net",0.17194764316082,0.8172851800918579,0.010767144151031971,0.16118049900978804
RELIANCE,gdelt:aol.com,2026-07-18 17:00:00+00:00,gdelt:aol.com,"Is your state one of the poorest in America ? See the top 25 , according to data .",0.026356635615229607,0.21509023010730743,0.758553147315979,-0.7321965117007494
RELIANCE,gdelt:timesofindia.indiatimes.com,2026-07-18 19:15:00+00:00,gdelt:timesofindia.indiatimes.com,CM bats for benefits for PwDs | Bhubaneswar News - The Times of India,0.0804300606250763,0.8835389018058777,0.03603105992078781,0.04439900070428848
RELIANCE,gdelt:stockhouse.com,2026-07-18 20:15:00+00:00,gdelt:stockhouse.com,2026 - 07 - 18 | Mandela Digital Opens Mandela Dollar Early Access Applications on Nelson Mandela Day | NDAQ : DVLT,0.04066791012883186,0.9380519390106201,0.021280158311128616,0.019387751817703247
RELIANCE,gdelt:ghanamma.com,2026-07-18 21:00:00+00:00,gdelt:ghanamma.com,Buipe solar project to take off next month – Presidential Adviser – Ghanamma . com,0.05077321454882622,0.9270252585411072,0.022201508283615112,0.028571706265211105
RELIANCE,gdelt:timesofindia.indiatimes.com,2026-07-18 22:00:00+00:00,gdelt:timesofindia.indiatimes.com,"At 68 %, Gujarat clocks highest growth in CSR spending in India",0.9083062410354614,0.079708993434906,0.01198465097695589,0.8963215900585055
RELIANCE,gdelt:pakistantoday.com.pk,2026-07-18 22:45:00+00:00,gdelt:pakistantoday.com.pk,Pak – China Healthcare Conference to Drive $850m Investment,0.29782572388648987,0.6927928328514099,0.009381454437971115,0.28844426944851875
RELIANCE,gdelt:digitaljournal.com,2026-07-19 01:00:00+00:00,gdelt:digitaljournal.com,Canada emerging science of resilient supply chains : A homegrown approach to managing uncertainty,0.19084426760673523,0.7998999357223511,0.009255880489945412,0.18158838711678982
RELIANCE,gdelt:straitstimes.com,2026-07-19 03:45:00+00:00,gdelt:straitstimes.com,"If someone needs a million drones , we must be able to deliver : Weapons maker Saab CEO",0.17784762382507324,0.8129441142082214,0.00920820888131857,0.16863941494375467
RELIANCE,gdelt:livemint.com,2026-07-19 04:45:00+00:00,gdelt:livemint.com,"Q1 results FY27 to US - Iran war , FII flows : Top five triggers that may dictate the Indian stock market this week",0.022015629336237907,0.7840513586997986,0.19393296539783478,-0.17191733606159687
RELIANCE,gdelt:livemint.com,2026-07-19 04:45:00+00:00,gdelt:livemint.com,Buy or sell : Ganesh Dongre of Anand Rathi recommends 3 stocks to buy on Monday - 20 July 2026,0.06270840764045715,0.9220356941223145,0.015255904756486416,0.04745250288397074
RELIANCE,gdelt:fool.com,2026-07-19 05:00:00+00:00,gdelt:fool.com,CrowdStrike vs . Snowflake : Which Technology Stock Is a Better Buy in 2026 ?,0.07536859810352325,0.9032703638076782,0.021361004561185837,0.05400759354233742
RELIANCE,gdelt:economictimes.indiatimes.com,2026-07-19 05:00:00+00:00,gdelt:economictimes.indiatimes.com,"Will Sensex , Nifty extend gains on Monday ? Q1 earnings , global tech selloff among 6 factors to steer D - St this week",0.7779641151428223,0.19374889135360718,0.028287017717957497,0.7496770974248648
RELIANCE,gdelt:organiser.org,2026-07-19 05:15:00+00:00,gdelt:organiser.org,How E20 is powering India journey towards energy independence,0.14299948513507843,0.8430008888244629,0.01399969682097435,0.12899978831410408
RELIANCE,gdelt:jagran.com,2026-07-19 07:15:00+00:00,gdelt:jagran.com,"HDFC , ICICI Reliance में आने वाली है बड़ी तेजी ? जेफरीज ने लार्जकैप पर जताया भरोसा ; ये फैक्टर्स होंगे महत्वपूर्ण - jefferies time for large cap stocks to rebound in india",0.8522361516952515,0.12311121076345444,0.024652650579810143,0.8275835011154413
RELIANCE,gdelt:freepressjournal.in,2026-07-19 08:15:00+00:00,gdelt:freepressjournal.in,"Q1 Earnings Season Takes Centre Stage , West Asia Tensions And Crude Oil To Steer Market Direction This Week",0.7589534521102905,0.21282441914081573,0.02822212129831314,0.7307313308119774
RELIANCE,gdelt:thehindubusinessline.com,2026-07-19 08:15:00+00:00,gdelt:thehindubusinessline.com,"Markets to track Q1 earnings , West Asia developments , crude oil this week",0.037423960864543915,0.9413938522338867,0.021182209253311157,0.016241751611232758
RELIANCE,gdelt:thehindubusinessline.com,2026-07-19 08:15:00+00:00,gdelt:thehindubusinessline.com,Reliance - BP KG - D6 gas output falls 7 % in June quarter - The HinduBusinessLine,0.00821876060217619,0.020155254751443863,0.9716259837150574,-0.9634072231128812
RELIANCE,gdelt:tarunmitra.in,2026-07-19 08:30:00+00:00,gdelt:tarunmitra.in,जनरल मनोज पांडे बोले - राष्ट्रीय सुरक्षा के लिए रक्षा तैयारियों को लगातार मजबूत करना जरूरी,0.38036713004112244,0.5857003927230835,0.033932555466890335,0.3464345745742321
RELIANCE,gdelt:livemint.com,2026-07-19 08:30:00+00:00,gdelt:livemint.com,Should you buy Reliance shares after strong Q1 results 2026 ?,0.10012208670377731,0.8854121565818787,0.014465752989053726,0.08565633371472359
RELIANCE,gdelt:livemint.com,2026-07-19 08:30:00+00:00,gdelt:livemint.com,Q1 results 2026 : Infosys to Eternal among companies to declare Q1 results next week ; check full list here,0.05366622284054756,0.9296324253082275,0.01670137047767639,0.03696485236287117
RELIANCE,gdelt:freepressjournal.in,2026-07-19 10:00:00+00:00,gdelt:freepressjournal.in,"Q1 Results : Around 250 Companies To Announce June Quarter Earnings Next Week , Infosys , Paytm & UltraTech Lead Focus",0.1552489995956421,0.8265852928161621,0.01816571317613125,0.13708328641951084
RELIANCE,gdelt:livehindustan.com,2026-07-19 10:15:00+00:00,gdelt:livehindustan.com,शुक्रवार की तेजी क्या सोमवार को भी रहेगी शेयर बाजारों में जारी ? क्या कह रहे हैं एक्सपर्ट्स,0.14396288990974426,0.8323675990104675,0.02366950362920761,0.12029338628053665
RELIANCE,gdelt:riotimesonline.com,2026-07-19 10:15:00+00:00,gdelt:riotimesonline.com,Algeria 2026 Budget : Record Social Spending and Defence Build - Up,0.9115353226661682,0.05849360302090645,0.029970994219183922,0.8815643284469843
RELIANCE,gdelt:orissapost.com,2026-07-19 12:30:00+00:00,gdelt:orissapost.com,"Q1 earnings , developments in West Asia , crude oil key drivers for markets this week : Analysts",0.08356461673974991,0.8923612236976624,0.024074112996459007,0.0594905037432909
RELIANCE,gdelt:economictimes.indiatimes.com,2026-07-19 13:15:00+00:00,gdelt:economictimes.indiatimes.com,Reliance Industrie FMCG business turns EBITDA positive for the first time,0.9554704427719116,0.02287275530397892,0.021656770259141922,0.9338136725127697
RELIANCE,gdelt:timesofindia.indiatimes.com,2026-07-19 14:00:00+00:00,gdelt:timesofindia.indiatimes.com,"Gold , silver under pressure this week as US - Iran conflict , oil rally cloud outlook",0.06346787512302399,0.0661013051867485,0.8704308271408081,-0.8069629520177841
RELIANCE,gdelt:organiser.org,2026-07-19 14:45:00+00:00,gdelt:organiser.org,Netarhat Vidyalaya : Gurukul wisdom nurtures Viksit Bharat,0.14233294129371643,0.8471166491508484,0.010550457052886486,0.13178248424082994
RELIANCE,gdelt:navabharat.com,2026-07-19 14:45:00+00:00,gdelt:navabharat.com,"वैश्विक कारकों , तिमाही परिणामों से मिलेगी बाजार को दिशा",0.1723824143409729,0.8053095936775208,0.022307991981506348,0.15007442235946655
RELIANCE,gdelt:livemint.com,2026-07-19 15:30:00+00:00,gdelt:livemint.com,"Reliance Retail plans to expand online business and dark stores in FY27 , CFO Dinesh Taluja lays out three - year roadmap",0.3942528963088989,0.5964474678039551,0.009299617260694504,0.3849532790482044
RELIANCE,gdelt:sharemanthan.in,2026-07-19 15:45:00+00:00,gdelt:sharemanthan.in,"घरेलू माँग और सरकारी खर्च से भारतीय बाजार को मजबूती , भूराजनीतिक जोखिम बड़ी चिंता",0.13489699363708496,0.8413441777229309,0.023758839815855026,0.11113815382122993
RELIANCE,gdelt:newkerala.com,2026-07-19 16:15:00+00:00,gdelt:newkerala.com,"Reliance Strategy : Jio , O2C , New Energy Growth",0.14793448150157928,0.84284907579422,0.009216466918587685,0.1387180145829916
RELIANCE,gdelt:livehindustan.com,2026-07-19 16:30:00+00:00,gdelt:livehindustan.com,"20 जुलाई को इन शेयरों पर रखें नजर , बन सकता है कमाई का बड़ा मौका",0.12191922962665558,0.8569342494010925,0.021146582439541817,0.10077264718711376
RELIANCE,gdelt:jagran.com,2026-07-19 17:15:00+00:00,gdelt:jagran.com,"अदाणी - बिड़ला का सबसे ज्यादा मुनाफा कमाने वाली टॉप - 10 कंपनियों में नाम ही नहीं , इनका चलता है सिक्का - indias most profitable companies reliance leads adanibirla out",0.23350800573825836,0.7508783936500549,0.015613602474331856,0.2178944032639265
RELIANCE,gdelt:news.webindia123.com,2026-07-19 17:15:00+00:00,gdelt:news.webindia123.com,"Reliance outlines growth strategy across Jio , O2C and new energy businesses after Q1",0.6140372157096863,0.376897931098938,0.009064787067472935,0.6049724286422133
RELIANCE,gdelt:thestar.com.my,2026-07-19 17:30:00+00:00,gdelt:thestar.com.my,Is Malaysia Inc too comfortable at home ?,0.031849320977926254,0.3836266100406647,0.5845240950584412,-0.5526747740805149
RELIANCE,gdelt:timesofsandiego.com,2026-07-19 17:45:00+00:00,gdelt:timesofsandiego.com,"Opinion : San Diego welcomed Haitian workers , but DHS is sidelining them",0.10455173254013062,0.17029350996017456,0.7251548171043396,-0.620603084564209
RELIANCE,gdelt:moneycontrol.com,2026-07-19 18:00:00+00:00,gdelt:moneycontrol.com,"Dalal Street Week Ahead : West Asia conflict - led oil prices , Q1 earnings , rupee , flash PMI among 10 key factors to watch",0.07957856357097626,0.8887727856636047,0.0316486693918705,0.04792989417910576
RELIANCE,gdelt:hindi.business-standard.com,2026-07-19 18:00:00+00:00,gdelt:hindi.business-standard.com,"रिलायंस के जून तिमाही के नतीजे उम्मीद से बेहतर , O2C और जियो कारोबार ने दिखाई दमदार बढ़त - reliance june quarter results beat expectations o2c and jio businesses show robust growth",0.9498355984687805,0.03053577058017254,0.019628603011369705,0.9302069954574108
RELIANCE,gdelt:equitybulls.com,2026-07-19 19:00:00+00:00,gdelt:equitybulls.com,Reliance Industries Starts New Fiscal on a High : Q1 FY27 Revenue Surges 24 . 5 % to ₹3 . 4 Lakh Crore as Jio and O2C Units Drive Record Earnings,0.9460039734840393,0.02546076290309429,0.028535274788737297,0.917468698695302
RELIANCE,gdelt:modernghana.com,2026-07-19 19:15:00+00:00,gdelt:modernghana.com,CPP calls for return to Nkrumah development model ahead of 2028 elections,0.26248133182525635,0.7278687953948975,0.009649815037846565,0.2528315167874098
RELIANCE,gdelt:global.chinadaily.com.cn,2026-07-20 03:00:00+00:00,gdelt:global.chinadaily.com.cn,Largest shipbuilder exploring automated design,0.15162435173988342,0.8373873233795166,0.010988336987793446,0.14063601475208998
RELIANCE,gdelt:economictimes.indiatimes.com,2026-07-20 04:15:00+00:00,gdelt:economictimes.indiatimes.com,"Sensex Today | Nifty 50 | Stock Market Live Updates : Sensex slides over 600 pts , Nifty below 24 , 200 ; bank , financial stocks bleed",0.04524191468954086,0.08660899847745895,0.8681491017341614,-0.8229071870446205
RELIANCE,gdelt:navbharattimes.indiatimes.com,2026-07-20 04:15:00+00:00,gdelt:navbharattimes.indiatimes.com,"पहली बार  प्रॉफिट  में आया मुकेश अंबानी का यह बिजनेस , ₹1 , 00 , 000 करोड़ तक पहुंचने का है टारगेट - reliance industries fmcg business turns ebitda - positive for the first time",0.9347026944160461,0.04879415035247803,0.016503218561410904,0.9181994758546352
RELIANCE,gdelt:timesofindia.indiatimes.com,2026-07-20 04:15:00+00:00,gdelt:timesofindia.indiatimes.com,"Stock Market Today Live Updates : Dalal Street begins session in red ; BSE Sensex down over 500 points , NSE Nifty50 trades near 24 , 220",0.013398519717156887,0.031242938712239265,0.9553585648536682,-0.9419600451365113
RELIANCE,gdelt:loksatta.com,2026-07-20 04:45:00+00:00,gdelt:loksatta.com,"Share Market Q1 Results Marathi : रिलायन्स जिओ आयपीओ आणणार , BHEL नफ्यात , मार्केटमध्ये तेजीचे संकेत",0.05509930104017258,0.9173225164413452,0.027578169479966164,0.027521131560206413
RELIANCE,gdelt:economictimes.indiatimes.com,2026-07-20 04:45:00+00:00,gdelt:economictimes.indiatimes.com,Reliance Industries share price target : What are brokerages saying after Q1 results ?,0.028667258098721504,0.9168227314949036,0.05451004579663277,-0.025842787697911263
RELIANCE,gdelt:organiser.org,2026-07-20 05:15:00+00:00,gdelt:organiser.org,J & K : Apple boom fuels economic transformation in Kathua Bani,0.8413043022155762,0.14679387211799622,0.011901864781975746,0.8294024374336004
RELIANCE,gdelt:cyprus-mail.com,2026-07-20 05:15:00+00:00,gdelt:cyprus-mail.com,Spending on AI infrastructure hits IBM software sales,0.015790095552802086,0.02810823544859886,0.9561015963554382,-0.9403115008026361
RELIANCE,gdelt:thehindu.com,2026-07-20 05:15:00+00:00,gdelt:thehindu.com,The E20 transition : fuel for debate,0.14654725790023804,0.8272196650505066,0.026233023032546043,0.120314234867692
RELIANCE,gdelt:cleantechnica.com,2026-07-20 05:15:00+00:00,gdelt:cleantechnica.com,US Hydropower Faces Supply Chain Challenges With Large Power Transformers,0.06327933073043823,0.2095370888710022,0.7271835207939148,-0.6639041900634766
RELIANCE,gdelt:haribhoomi.com,2026-07-20 05:15:00+00:00,gdelt:haribhoomi.com,"Share Market Today : गिरावट के साथ खुला बाजार , 21 जुलाई को SBI AMC और 2 कंपनियों की होगी बड़ी लिस्टिंग",0.07549057900905609,0.9019237756729126,0.0225856713950634,0.05290490761399269
RELIANCE,gdelt:dailypioneer.com,2026-07-20 05:30:00+00:00,gdelt:dailypioneer.com,"Reliance Retail to Expand JioMart , Dark Stores and Omni - Channel Business Over Three Years",0.3437407314777374,0.648749053478241,0.007510241586714983,0.33623048989102244
RELIANCE,gdelt:retail.economictimes.indiatimes.com,2026-07-20 06:00:00+00:00,gdelt:retail.economictimes.indiatimes.com,"Reliance Retail Unveils Ambitious Plan for Online Growth with JioMart and Dark Stores by FY27 , ETRetail",0.748760998249054,0.24290987849235535,0.008329160511493683,0.7404318377375603
RELIANCE,gdelt:retail.economictimes.indiatimes.com,2026-07-20 06:00:00+00:00,gdelt:retail.economictimes.indiatimes.com,"Tata Westside Set to Propel Growth with Ambitious 100 New Stores Annually , ETRetail",0.8876743912696838,0.10392459481954575,0.00840112566947937,0.8792732656002045
RELIANCE,gdelt:retail.economictimes.indiatimes.com,2026-07-20 06:00:00+00:00,gdelt:retail.economictimes.indiatimes.com,"Reliance Industries Achieves EBITDA Profitability in FMCG Business , ETRetail",0.9460928440093994,0.04349246621131897,0.010414676740765572,0.9356781672686338
RELIANCE,gdelt:deccanchronicle.com,2026-07-20 06:00:00+00:00,gdelt:deccanchronicle.com,"Sensex Tanks Over 500 Points , Nifty Slips as HDFC Bank Drops",0.07396278530359268,0.03677189722657204,0.8892653584480286,-0.8153025731444359
RELIANCE,gdelt:equitybulls.com,2026-07-20 06:15:00+00:00,gdelt:equitybulls.com,"Jio Platforms Reports Surge in Q1 FY27 Net Profit to ₹7 , 764 Crore : EBITDA Margins Expand to Record 53 . 3 %",0.9527782797813416,0.02556293085217476,0.02165881171822548,0.9311194680631161
RELIANCE,gdelt:equitybulls.com,2026-07-20 06:15:00+00:00,gdelt:equitybulls.com,JioStar Reports Strong Q1 FY27 Performance : EBITDA Operations Up 30 . 7 % as JioHotstar Hits Record 530 Million MAUs,0.9549421072006226,0.022192595526576042,0.022865308448672295,0.9320767987519503
RELIANCE,gdelt:equitybulls.com,2026-07-20 06:15:00+00:00,gdelt:equitybulls.com,"Reliance Retail Ventures Limited Reports Q1 FY27 Gross Revenue of ₹90 , 408 Crore : Digital Commerce Surges Across Consumption Baskets",0.9212697744369507,0.060296643525362015,0.018433567136526108,0.9028362073004246
RELIANCE,gdelt:theweek.in,2026-07-20 06:30:00+00:00,gdelt:theweek.in,"Sensex sinks over 700 points as HDFC Bank slumps , oil spikes",0.013614681549370289,0.028096383437514305,0.9582890272140503,-0.94467434566468
RELIANCE,gdelt:thehindu.com,2026-07-20 06:30:00+00:00,gdelt:thehindu.com,"Stock markets tumble in early trade dragged by HDFC Bank , spike in crude oil prices",0.01581449620425701,0.024647805839776993,0.9595376253128052,-0.9437231291085482
RELIANCE,gdelt:navbharattimes.indiatimes.com,2026-07-20 06:30:00+00:00,gdelt:navbharattimes.indiatimes.com,"RIL Share Price : बाजार में गिरावट के बीच उछला रिलायंस का शेयर , ब्रोकरेज में लगी टारगेट बढ़ाने की होड़",0.06919214129447937,0.910165011882782,0.020642822608351707,0.04854931868612766
RELIANCE,gdelt:rediff.com,2026-07-20 06:45:00+00:00,gdelt:rediff.com,Indian Stock Markets Decline : HDFC Bank Earnings & US - Iran Tensions Impact,0.011290892958641052,0.029526839032769203,0.9591823816299438,-0.9478914886713028
RELIANCE,gdelt:dainiktribuneonline.com,2026-07-20 06:45:00+00:00,gdelt:dainiktribuneonline.com,"Stock Market Today : कच्चे तेल में उछाल से शेयर बाजार में गिरावट , सेंसेक्स 500 अंक से ज्यादा टूटा ; रुपया भी कमजोर",0.06523797661066055,0.9118633270263672,0.022898774594068527,0.042339202016592026
RELIANCE,gdelt:thehindubusinessline.com,2026-07-20 07:00:00+00:00,gdelt:thehindubusinessline.com,"Q1 Results 20th July Live : Swaraj Engines Q1 profit up , UltraTech , Paytm , IOB , KVB , Shyam Metalics , Sobha , JP Power , Bluestone to announce Q1 results , RIL & ICICI Bank gain , HDFC Bank , Kotak Mahindra , Axis Bank shares fall",0.040406860411167145,0.045247383415699005,0.9143458008766174,-0.8739389404654503
RELIANCE,gdelt:news.az,2026-07-20 07:00:00+00:00,gdelt:news.az,Nigeria – Morocco gas pipeline : Which major powers support the $25 billion project and what interests are at stake ?,0.031050611287355423,0.9470882415771484,0.021861152723431587,0.009189458563923836
RELIANCE,gdelt:freepressjournal.in,2026-07-20 07:00:00+00:00,gdelt:freepressjournal.in,"Sensex Falls Over 600 Points , Nifty Down 0 . 6 % As Banking Stocks Slide , Crude Oil Above $90",0.013918054290115833,0.020524099469184875,0.9655578136444092,-0.9516397593542933
RELIANCE,gdelt:n.yam.com,2026-07-20 07:00:00+00:00,gdelt:n.yam.com,剖析 中共習近平的 「 新時代 」 與 「 百年未有之大變局 」 的戰略框架,0.09708475321531296,0.8685562014579773,0.03435897454619408,0.06272577866911888
RELIANCE,gdelt:economictimes.indiatimes.com,2026-07-20 07:00:00+00:00,gdelt:economictimes.indiatimes.com,Banks Lend Muscle to Q1 Bottomline,0.4852861166000366,0.47931721806526184,0.03539669141173363,0.449889425188303
RELIANCE,gdelt:thehindubusinessline.com,2026-07-20 07:00:00+00:00,gdelt:thehindubusinessline.com,Reliance shares nudge higher as record Q1 earnings draw analyst upgrades,0.8747896552085876,0.04886696860194206,0.07634343206882477,0.7984462231397629
RELIANCE,gdelt:moneycontrol.com,2026-07-20 07:15:00+00:00,gdelt:moneycontrol.com,Reliance Industries stock : Brokerages stay bullish after Q1 beat ; Goldman Sachs sees 41 % upside,0.82166987657547,0.039223141968250275,0.13910694420337677,0.6825629323720932
RELIANCE,gdelt:ghanamma.com,2026-07-20 07:15:00+00:00,gdelt:ghanamma.com,Ghana and India Forge Groundbreaking Solar Energy Partnership : Solex Energy Vision for Local Manufacturing and Clean Energy Transition – Ghanamma . com,0.5758827328681946,0.4144855737686157,0.009631697088479996,0.5662510357797146
RELIANCE,gdelt:moneycontrol.com,2026-07-20 07:15:00+00:00,gdelt:moneycontrol.com,"Sensex rises 250 pts from day low , Nifty reclaims 24 , 200 : Four key reasons behind market paring losses",0.2266705185174942,0.6907116770744324,0.08261772990226746,0.14405278861522675
RELIANCE,gdelt:ghanamma.com,2026-07-20 07:15:00+00:00,gdelt:ghanamma.com,Ghana opens bidding for 5G licenses after revoking Ambani - backed deal – Ghanamma . com,0.398832231760025,0.5836390852928162,0.017528677359223366,0.38130355440080166
RELIANCE,gdelt:hindi.business-standard.com,2026-07-20 07:30:00+00:00,gdelt:hindi.business-standard.com,"Reliance Share Price : तिमाही नतीजों के बाद क्या करें ? 4 ब्रोकरेज बुलिश , 33 % तक अपसाइड का अनुमान - reliance share price 4 brokerages stay bullish after q1 results see up to 33pc upside should you buy",0.6857616901397705,0.26661139726638794,0.047626856714487076,0.6381348334252834
RELIANCE,gdelt:businessdayghana.com,2026-07-20 07:30:00+00:00,gdelt:businessdayghana.com,"Matrix Robotics Showcases MATRIX - 3 at WAIC 2026 , Announces WAVE Physical World Foundation Model Upgrade and Launches Global Partner Program",0.4612921178340912,0.5291279554367065,0.009579953737556934,0.45171216409653425
RELIANCE,gdelt:itnewsonline.com,2026-07-20 10:00:00+00:00,gdelt:itnewsonline.com,"IT News Online - Matrix Robotics Showcases MATRIX - 3 at WAIC 2026 , Announces WAVE Physical World Foundation Model Upgrade and Launches Global Partner Program",0.5372190475463867,0.45311692357063293,0.00966400932520628,0.5275550382211804
RELIANCE,gdelt:montrealgazette.com,2026-07-20 10:30:00+00:00,gdelt:montrealgazette.com,"Volatus Aerospace to Showcase Advanced Aerospace , Autonomy and Intelligence Solutions at Farnborough International Airshow",0.669331431388855,0.3210133910179138,0.009655207395553589,0.6596762239933014
RELIANCE,gdelt:thedailystar.net,2026-07-20 11:00:00+00:00,gdelt:thedailystar.net,Sole DAP fertiliser plant shut since June 28 over raw material shortage,0.01174430176615715,0.05849044770002365,0.9297652244567871,-0.91802092269063
RELIANCE,gdelt:thedailystar.net,2026-07-20 11:00:00+00:00,gdelt:thedailystar.net,Rohingya Crisis Bangladesh | Rohingya crisis deepens but global focus shifts | Rohingya Humanitarian Crisis,0.07251240313053131,0.2637602984905243,0.6637272834777832,-0.5912148803472519
RELIANCE,gdelt:freepressjournal.in,2026-07-20 12:00:00+00:00,gdelt:freepressjournal.in,"Share Market Breaks Winning Run , Here Why Did Sensex Crash 443 Points Today ?",0.09183871746063232,0.8200787305831909,0.08808260411024094,0.003756113350391388
RELIANCE,gdelt:geeky-gadgets.com,2026-07-20 12:15:00+00:00,gdelt:geeky-gadgets.com,Mac Studio Enterprise AI Potential for Local Models,0.5331307649612427,0.45793813467025757,0.008931049145758152,0.5241997158154845
RELIANCE,gdelt:itweb.co.za,2026-07-20 13:00:00+00:00,gdelt:itweb.co.za,"Over - reliance on AI for financial advice carries risks , warn experts",0.022982502356171608,0.2395389974117279,0.7374786138534546,-0.714496111497283
RELIANCE,gdelt:manilatimes.net,2026-07-20 14:00:00+00:00,gdelt:manilatimes.net,WAIC 2026 Insight : AI - Native Organizations -- A Quiet Reconstruction of Corporate DNA,0.12226135283708572,0.8624881505966187,0.015250449068844318,0.1070109037682414
RELIANCE,gdelt:finanznachrichten.de,2026-07-20 14:00:00+00:00,gdelt:finanznachrichten.de,"Wellgistics Health , Inc .: Wellgistics Health Announces Updated Record Date for Distribution of Dream Bowl 2026 Meme Coin to Stockholders",0.14673522114753723,0.842506468296051,0.010758308693766594,0.13597691245377064
RELIANCE,gdelt:manilatimes.net,2026-07-20 15:45:00+00:00,gdelt:manilatimes.net,"NVIDIA Agent Toolkit Expands With New Omniverse Libraries , Putting AI Agents to Work Building Simulation - Ready Worlds",0.743171215057373,0.2422812581062317,0.014547538943588734,0.7286236761137843
RELIANCE,gdelt:tarunmitra.in,2026-07-20 16:45:00+00:00,gdelt:tarunmitra.in,"जीरो पॉवर्टी अभियान को बढ़ावा , कौशल प्रशिक्षण के लिए 50 करोड़ रुपये किए मंजूर",0.16098491847515106,0.816868245601654,0.022146837785840034,0.13883808068931103
RELIANCE,gdelt:stockhouse.com,2026-07-20 17:15:00+00:00,gdelt:stockhouse.com,2026 - 07 - 20 | Datavault AI ( DVLT ) Announces Q3 2026 Strategic Goals and Operational Objectives | NDAQ : DVLT,0.08109770715236664,0.907209038734436,0.01169327087700367,0.06940443627536297
RELIANCE,gdelt:prokerala.com,2026-07-20 17:15:00+00:00,gdelt:prokerala.com,India - UK FTA to be highly beneficial for Indian businesses : Industry,0.8987881541252136,0.0929543748497963,0.008257430978119373,0.8905307231470942
RELIANCE,gdelt:australiannews.net,2026-07-20 17:30:00+00:00,gdelt:australiannews.net,Electric vehicles are built different . Australia needs better data to get the most out of the shift,0.13327181339263916,0.853763222694397,0.012964908964931965,0.1203069044277072
RELIANCE,gdelt:clevelandstar.com,2026-07-20 17:45:00+00:00,gdelt:clevelandstar.com,Wellgistics Health Announces Updated Record Date for Distribution of Dream Bowl 2026 Meme Coin to Stockholders,0.09796104580163956,0.890397846698761,0.011641090735793114,0.08631995506584644
RELIANCE,gdelt:abc.net.au,2026-07-20 19:00:00+00:00,gdelt:abc.net.au,Once an  embarrassment  China EV industry now leads the world,0.2413429617881775,0.7002699375152588,0.058387044817209244,0.18295591697096825
RELIANCE,gdelt:economictimes.indiatimes.com,2026-07-20 19:15:00+00:00,gdelt:economictimes.indiatimes.com,RIL sees better global refining margins despite oilfield attacks,0.9564197063446045,0.02971246838569641,0.013867917470633984,0.9425517888739705
RELIANCE,gdelt:dostor.org,2026-07-20 19:15:00+00:00,gdelt:dostor.org,من التجميع إلى التصنيع .. كيف نجحت وزارة الصناعة في رفع نسبة المكون المحلي ؟,0.05386057496070862,0.912382185459137,0.033757176250219345,0.020103398710489273
RELIANCE,gdelt:thehindubusinessline.com,2026-07-20 19:15:00+00:00,gdelt:thehindubusinessline.com,"Q1 Results 20th July Highlights : UltraTech profit rises ; IOB , KVB and Sobha post strong Q1 growth ; Mahindra Logistics , Dynamic Cables , Jaiprakash Power , Shyam Metalics surge",0.951339066028595,0.026889966800808907,0.021770989522337914,0.9295680765062571
RELIANCE,gdelt:leaderpost.com,2026-07-20 21:00:00+00:00,gdelt:leaderpost.com,Eagle Nuclear Energy Provides Second Quarter 2026 Corporate Update,0.025522304698824883,0.9468591809272766,0.02761853113770485,-0.0020962264388799667
RELIANCE,gdelt:rnz.co.nz,2026-07-20 21:45:00+00:00,gdelt:rnz.co.nz,Finance Minister Nicola Willis had little option but to protect local cement supply,0.10994390398263931,0.8381202220916748,0.05193581059575081,0.058008093386888504
RELIANCE,gdelt:livenews.co.nz,2026-07-20 22:00:00+00:00,gdelt:livenews.co.nz,"PM Edition : Top 10 Business Articles on LiveNews . co . nz for July 21 , 2026 – Full Text – LiveNews . co . nz",0.029027851298451424,0.9415658712387085,0.02940632402896881,-0.0003784727305173874
RELIANCE,gdelt:unitaid.eu,2026-07-20 22:30:00+00:00,gdelt:unitaid.eu,The Dorfman Evolution : Exploring The Viral Shift In Modern Digital Content Creation,0.09266090393066406,0.8924262523651123,0.014912850223481655,0.07774805370718241
RELIANCE,gdelt:unitaid.eu,2026-07-20 22:45:00+00:00,gdelt:unitaid.eu,Unlocking The Full Potential Of Luxottica My Personal Desk : A Comprehensive Guide For Modern Employees,0.12701402604579926,0.8610169887542725,0.01196894608438015,0.1150450799614191
RELIANCE,gdelt:finanznachrichten.de,2026-07-20 23:00:00+00:00,gdelt:finanznachrichten.de,Namibia Critical Metals Inc .: Namibia Critical Metals Launches Next Phase of Lofdal Definitive Feasibility Study Including Further Value Addition in Namibia,0.18547393381595612,0.8058262467384338,0.008699807338416576,0.17677412647753954
RELIANCE,gdelt:localnews8.com,2026-07-20 23:00:00+00:00,gdelt:localnews8.com,INL Leads the Charge : Federal Grant positions Idaho and Wyoming at the center of U . S . Nuclear Energy Future - LocalNews8 . com,0.12184035778045654,0.8682565093040466,0.009903188794851303,0.11193716898560524
RELIANCE,gdelt:scoop.co.nz,2026-07-20 23:30:00+00:00,gdelt:scoop.co.nz,BSI Expert Confirms MPI Import Standard May Break Biosecurity,0.16558517515659332,0.07347456365823746,0.7609401941299438,-0.5953550189733505
RELIANCE,gdelt:stockhouse.com,2026-07-20 23:30:00+00:00,gdelt:stockhouse.com,2026 - 07 - 20 | Namibia Critical Metals Launches Next Phase of Lofdal Definitive Feasibility Study Including Further Value Addition in Namibia | TSXV : NMI,0.2582559287548065,0.7339626550674438,0.007781477645039558,0.25047445110976696
RELIANCE,gdelt:saltlakecitysun.com,2026-07-21 00:00:00+00:00,gdelt:saltlakecitysun.com,Namibia Critical Metals Launches Next Phase of Lofdal Definitive Feasibility Study Including Further Value Addition in Namibia,0.1569768339395523,0.8350883722305298,0.007934840396046638,0.14904199354350567
RELIANCE,marketaux:thehindubusinessline.com,2026-07-21 06:28:18+00:00,marketaux:thehindubusinessline.com,"The company posted consolidated revenue of ₹617 million for Q1 FY27, up 53 per cent from ₹402 million in the same quarter last year

Shares of South West Pinnacle Exploration Limited jumped 8.42 per cent to ₹255.76 on Tuesday after the Gurgaon-based drilling and exploration company reported...",0.9502924680709839,0.026573149487376213,0.023134350776672363,0.9271581172943115
RELIANCE,gdelt:finanznachrichten.de,2026-07-22 02:30:00+00:00,gdelt:finanznachrichten.de,Turntide Technologies : Turntide to Expand High - Voltage Rail Battery Production at Its Sunderland Site,0.8791837692260742,0.11472659558057785,0.006089549977332354,0.8730942192487419
RELIANCE,gdelt:timesofindia.indiatimes.com,2026-07-22 03:15:00+00:00,gdelt:timesofindia.indiatimes.com,"Top stocks to buy today : Stock recommendations for July 22 , 2026 - check list",0.032645490020513535,0.93597012758255,0.03138439729809761,0.001261092722415924
RELIANCE,gdelt:postcourier.com.pg,2026-07-22 03:30:00+00:00,gdelt:postcourier.com.pg,Marape says Westpac Report confirms broad ‑ based growth,0.6460399627685547,0.3423331677913666,0.011626888997852802,0.6344130737707019
RELIANCE,gdelt:navbharattimes.indiatimes.com,2026-07-22 03:30:00+00:00,gdelt:navbharattimes.indiatimes.com,"NSE लाया अहिंसा इंडेक्स , रिलायंस ग्रुप और बैंकों की नो एंट्री , किसे मिली है जगह ?",0.098263680934906,0.8764962553977966,0.025240080431103706,0.0730236005038023
RELIANCE,gdelt:moneycontrol.com,2026-07-22 03:45:00+00:00,gdelt:moneycontrol.com,Vizag big  AIPatnam  push : Why Visakhapatnam is emerging as India next AI data centre hub,0.2536887228488922,0.7318440079689026,0.01446735393255949,0.23922136891633272
RELIANCE,gdelt:thefastmode.com,2026-07-22 04:00:00+00:00,gdelt:thefastmode.com,Why Resilient Edge Infrastructure Is Becoming Imperative for Mission - Critical Mobile Operations,0.2688087522983551,0.7203683853149414,0.010822851210832596,0.2579859010875225
RELIANCE,gdelt:timesofindia.indiatimes.com,2026-07-22 04:30:00+00:00,gdelt:timesofindia.indiatimes.com,"0 %, 100 %, then 200 %: How Trump new generic drug tariff plan could hit India",0.04381163790822029,0.9251083731651306,0.031080031767487526,0.012731606140732765
RELIANCE,gdelt:moneycontrol.com,2026-07-22 04:45:00+00:00,gdelt:moneycontrol.com,"Stock Market Live : Nifty hovers around 24 , 000 , Sensex drops 550 pts ; pharma , banks drag , autos outperform",0.01680639013648033,0.021706195548176765,0.9614874720573425,-0.9446810819208622
RELIANCE,gdelt:timesofindia.indiatimes.com,2026-07-22 04:45:00+00:00,gdelt:timesofindia.indiatimes.com,"Stock Market Today Live Updates : BSE Sensex plunges over 600 points ; Nifty50 slips below 24 , 050 in early trade",0.010236592963337898,0.024184338748455048,0.9655790328979492,-0.9553424399346113
RELIANCE,gdelt:koreaherald.com,2026-07-22 05:15:00+00:00,gdelt:koreaherald.com,"Thailand courts Korean investment in biotech , wellness sectors",0.4713282883167267,0.5101691484451294,0.01850263960659504,0.45282564871013165
RELIANCE,gdelt:leaderpost.com,2026-07-22 05:15:00+00:00,gdelt:leaderpost.com,Turntide to Expand High - Voltage Rail Battery Production at Its Sunderland Site,0.8932092785835266,0.10010165721178055,0.006689062342047691,0.8865202162414789
RELIANCE,gdelt:global.chinadaily.com.cn,2026-07-22 05:15:00+00:00,gdelt:global.chinadaily.com.cn,China to strengthen integrated transport network by 2030,0.8961538672447205,0.09540199488401413,0.008444179780781269,0.8877096874639392
RELIANCE,gdelt:enca.com,2026-07-22 05:30:00+00:00,gdelt:enca.com,"AI boom lifts Mexico tech exports , complicating Trump trade goals",0.6232004761695862,0.030738722532987595,0.3460608720779419,0.2771396040916443
RELIANCE,gdelt:asianews.network,2026-07-22 06:00:00+00:00,gdelt:asianews.network,"Courage , foresight needed for China - EU dialogue",0.806695818901062,0.18347860872745514,0.009825495071709156,0.7968703238293529
RELIANCE,gdelt:tribune.com.pk,2026-07-22 06:45:00+00:00,gdelt:tribune.com.pk,Pakistani elected IAF vice president,0.07525970786809921,0.8893923163414001,0.03534797206521034,0.03991173580288887
RELIANCE,gdelt:sify.com,2026-07-22 06:45:00+00:00,gdelt:sify.com,China Wants a Future Without Windows . It Starts This September .,0.04469272121787071,0.9336490631103516,0.021658195182681084,0.02303452603518963
RELIANCE,gdelt:chiangraitimes.com,2026-07-22 06:45:00+00:00,gdelt:chiangraitimes.com,Singapore Seeks Indonesian Deal For Stable Natural Gas Flows,0.783320963382721,0.2063167244195938,0.01036224514245987,0.7729587182402611
RELIANCE,gdelt:manilatimes.net,2026-07-22 07:00:00+00:00,gdelt:manilatimes.net,Humanoid Global Highlights Formic Role in Launching Robots for America and Announces Leadership and Membership Updates for the U . S . Robotics Coalition,0.1461106836795807,0.8443048596382141,0.009584450162947178,0.1365262335166335
RELIANCE,gdelt:investegate.co.uk,2026-07-22 07:00:00+00:00,gdelt:investegate.co.uk,Annual Financial Report | Company Announcement,0.024560555815696716,0.9163280129432678,0.05911144241690636,-0.03455088660120964
RELIANCE,gdelt:newindianexpress.com,2026-07-22 07:15:00+00:00,gdelt:newindianexpress.com,First FTA - backed mango pulp consignment flagged off from Tirupati to united kingdom,0.10782323777675629,0.8795750141143799,0.012601768597960472,0.09522146917879581
RELIANCE,gdelt:paktribune.com,2026-07-22 08:15:00+00:00,gdelt:paktribune.com,Musk AI Odyssey : Hollywood future or a new experiment ?,0.050844814628362656,0.9249399900436401,0.024215245619416237,0.02662956900894642
RELIANCE,gdelt:bankingnews.gr,2026-07-22 09:30:00+00:00,gdelt:bankingnews.gr,EU energy dilemma : Russian LNG imports surge despite looming ban as Greece resists new sanctions,0.9300488233566284,0.02632172405719757,0.04362943768501282,0.8864193856716156
RELIANCE,gdelt:industrialinfo.com,2026-07-22 09:30:00+00:00,gdelt:industrialinfo.com,Europe Proposes Major Electrification Plan,0.3075798451900482,0.6784590482711792,0.01396114006638527,0.29361870512366295
RELIANCE,gdelt:leaderpost.com,2026-07-22 11:15:00+00:00,gdelt:leaderpost.com,"Wabtec Reports Strong Second Quarter 2026 Results , Announces Increase to Full - Year Revenue & Adjusted EPS Guidance",0.9526634812355042,0.025259612128138542,0.022076865658164024,0.9305866155773401
RELIANCE,gdelt:finanznachrichten.de,2026-07-22 12:45:00+00:00,gdelt:finanznachrichten.de,Amaero Inc .: Amaero Releases Quarterly Activities Report for the Period Ending June 2026,0.01731259375810623,0.893859326839447,0.08882810175418854,-0.0715155079960823
RELIANCE,gdelt:miningmx.com,2026-07-22 12:45:00+00:00,gdelt:miningmx.com,US to ease aluminium tariffs for smelter investment,0.7856529951095581,0.19243039190769196,0.021916653960943222,0.7637363411486149
RELIANCE,gdelt:milanofinanza.it,2026-07-22 12:45:00+00:00,gdelt:milanofinanza.it,Trump approva un accordo nucleare con lArabia Saudita . I vantaggi per le società americane e le criticità geopolitiche,0.21398566663265228,0.7611302137374878,0.024884119629859924,0.18910154700279236
RELIANCE,gdelt:timesofoman.com,2026-07-22 12:45:00+00:00,gdelt:timesofoman.com,Workshop reviews joint Gulf industrial investment opportunities,0.07383527606725693,0.9122939109802246,0.013870799914002419,0.05996447615325451
RELIANCE,gdelt:manilatimes.net,2026-07-22 12:45:00+00:00,gdelt:manilatimes.net,ChinaAMC Unveils Strategy for H2 as AI Shifts from Conviction to Earnings,0.1962888389825821,0.7857134342193604,0.0179977398365736,0.1782910991460085
RELIANCE,gdelt:manilatimes.net,2026-07-22 12:45:00+00:00,gdelt:manilatimes.net,Amaero Releases Quarterly Activities Report for the Period Ending June 2026,0.01629336178302765,0.9055964946746826,0.07811017334461212,-0.06181681156158447
RELIANCE,gdelt:thehindubusinessline.com,2026-07-22 13:00:00+00:00,gdelt:thehindubusinessline.com,"HDFC Bank shares fall over 8 % in three days , erasing ₹1 lakh crore in market value",0.007785263936966658,0.019671374931931496,0.9725434184074402,-0.9647581544704735
RELIANCE,gdelt:cfi.net.cn,2026-07-22 13:15:00+00:00,gdelt:cfi.net.cn,[ HK ] 靛蓝星 ( 08373 ): 非常重大收购事项关于新加坡房产收购有关 - CFi . CN 中财网,0.04274532198905945,0.9352790117263794,0.02197573520243168,0.02076958678662777
RELIANCE,gdelt:punjabkesari.in,2026-07-22 13:30:00+00:00,gdelt:punjabkesari.in,HDFC बैंक के शेयर 3 दिन में 8 % से ज़्यादा गिरे ; निवेशकों के 1 लाख करोड़ डूबे - shares of hdfc bank fell more than 8 in 3 days,0.006559929810464382,0.0251205712556839,0.9683194756507874,-0.961759545840323
RELIANCE,gdelt:manilatimes.net,2026-07-22 13:45:00+00:00,gdelt:manilatimes.net,AMD and Anthropic Announce Strategic Partnership to Deploy Up to 2 Gigawatts of AMD Instinct MI450 Series GPUs,0.9194013476371765,0.06962142884731293,0.010977196507155895,0.9084241511300206
RELIANCE,gdelt:manilatimes.net,2026-07-22 14:00:00+00:00,gdelt:manilatimes.net,TeraWulf Schedules Conference Call for Second Quarter 2026 Financial Results,0.022977139800786972,0.9090957045555115,0.06792715936899185,-0.04495001956820488
RELIANCE,gdelt:nayaindia.com,2026-07-22 15:45:00+00:00,gdelt:nayaindia.com,"शेयर बाजारों में चौतरफा बिकवाली , सेंसेक्स 715 अंक टूटा - Naya India - Hindi News , Latest Hindi News , Breaking News , Hindi Samachar",0.0424635075032711,0.9365293979644775,0.021007152274250984,0.02145635522902012
RELIANCE,gdelt:itnewsonline.com,2026-07-22 16:00:00+00:00,gdelt:itnewsonline.com,"IT News Online - AIAI Deploys Bid Accelerator , Showcasing Its Transformational AI Integration Strategy",0.6493149995803833,0.3419754207134247,0.008709547109901905,0.6406054524704814
RELIANCE,gdelt:geo.tv,2026-07-22 16:00:00+00:00,gdelt:geo.tv,"PM calls for unified innovation ecosystem , unveils new technology initiatives",0.490229070186615,0.49915802478790283,0.010612912476062775,0.4796161577105522
RELIANCE,gdelt:californiatelegraph.com,2026-07-22 16:30:00+00:00,gdelt:californiatelegraph.com,Olenox Industries Issues Letter to Shareholders : From Subsurface Energy to End - User Intelligence,0.04997248202562332,0.9384981393814087,0.011529355309903622,0.0384431267157197
RELIANCE,gdelt:thestarphoenix.com,2026-07-22 16:30:00+00:00,gdelt:thestarphoenix.com,Realbotix Corp . Provides Corporate Structure and Operations Update,0.023966344073414803,0.9538924098014832,0.022141244262456894,0.0018250998109579086
RELIANCE,gdelt:hawaiitelegraph.com,2026-07-22 16:30:00+00:00,gdelt:hawaiitelegraph.com,Dot Ai Announces Definitive Agreements for Up to $6 . 0 million Strategic Preferred Stock Investment,0.6523659229278564,0.3363979458808899,0.01123608835041523,0.6411298345774412
RELIANCE,gdelt:stockhouse.com,2026-07-22 16:30:00+00:00,gdelt:stockhouse.com,2026 - 07 - 22 | Realbotix Corp . Provides Corporate Structure and Operations Update | TSXV : XBOT,0.022980984300374985,0.9512413144111633,0.025777699425816536,-0.002796715125441551
RELIANCE,gdelt:mining-technology.com,2026-07-22 17:00:00+00:00,gdelt:mining-technology.com,Rio Tinto signs bio pellet supply deal SCL refineries in Queensland,0.781639814376831,0.206543430685997,0.011816727928817272,0.7698230864480138
RELIANCE,gdelt:economictimes.indiatimes.com,2026-07-22 17:00:00+00:00,gdelt:economictimes.indiatimes.com,"DRDO partners with AIESL , Adani Defence for new surveillance aircraft",0.8336800336837769,0.15993987023830414,0.006380078848451376,0.8272999548353255
RELIANCE,gdelt:morningstaronline.co.uk,2026-07-22 19:00:00+00:00,gdelt:morningstaronline.co.uk,Reform landslide victory in St Helens and how we should move forward,0.1558658927679062,0.8299493789672852,0.014184737578034401,0.1416811551898718
RELIANCE,gdelt:weeklyblitz.net,2026-07-22 19:00:00+00:00,gdelt:weeklyblitz.net,House farmworker visa bill sparks immigration and Amnesty debate,0.21565265953540802,0.4675056040287018,0.3168416917324066,-0.1011890321969986
RELIANCE,gdelt:news.webindia123.com,2026-07-22 19:45:00+00:00,gdelt:news.webindia123.com,"DRDO inks two major contracts with AIESL , ADSTL as part of AEW & C MK - II programme",0.8446179032325745,0.14742381870746613,0.007958299480378628,0.8366596037521958
RELIANCE,gdelt:riotimesonline.com,2026-07-22 20:15:00+00:00,gdelt:riotimesonline.com,Why Peru Oil and Gas Basins Stay Largely Untapped,0.039641525596380234,0.8724288940429688,0.08792959153652191,-0.04828806594014168
RELIANCE,gdelt:thegrio.com,2026-07-22 20:30:00+00:00,gdelt:thegrio.com,Black women equal pay day hits different when everyone is worried about keeping a job,0.0648062601685524,0.3767881691455841,0.5584055185317993,-0.4935992583632469
RELIANCE,gdelt:thedailystar.net,2026-07-22 20:30:00+00:00,gdelt:thedailystar.net,"Textile Millers Meet PM Tarique Rahman | Textile millers want refinancing scheme , BGMEA uninterrupted gas",0.4377995729446411,0.5343269109725952,0.02787347324192524,0.4099260997027159
RELIANCE,gdelt:muscatdaily.com,2026-07-22 20:30:00+00:00,gdelt:muscatdaily.com,GCC identifies five priority industries to boost manufacturing,0.49762630462646484,0.49107256531715393,0.011301219463348389,0.48632508516311646
RELIANCE,gdelt:newsghana.com.gh,2026-07-22 21:15:00+00:00,gdelt:newsghana.com.gh,Reps Push National Policy For Drone Manufacturing,0.527222752571106,0.3950091004371643,0.07776816189289093,0.449454590678215
RELIANCE,gdelt:standardmedia.co.ke,2026-07-22 22:00:00+00:00,gdelt:standardmedia.co.ke,Dangote Lamu refinery is more than a response to the Middle East energy crisis,0.17798742651939392,0.8119533658027649,0.010059178806841373,0.16792824771255255
RELIANCE,gdelt:omanobserver.om,2026-07-22 22:00:00+00:00,gdelt:omanobserver.om,Oman forum adopts decision to promote five joint GCC industrial projects,0.5283299684524536,0.45966383814811707,0.012006204575300217,0.5163237638771534
RELIANCE,gdelt:presstv.co.uk,2026-07-22 22:00:00+00:00,gdelt:presstv.co.uk,How Imam Khamenei visionary leadership transformed Iran into a global construction powerhouse,0.17837877571582794,0.8070718050003052,0.01454942673444748,0.16382934898138046
RELIANCE,gdelt:manilatimes.net,2026-07-22 22:15:00+00:00,gdelt:manilatimes.net,Steakholder Foods Announces ADS Ratio Adjustment,0.047953903675079346,0.9288370609283447,0.02320905774831772,0.024744845926761627
RELIANCE,gdelt:hellenicshippingnews.com,2026-07-22 22:30:00+00:00,gdelt:hellenicshippingnews.com,5 Indian Shipyards Transforming the Maritime Landscape | Hellenic Shipping News Worldwide,0.1555565893650055,0.8303365707397461,0.01410679891705513,0.14144979044795036
RELIANCE,gdelt:newswire.ca,2026-07-22 22:45:00+00:00,gdelt:newswire.ca,Intellistake Secures Full Ownership of Prediction - Market Technology Gravity to Address Wider Infrastructure Needs,0.7580243349075317,0.23610873520374298,0.005866947118192911,0.7521573877893388
RELIANCE,gdelt:chinatimes.com,2026-07-22 23:00:00+00:00,gdelt:chinatimes.com,時論廣場 》 食安法制度充足 缺乏執行 （ 康照洲 ） - 時論廣場,0.0691688060760498,0.9026816487312317,0.028149491176009178,0.041019314900040627
RELIANCE,gdelt:manilatimes.net,2026-07-22 23:00:00+00:00,gdelt:manilatimes.net,U . S . Information Request | The Manila Times,0.027466749772429466,0.9399887323379517,0.03254449740052223,-0.005077747628092766
RELIANCE,gdelt:freerepublic.com,2026-07-23 00:15:00+00:00,gdelt:freerepublic.com,The Fabian Society : conquering the free world,0.06598266214132309,0.9095405340194702,0.024476781487464905,0.041505880653858185
RELIANCE,gdelt:thestar.com.my,2026-07-23 00:45:00+00:00,gdelt:thestar.com.my,War dampener for oil prices,0.17631864547729492,0.5289491415023804,0.29473215341567993,-0.11841350793838501
RELIANCE,gdelt:mondaq.com,2026-07-23 01:00:00+00:00,gdelt:mondaq.com,Governing By Shortcut – Congress Is Losing Ability To Function Through Regular Order,0.010941730812191963,0.06213635951280594,0.9269219040870667,-0.9159801732748747
RELIANCE,gdelt:thefastmode.com,2026-07-23 01:15:00+00:00,gdelt:thefastmode.com,Vodafone Business Joins Cosine Coalition to Develop united kingdom Sovereign AI Model for Critical Sectors,0.34808123111724854,0.6434199810028076,0.0084987822920084,0.33958244882524014
RELIANCE,gdelt:biz.heraldcorp.com,2026-07-23 02:15:00+00:00,gdelt:biz.heraldcorp.com,"BNK부산은행 , 지역경제 회복과 성장에 속도 낸다",0.0841951072216034,0.897506833076477,0.01829800195991993,0.06589710526168346
RELIANCE,gdelt:oilprice.com,2026-07-23 02:45:00+00:00,gdelt:oilprice.com,Global Refiners Are Cutting Out Oil Traders To Buy Venezuelan Crude Directly,0.011805588379502296,0.07146994769573212,0.916724443435669,-0.9049188550561666
RELIANCE,gdelt:thesun.ng,2026-07-23 02:45:00+00:00,gdelt:thesun.ng,"IMT  One Diploma , One Skill  initiative",0.08063720911741257,0.9052660465240479,0.014096739701926708,0.06654046941548586
RELIANCE,gdelt:fool.com,2026-07-23 03:00:00+00:00,gdelt:fool.com,NVE ( NVEC ) Q1 2027 Earnings Call Transcript,0.03475266695022583,0.9331540465354919,0.032093241810798645,0.002659425139427185
RELIANCE,gdelt:livemint.com,2026-07-23 03:15:00+00:00,gdelt:livemint.com,Raja Venkatraman recommends three stocks for 23 July,0.033972904086112976,0.9397285580635071,0.026298582553863525,0.007674321532249451
RELIANCE,gdelt:dynamicbusiness.com,2026-07-23 03:15:00+00:00,gdelt:dynamicbusiness.com,"The circular economy isnt just good ethics , it good business",0.22658902406692505,0.7586230635643005,0.0147879458963871,0.21180107817053795
RELIANCE,gdelt:thehindubusinessline.com,2026-07-23 03:15:00+00:00,gdelt:thehindubusinessline.com,"Stocks to watch : Reliance , HCL Tech , Sona BLW , HFCL , Mahindra Lifespace , Vedanta Oil , Saatvik Green , Rubicon Research",0.04149707779288292,0.9415023326873779,0.01700061373412609,0.02449646405875683
RELIANCE,gdelt:computerweekly.com,2026-07-23 05:00:00+00:00,gdelt:computerweekly.com,Singapore military to explore quantum computing for mission planning,0.22929248213768005,0.7612677216529846,0.00943975429981947,0.21985272783786058
RELIANCE,gdelt:tribuneindia.com,2026-07-23 05:15:00+00:00,gdelt:tribuneindia.com,Stock markets decline in early trade on surging crude oil prices,0.01722903363406658,0.03567055985331535,0.9471004605293274,-0.9298714268952608
RELIANCE,gdelt:thediplomat.com,2026-07-23 05:15:00+00:00,gdelt:thediplomat.com,India and Japan Emerging Shipbuilding Partnership – The Diplomat,0.4238850176334381,0.5633000731468201,0.012814922258257866,0.41107009537518024
RELIANCE,gdelt:dainiktribuneonline.com,2026-07-23 06:45:00+00:00,gdelt:dainiktribuneonline.com,"Sensex Nifty Today : कच्चे तेल में तेजी से बाजार में दबाव , सेंसेक्स 231 अंक टूटा , निफ्टी 23 , 937 पर खुला",0.07362989336252213,0.903523325920105,0.022846709936857224,0.0507831834256649
RELIANCE,gdelt:ipsnews.net,2026-07-23 06:45:00+00:00,gdelt:ipsnews.net,Trump Authoritarian Gambit to Muzzle the Foreign Press,0.07200677692890167,0.8035508394241333,0.12444236874580383,-0.05243559181690216
RELIANCE,gdelt:kob.com,2026-07-23 07:15:00+00:00,gdelt:kob.com,The Latest : House adopts $95 billion budget proposal to fund Iran war and other Trump priorities,0.16907383501529694,0.7858793139457703,0.045046839863061905,0.12402699515223503
RELIANCE,gdelt:finance.eastmoney.com,2026-07-23 08:30:00+00:00,gdelt:finance.eastmoney.com,建设更具世界影响力的社会主义国际文化大都市 上海擘画未来五年新蓝图 ！ _ 东方财富网,0.13174085319042206,0.8069958686828613,0.061263296753168106,0.07047755643725395
RELIANCE,gdelt:brahmand.com,2026-07-23 08:45:00+00:00,gdelt:brahmand.com,"Brahmand - Latest News On Defence , Aerospace , Science & Technology , Space , Contracts",0.04960275813937187,0.9292691349983215,0.021128086373209953,0.02847467176616192
RELIANCE,gdelt:indiagazette.com,2026-07-23 09:45:00+00:00,gdelt:indiagazette.com,Maaza marks 50 years with Special Cover ; Mango farmers felicitated on National Mango Day,0.20948070287704468,0.7771824598312378,0.013336896896362305,0.19614380598068237
RELIANCE,gdelt:stockhouse.com,2026-07-23 09:45:00+00:00,gdelt:stockhouse.com,2026 - 07 - 23 | Mullen Group Ltd . Reports Record Quarterly Financial Results and Increased 2026 Capital Budget | TSX : MTL,0.8644700050354004,0.04920152947306633,0.08632844686508179,0.7781415581703186
RELIANCE,gdelt:indiagazette.com,2026-07-23 09:45:00+00:00,gdelt:indiagazette.com,5th edition Brand of the Year 2026 - 27 Celebrates Excellence in Building Enduring Brands,0.7830450534820557,0.2092849463224411,0.007669955957680941,0.7753750975243747
RELIANCE,gdelt:stockhouse.com,2026-07-23 09:45:00+00:00,gdelt:stockhouse.com,2026 - 07 - 23 | Focus Graphite Highlights Strategic Alignment with White House Executive Order to Secure U . S . Defense Supply Chains | TSXV : FMS,0.6889184713363647,0.29478174448013306,0.016299748793244362,0.6726187225431204
RELIANCE,gdelt:leaderpost.com,2026-07-23 10:00:00+00:00,gdelt:leaderpost.com,Mullen Group Ltd . Reports Record Quarterly Financial Results and Increased 2026 Capital Budget,0.9504971504211426,0.023295467719435692,0.026207387447357178,0.9242897629737854
RELIANCE,gdelt:finanznachrichten.de,2026-07-23 11:00:00+00:00,gdelt:finanznachrichten.de,Americas Gold and Silver Corporation : Americas Gold and Silver Corporation Announces Second Quarter Production,0.08062202483415604,0.7894432544708252,0.12993469834327698,-0.04931267350912094
RELIANCE,gdelt:bizcommunity.com,2026-07-23 11:00:00+00:00,gdelt:bizcommunity.com,Beyond data : Why growth is still human - led,0.045534487813711166,0.9090632796287537,0.04540218040347099,0.00013230741024017334
RELIANCE,gdelt:thestarphoenix.com,2026-07-23 11:45:00+00:00,gdelt:thestarphoenix.com,"Idaho Strategic Resources Reports Significant Concentrations of Heavy Rare Earth Elements , Including Yttrium at Its Diamond Creek Project",0.26797419786453247,0.6690091490745544,0.06301667541265488,0.2049575224518776
RELIANCE,gdelt:adgully.com,2026-07-23 11:45:00+00:00,gdelt:adgully.com,Maaza marks 50 years with special cover,0.20388107001781464,0.7860544323921204,0.010064446367323399,0.19381662365049124
RELIANCE,gdelt:manilatimes.net,2026-07-23 12:00:00+00:00,gdelt:manilatimes.net,Altisource Announces Second Quarter 2026 Financial Results,0.033325452357530594,0.9308435916900635,0.03583093360066414,-0.002505481243133545
RELIANCE,gdelt:globalsecurity.org,2026-07-23 12:00:00+00:00,gdelt:globalsecurity.org,DRDO inks two major contracts with Industry partners as part of AEW & C MK - II programme,0.9197303652763367,0.06584439426660538,0.01442516129463911,0.9053052039816976
RELIANCE,gdelt:investmentnews.com,2026-07-23 12:45:00+00:00,gdelt:investmentnews.com,Concentrated growth and a shifting Fed demand a more deliberate approach to fixed income,0.1124039888381958,0.8652042746543884,0.022391751408576965,0.09001223742961884
RELIANCE,gdelt:itnewsonline.com,2026-07-23 13:15:00+00:00,gdelt:itnewsonline.com,"IT News Online - ClearSign Announces Private Placement of $1 , 770 , 000",0.05510874092578888,0.9293488264083862,0.01554248109459877,0.03956625983119011
RELIANCE,gdelt:prokerala.com,2026-07-23 14:45:00+00:00,gdelt:prokerala.com,Pakistan failed to convert CPEC investments into sustained economic growth : Analysis,0.48574960231781006,0.4493398666381836,0.06491056084632874,0.4208390414714813
RELIANCE,gdelt:finance.yahoo.com,2026-07-23 15:00:00+00:00,gdelt:finance.yahoo.com,Weak housing market hurts big and bulky last - mile delivery,0.012476111762225628,0.0261378213763237,0.96138596534729,-0.9489098535850644
RELIANCE,gdelt:insidermonkey.com,2026-07-23 15:00:00+00:00,gdelt:insidermonkey.com,ZenaTech Drone as a Service Closes 26th Acquisition of an Ohio - based Land Surveying Company Licensed in Four States,0.20751607418060303,0.7855942249298096,0.006889685522764921,0.2006263886578381
RELIANCE,gdelt:leaderpost.com,2026-07-23 15:00:00+00:00,gdelt:leaderpost.com,"This Greenland Rare Earth and Precious Metals Company Just Put Up a Takeover Defense , and It Says Something About How It Views Its Own Value",0.0496787391602993,0.9269202351570129,0.023401014506816864,0.026277724653482437
RELIANCE,gdelt:thedailystar.net,2026-07-23 15:30:00+00:00,gdelt:thedailystar.net,FSRU glitch cuts gas supply by 17 %,0.04894855618476868,0.050001129508018494,0.901050329208374,-0.8521017730236053
RELIANCE,gdelt:miningweekly.com,2026-07-23 16:00:00+00:00,gdelt:miningweekly.com,"Beneficiation , innovation take centre stage at MCCI conference",0.2250201553106308,0.766616940498352,0.008362841792404652,0.21665731351822615
RELIANCE,gdelt:punchng.com,2026-07-23 16:15:00+00:00,gdelt:punchng.com,Dangote Refinery Completes $2 . 5bn Equity Placement,0.4123394191265106,0.5707483291625977,0.016912229359149933,0.3954271897673607
RELIANCE,gdelt:theindianawaaz.com,2026-07-23 16:30:00+00:00,gdelt:theindianawaaz.com,"Stock Markets Extend Losing Streak for 4th Session as Oil Spike , Sensex sheds 364 pts – The Indian Awaaz",0.024185089394450188,0.02808721922338009,0.9477276802062988,-0.9235425908118486
RELIANCE,gdelt:californiatelegraph.com,2026-07-23 16:30:00+00:00,gdelt:californiatelegraph.com,"ClearSign Announces Private Placement of $1 , 770 , 000",0.07566709071397781,0.9097956418991089,0.01453723106533289,0.061129859648644924
RELIANCE,gdelt:lankanewspapers.com,2026-07-23 16:30:00+00:00,gdelt:lankanewspapers.com,Sri Lanka Export Earnings Cross USD 9 Billion Mark in First Half of 2025,0.919719934463501,0.052549391984939575,0.027730721980333328,0.8919892124831676
RELIANCE,gdelt:thestarphoenix.com,2026-07-23 16:45:00+00:00,gdelt:thestarphoenix.com,Vereigen Media Features Enghouse Vidyo Demand Generation Director Sylvain Awad in New Episode of  From the Source,0.09561210125684738,0.8864527940750122,0.017935175448656082,0.0776769258081913
RELIANCE,gdelt:livemint.com,2026-07-23 16:45:00+00:00,gdelt:livemint.com,This boom is for the AI - anxious . 10 ways to cash in .,0.18132199347019196,0.8092725276947021,0.009405495598912239,0.17191649787127972
RELIANCE,gdelt:naturalnews.com,2026-07-23 16:45:00+00:00,gdelt:naturalnews.com,Coal - fired power generation sees resurgence as nations prioritize energy security over climate targets – NaturalNews . com,0.5977453589439392,0.2623956799507141,0.13985897600650787,0.45788638293743134
RELIANCE,gdelt:montrealgazette.com,2026-07-23 18:30:00+00:00,gdelt:montrealgazette.com,AMD and Cerebras Announce Industry - Leading Ultra - Low - Latency and High Throughput AI Inference Solution,0.8168926239013672,0.17596890032291412,0.007138523738831282,0.8097541001625359
RELIANCE,gdelt:stockhouse.com,2026-07-23 18:45:00+00:00,gdelt:stockhouse.com,2026 - 07 - 23 | AMD and Cerebras Announce Industry - Leading Ultra - Low - Latency and High Throughput AI Inference Solution | TSX : AMD,0.8141721487045288,0.1760157197713852,0.009812163189053535,0.8043599855154753
RELIANCE,gdelt:weeklyblitz.net,2026-07-23 19:00:00+00:00,gdelt:weeklyblitz.net,Fraud is only part of the problem : Why critics say the H - 1B visa program needs fundamental reform,0.02991565503180027,0.6015734076499939,0.3685109317302704,-0.3385952766984701
RELIANCE,gdelt:dw.com,2026-07-23 19:00:00+00:00,gdelt:dw.com,Sweden eases mining permits to cut China minerals reliance,0.03482384607195854,0.0786382183432579,0.8865379095077515,-0.8517140634357929
RELIANCE,gdelt:enr.com,2026-07-23 20:15:00+00:00,gdelt:enr.com,"At Age 103 , O & G Industries Still Is Next - Gen Contractor",0.10169577598571777,0.8870934844017029,0.011210741475224495,0.09048503451049328
RELIANCE,gdelt:finanznachrichten.de,2026-07-23 20:30:00+00:00,gdelt:finanznachrichten.de,Gladstone Commercial Corporation : Gladstone Commercial Provides Summary of Mid - Year Business Developments,0.022457974031567574,0.9522382020950317,0.025303881615400314,-0.002845907583832741
RELIANCE,gdelt:finanznachrichten.de,2026-07-23 20:30:00+00:00,gdelt:finanznachrichten.de,EQS - News : ABIVAX : Abivax Strengthens Commercial Capabilities With Strategic Leadership Appointments,0.9499765038490295,0.03965240344405174,0.010371041484177113,0.9396054623648524
RELIANCE,gdelt:finanznachrichten.de,2026-07-23 20:30:00+00:00,gdelt:finanznachrichten.de,"1st Source Corporation : 1st Source Corporation Reports Record Second Quarter Results , Increased Cash Dividend Declared",0.9534505009651184,0.019964149221777916,0.026585301384329796,0.9268651995807886
RELIANCE,gdelt:leaderpost.com,2026-07-23 21:00:00+00:00,gdelt:leaderpost.com,ROBERT HALF REPORTS SECOND - QUARTER FINANCIAL RESULTS,0.03219237178564072,0.6697345972061157,0.29807305335998535,-0.26588068157434464
RELIANCE,gdelt:manilatimes.net,2026-07-23 21:00:00+00:00,gdelt:manilatimes.net,Deep Isolation Announces Timing of Second Quarter 2026 Earnings Release,0.04069223627448082,0.9261062145233154,0.03320152685046196,0.00749070942401886
RELIANCE,gdelt:prnewswire.com,2026-07-23 21:15:00+00:00,gdelt:prnewswire.com,Primis Financial Corp . Reports Strong Results for the Second Quarter of 2026,0.9458972811698914,0.023824138566851616,0.030278543010354042,0.9156187381595373
RELIANCE,gdelt:geographical.co.uk,2026-07-23 21:15:00+00:00,gdelt:geographical.co.uk,How Kenya flower industry is becoming more sustainable,0.19553588330745697,0.7922942638397217,0.012169882655143738,0.18336600065231323
RELIANCE,gdelt:tennesseedaily.com,2026-07-23 21:30:00+00:00,gdelt:tennesseedaily.com,Gladstone Commercial Provides Summary of Mid - Year Business Developments,0.022240059450268745,0.9428266882896423,0.03493331000208855,-0.012693250551819801
RELIANCE,gdelt:hindi.business-standard.com,2026-07-23 21:45:00+00:00,gdelt:hindi.business-standard.com,"Stock Market Today : कच्चे तेल में उछाल से शेयर बाजार की बिगड़ी चाल , सेंसेक्स 364 अंक टूटा - stock market falters due to surge in crude oil prices sensex drops 364 points",0.010812083259224892,0.025386882945895195,0.9638010263442993,-0.9529889430850744
RELIANCE,gdelt:afaqs.com,2026-07-23 22:15:00+00:00,gdelt:afaqs.com,5th edition Brand of the Year 2026 – 27 celebrates excellence in building enduring brands,0.7424960136413574,0.24979154765605927,0.00771240284666419,0.7347836107946932
RELIANCE,gdelt:itnewsonline.com,2026-07-23 22:15:00+00:00,gdelt:itnewsonline.com,AAI 2026 : AMD Delivers Full - Stack Compute for the Agentic AI Era,0.1937548965215683,0.7984931468963623,0.007752002216875553,0.18600289430469275
RELIANCE,gdelt:zerohedge.com,2026-07-23 23:45:00+00:00,gdelt:zerohedge.com,Three Levers China Is Pulling To Weather Gulf Energy Shock ; How Long Can Beijing Hold Out ?,0.07326644659042358,0.8712579011917114,0.0554756261408329,0.017790820449590683
RELIANCE,gdelt:manilatimes.net,2026-07-23 23:45:00+00:00,gdelt:manilatimes.net,NVIDIA and KAIST Launch Joint AI Research Lab to Accelerate AI Innovation in Korea,0.8573535084724426,0.1347896158695221,0.007856885902583599,0.849496622569859
RELIANCE,gdelt:thestarphoenix.com,2026-07-23 23:45:00+00:00,gdelt:thestarphoenix.com,Almonty to Voluntarily Delist From ASX,0.023556524887681007,0.9270618557929993,0.04938165843486786,-0.02582513354718685
RELIANCE,gdelt:californiatelegraph.com,2026-07-24 00:45:00+00:00,gdelt:californiatelegraph.com,"Avidbank Holdings , Inc . Announces Financial Results for the Second Quarter of 2026",0.03692101314663887,0.8559998273849487,0.10707919299602509,-0.07015817984938622
RELIANCE,gdelt:californiatelegraph.com,2026-07-24 00:45:00+00:00,gdelt:californiatelegraph.com,eXoZymes Selected for DoE Genesis Mission to Advance AI - Powered Digital Twins for Cell - Free Biomanufacturing,0.5609918832778931,0.43033358454704285,0.00867448840290308,0.55231739487499
RELIANCE,gdelt:theshillongtimes.com,2026-07-24 01:30:00+00:00,gdelt:theshillongtimes.com,Stock mkts fall for 4th day - The Shillong Times,0.009832863695919514,0.04197422415018082,0.948192834854126,-0.9383599711582065
RELIANCE,gdelt:thailand-business-news.com,2026-07-24 03:15:00+00:00,gdelt:thailand-business-news.com,"Alpha Ladder Hosts Globalization Forum , Debuts Proprietary AI Platform AgentX",0.04014677554368973,0.9453191161155701,0.014534085057675838,0.02561269048601389
RELIANCE,gdelt:navbharattimes.indiatimes.com,2026-07-24 04:30:00+00:00,gdelt:navbharattimes.indiatimes.com,"Share Market Crash : शेयर मार्केट में लगातार पांचवें दिन गिरावट , सेंसेक्स 500 अंक फिसला , रुपया भी हुआ कमजोर",0.05672205612063408,0.9069982171058655,0.03627968952059746,0.02044236660003662
RELIANCE,gdelt:moneycontrol.com,2026-07-24 05:00:00+00:00,gdelt:moneycontrol.com,"Momentum Stocks : Deccan Transcon , Asian Granito , PS Raj Steels gain up to 16 % on sheer momentum",0.9483089447021484,0.02816123701632023,0.023529846221208572,0.9247790984809399
RELIANCE,gdelt:ft.lk,2026-07-24 05:00:00+00:00,gdelt:ft.lk,Budget 2027 : From stabilisation to transformation,0.08152886480093002,0.9039089679718018,0.014562114141881466,0.06696675065904856
RELIANCE,gdelt:tarunbharat.com,2026-07-24 05:15:00+00:00,gdelt:tarunbharat.com,Impact of West Asia tensions on Indian markets,0.044583529233932495,0.3478771150112152,0.6075393557548523,-0.5629558265209198
RELIANCE,gdelt:euronews.com,2026-07-24 05:30:00+00:00,gdelt:euronews.com,"Once a textile powerhouse , Syria is betting on an industrial comeback",0.5309039950370789,0.4579734206199646,0.011122537776827812,0.519781457260251
RELIANCE,gdelt:moneycontrol.com,2026-07-24 06:30:00+00:00,gdelt:moneycontrol.com,"Fresher earning Rs 43 , 000  feels guilty  after learning colleague with 12 year experience earns Rs 31 , 000",0.12326443940401077,0.36776676774024963,0.5089688301086426,-0.3857043907046318
RELIANCE,gdelt:economictimes.indiatimes.com,2026-07-24 06:30:00+00:00,gdelt:economictimes.indiatimes.com,"Mukesh Ambani long game : How Reliance could turn a 3 - year spending spree into Rs 90 , 000 crore of free cash flow",0.16576255857944489,0.8186991214752197,0.015538356266915798,0.1502242023125291
RELIANCE,gdelt:mako.co.il,2026-07-24 06:30:00+00:00,gdelt:mako.co.il,הסעיף בתקציב הביטחון של ארה  ב שמעמיק את הברית עם ישראל,0.46873822808265686,0.49432313442230225,0.03693864494562149,0.43179958313703537
RELIANCE,gdelt:hkcd.com,2026-07-24 07:45:00+00:00,gdelt:hkcd.com,山歌不老 城步常新 第28屆湖南 （ 南山 ） 六月六山歌節活動側記,0.06982865184545517,0.8912004828453064,0.03897090628743172,0.030857745558023453
RELIANCE,gdelt:navbharattimes.indiatimes.com,2026-07-24 08:00:00+00:00,gdelt:navbharattimes.indiatimes.com,"खर्च के बाद अब कमाई की बारी , मुकेश अंबानी इस दांव से रिलायंस की झोली में आएंगे 90 , 000 करोड़ !",0.1078851968050003,0.8652995824813843,0.02681521512567997,0.08106998167932034
RELIANCE,gdelt:mondaq.com,2026-07-24 08:15:00+00:00,gdelt:mondaq.com,Three Point Shot,0.04226778820157051,0.927480161190033,0.030252082273364067,0.012015705928206444
RELIANCE,gdelt:thisdaylive.com,2026-07-24 08:15:00+00:00,gdelt:thisdaylive.com,Dangote Refinery Completes $2 . 5bn Equity Raise in Africa Largest Private Placement – THISDAYLIVE,0.7752659916877747,0.2142127901315689,0.010521226562559605,0.764744765125215
RELIANCE,gdelt:timesofindia.indiatimes.com,2026-07-24 08:30:00+00:00,gdelt:timesofindia.indiatimes.com,I felt guilty about my salary : A young professional Reddit post has sparked a workplace debate,0.017110206186771393,0.03546498715877533,0.9474247694015503,-0.9303145632147789
RELIANCE,gdelt:southeastasiapost.com,2026-07-24 09:30:00+00:00,gdelt:southeastasiapost.com,Tanla Announces Q1 FY27 Results,0.025431567803025246,0.9046934247016907,0.06987499445676804,-0.04444342665374279
RELIANCE,gdelt:theglobeandmail.com,2026-07-24 09:45:00+00:00,gdelt:theglobeandmail.com,Canada progress on protecting animals is unravelling,0.22537803649902344,0.7060462832450867,0.06857570260763168,0.15680233389139175
RELIANCE,gdelt:moneycontrol.com,2026-07-24 11:30:00+00:00,gdelt:moneycontrol.com,"Taking Stock : Markets trim losses after sharp sell - off ; Sensex down 332 pts , Nifty below 23 , 800",0.028956718742847443,0.015046721324324608,0.955996572971344,-0.9270398542284966
RELIANCE,gdelt:manilatimes.net,2026-07-24 11:30:00+00:00,gdelt:manilatimes.net,Bullish announces Siris to acquire non - core Equiniti business lines,0.09583985805511475,0.8901082277297974,0.01405184157192707,0.08178801648318768
RELIANCE,gdelt:thehindubusinessline.com,2026-07-24 12:15:00+00:00,gdelt:thehindubusinessline.com,"Stock Market Highlights , July 24 : Sensex , Nifty decline for fifth straight session ; Auto , metal stocks drag",0.08155506104230881,0.0445253886282444,0.8739194869995117,-0.7923644259572029
RELIANCE,gdelt:manilatimes.net,2026-07-24 13:00:00+00:00,gdelt:manilatimes.net,Gentex Reports Second Quarter 2026 Financial Results,0.029752125963568687,0.9094856381416321,0.060762252658605576,-0.031010126695036888
RELIANCE,gdelt:telecom.economictimes.indiatimes.com,2026-07-24 13:15:00+00:00,gdelt:telecom.economictimes.indiatimes.com,"HCLTech Invests ₹14 , 257 Crore to Establish AI Data Center in Odisha with Sarvam , ETTelecom",0.5001013875007629,0.4921286404132843,0.00776995113119483,0.4923314363695681
RELIANCE,gdelt:khaskhabar.com,2026-07-24 13:30:00+00:00,gdelt:khaskhabar.com,"Rajasthan will become a national model for water self - reliance through water management – ​​CM Bhajanlal Sharma , Jaipur News in Hindi",0.7662479877471924,0.2255365550518036,0.008215491659939289,0.7580324960872531
RELIANCE,gdelt:africa-newsroom.com,2026-07-24 13:30:00+00:00,gdelt:africa-newsroom.com,APO Group - Africa Newsroom / Press release | Ghana and Morocco Deepen Strategic Partnership at the Second Permanent Joint Commission for Cooperation,0.9183183908462524,0.0677100121974945,0.01397158857434988,0.9043468022719026
RELIANCE,gdelt:finanznachrichten.de,2026-07-24 13:30:00+00:00,gdelt:finanznachrichten.de,Phoenix Metals Corp . Announces Partial Exercise of Over - Allotment Option,0.04192941635847092,0.9027340412139893,0.05533652752637863,-0.013407111167907715
RELIANCE,gdelt:darlingtonandstocktontimes.co.uk,2026-07-24 13:45:00+00:00,gdelt:darlingtonandstocktontimes.co.uk,Energy sector wants  powerful reset  from Andy Burnham Government | Darlington and Stockton Times,0.2021511197090149,0.783423900604248,0.01442495547235012,0.18772616423666477
RELIANCE,gdelt:manilatimes.net,2026-07-24 13:45:00+00:00,gdelt:manilatimes.net,Vivakor Surpasses $1 Billion in Annualized Physical Crude Transactions,0.9161750674247742,0.07182947546243668,0.011995473876595497,0.9041795935481787
RELIANCE,gdelt:bucksfreepress.co.uk,2026-07-24 14:15:00+00:00,gdelt:bucksfreepress.co.uk,Energy sector wants  powerful reset  from Andy Burnham Government,0.3024856746196747,0.6775420904159546,0.01997227594256401,0.28251339867711067
RELIANCE,gdelt:udaipurkiran.com,2026-07-24 14:15:00+00:00,gdelt:udaipurkiran.com,"India Emerges as Mobile Export Leader , Exports Reach Rs 2 . 59 Lakh Crore : Centre",0.9164060950279236,0.07087081670761108,0.012723086401820183,0.9036830086261034
RELIANCE,gdelt:newsday.co.zw,2026-07-24 15:30:00+00:00,gdelt:newsday.co.zw,Local banks back Mutapa Gold with US$125m syndicated loan after turnaround - Newsday Zimbabwe,0.9088923335075378,0.07355283945798874,0.017554838210344315,0.8913374952971935
RELIANCE,gdelt:forbes.pl,2026-07-24 16:15:00+00:00,gdelt:forbes.pl,"Polityka migracyjna Szwajcarii się sprawdza . System jest drogi , ale skuteczny - Opinie",0.08979333937168121,0.8826145529747009,0.027592111378908157,0.062201227992773056
RELIANCE,gdelt:newkerala.com,2026-07-24 16:15:00+00:00,gdelt:newkerala.com,"Rajasthan : Zero Tolerance Ends Paper Leaks , Says CM Sharma",0.13061238825321198,0.5758264660835266,0.2935611605644226,-0.16294877231121063
RELIANCE,gdelt:tennesseedaily.com,2026-07-24 16:30:00+00:00,gdelt:tennesseedaily.com,NanoViricides Announces Pricing of ~$3 . 8 Million Registered Direct Offering,0.1156986728310585,0.8760949373245239,0.008206378668546677,0.10749229416251183
RELIANCE,gdelt:indianewengland.com,2026-07-24 16:45:00+00:00,gdelt:indianewengland.com,US Sees India as Potential Partner in Shipbuilding Push to Counter China,0.7162933945655823,0.27543580532073975,0.008270812220871449,0.7080225823447108
RELIANCE,gdelt:moneycontrol.com,2026-07-24 16:45:00+00:00,gdelt:moneycontrol.com,"Shree Balaji Mala Textiles Ltd IPO Date : Check Issue Date , Price , Lot size , Subscription , News and Details",0.018631696701049805,0.9392834305763245,0.04208481311798096,-0.023453116416931152
RELIANCE,gdelt:bignewsnetwork.com,2026-07-24 17:45:00+00:00,gdelt:bignewsnetwork.com,"UN Climate Change Executive Secretary calls for faster global energy transition to strengthen security , resilience",0.8966090679168701,0.09305310994386673,0.010337883606553078,0.886271184310317
RELIANCE,gdelt:businessincameroon.com,2026-07-24 19:15:00+00:00,gdelt:businessincameroon.com,"Hilli Episeyo Exit to Slow Cameroon Growth to 3 . 2 % in 2026 , Report Says",0.00937258917838335,0.03927035257220268,0.9513570666313171,-0.9419844774529338
RELIANCE,gdelt:californiatelegraph.com,2026-07-24 21:15:00+00:00,gdelt:californiatelegraph.com,CXApp Inc . ( Nasdaq : CXAI ) Announces Date for Second Quarter 2026 Financial Results and Business Update Conference Call and Investor Forum,0.02951960451900959,0.9436675310134888,0.026812903583049774,0.002706700935959816
RELIANCE,gdelt:hindi.business-standard.com,2026-07-24 21:30:00+00:00,gdelt:hindi.business-standard.com,"Chemical Parks Scheme India : रसायन क्षेत्र को बढ़ावा देने के लिए सरकार का बड़ा कदम , 3 , 030 करोड़ रुपये की  भव्य - रसायन  योजना मंजूर - cabinet approves major chemical parks and railway line projects",0.07457129657268524,0.9127678871154785,0.012660791166126728,0.061910505406558514
RELIANCE,gdelt:itnewsonline.com,2026-07-24 21:30:00+00:00,gdelt:itnewsonline.com,IT News Online - CXApp Inc . ( Nasdaq : CXAI ) Announces Date for Second Quarter 2026 Financial Results and Business Update Conference Call and Investor Forum,0.028191041201353073,0.9443402290344238,0.0274687260389328,0.0007223151624202728
RELIANCE,gdelt:blog.wenxuecity.com,2026-07-24 23:15:00+00:00,gdelt:blog.wenxuecity.com,澳大利亚人说 为什么印度永远不会成为超级大国 - 博客,0.06607792526483536,0.9038244485855103,0.030097628012299538,0.03598029725253582
RELIANCE,gdelt:farmweekly.com.au,2026-07-24 23:30:00+00:00,gdelt:farmweekly.com.au,Maximus barley : WA dominant variety shapes 2028 harvest outlook | Farm Weekly,0.05425826087594032,0.9196644425392151,0.026077305898070335,0.028180954977869987
RELIANCE,gdelt:allafrica.com,2026-07-25 00:15:00+00:00,gdelt:allafrica.com,"Nigeria : Fubara Flags Off Riven Medical Industries , Backs Three - Month Delivery",0.026202481240034103,0.05069179832935333,0.9231057167053223,-0.8969032354652882
RELIANCE,gdelt:thedailystar.net,2026-07-25 05:30:00+00:00,gdelt:thedailystar.net,Gas crisis deepens country reliance on fertiliser imports,0.027618851512670517,0.11191747337579727,0.8604637980461121,-0.8328449465334415
RELIANCE,gdelt:ynet.co.il,2026-07-25 05:30:00+00:00,gdelt:ynet.co.il,מנהיגות בשחקים - חלק שני,0.09102540463209152,0.8750497102737427,0.033924926072359085,0.05710047855973244
RELIANCE,gdelt:finance.yahoo.com,2026-07-25 06:00:00+00:00,gdelt:finance.yahoo.com,The Next AI Winners May Not Be the Magnificent Seven : 3 Mid - Cap ETFs to Watch,0.03472469747066498,0.9361326694488525,0.0291425883769989,0.005582109093666077
RELIANCE,gdelt:manilatimes.net,2026-07-25 06:00:00+00:00,gdelt:manilatimes.net,"NAVER , NVIDIA and Brookfield to Expand Korea National AI Factory Infrastructure Buildout",0.8827467560768127,0.1085040345788002,0.008749249391257763,0.873997506685555
RELIANCE,gdelt:jamaica-gleaner.com,2026-07-25 06:15:00+00:00,gdelt:jamaica-gleaner.com,William Hunt | From pristine beaches to Caribbean energy powerhouse,0.08328289538621902,0.8898155689239502,0.026901574805378914,0.05638132058084011
RELIANCE,gdelt:stockhouse.com,2026-07-25 06:45:00+00:00,gdelt:stockhouse.com,"2026 - 07 - 25 | NAVER , NVIDIA and Brookfield to Expand Korea National AI Factory Infrastructure Buildout | TSX : NVDA",0.6889529824256897,0.30118170380592346,0.009865295141935349,0.6790876872837543
RELIANCE,gdelt:riotimesonline.com,2026-07-25 08:15:00+00:00,gdelt:riotimesonline.com,"Chile Markets : IPSA & the Peso July 25 , 2026",0.03425809368491173,0.9468035101890564,0.018938390538096428,0.0153197031468153
RELIANCE,gdelt:navbharattimes.indiatimes.com,2026-07-25 08:15:00+00:00,gdelt:navbharattimes.indiatimes.com,"$100 अरब के कम रह गई मस्क की इस साल की कमाई , दुनिया के पहले ट्रिलियनेयर की नेटवर्थ में क्यों आई गिरावट ?",0.1599188894033432,0.8204795718193054,0.019601522013545036,0.14031736738979816
RELIANCE,gdelt:finanznachrichten.de,2026-07-25 08:45:00+00:00,gdelt:finanznachrichten.de,SK Group and NVIDIA Expand Strategic Partnership Across AI Factories and Next - Generation Memory,0.9424529671669006,0.045437950640916824,0.012109126895666122,0.9303438402712345
RELIANCE,gdelt:pratahkal.com,2026-07-25 12:30:00+00:00,gdelt:pratahkal.com,"दमन , दादरा एवं नगर हवेली और दक्षिण गुजरात में बाढ़ का तांडव , तटरक्षक बल ने बचाई 170 लोगों की जान",0.17286403477191925,0.7988563179969788,0.02827964723110199,0.14458438754081726
RELIANCE,gdelt:arynews.tv,2026-07-25 17:15:00+00:00,gdelt:arynews.tv,Jam Kamal directs expansion of fruit bagging initiative,0.09251527488231659,0.8956226110458374,0.011862141080200672,0.08065313380211592
RELIANCE,gdelt:en.antaranews.com,2026-07-25 18:00:00+00:00,gdelt:en.antaranews.com,Downstreaming strengthens Indonesia global supply chain : Minister,0.9356264472007751,0.052511632442474365,0.011861946433782578,0.9237645007669926
RELIANCE,gdelt:timesofindia.indiatimes.com,2026-07-25 18:00:00+00:00,gdelt:timesofindia.indiatimes.com,Hassan district exports goods worth Rs 54k crore : DC,0.1592734307050705,0.8273220658302307,0.013404514640569687,0.1458689160645008
RELIANCE,gdelt:thedailystar.net,2026-07-25 19:00:00+00:00,gdelt:thedailystar.net,Stronger chemical industry needed to cut import dependence,0.8319104909896851,0.06921237707138062,0.09887706488370895,0.7330334261059761
RELIANCE,gdelt:topnews.ae,2026-07-25 20:00:00+00:00,gdelt:topnews.ae,Reliance Industries Rejects Claims of Iranian Oil Purchases Amid Sanctions Scrutiny,0.07686018943786621,0.3904954195022583,0.5326443314552307,-0.4557841420173645
RELIANCE,marketaux:economictimes.indiatimes.com,2026-07-26 07:20:07+00:00,marketaux:economictimes.indiatimes.com,"Last week was tough for the Indian equity markets, with nine out of ten leading companies witnessing a decline in market value. HDFC Bank took the hardest blow, suffering a staggering loss exceeding one lakh crore rupees. Reliance Industries also saw a significant decrease in market capitalization. In contrast, Hindustan Unilever stood out as the only top firm to gain value during this bearish trend.

Live Events



as a Reliable and Trusted News Source Addas a Reliable and Trusted News Source Add Now!

(You can now subscribe to our

(You can now subscribe to...",0.02574581280350685,0.034092605113983154,0.9401616454124451,-0.9144158326089382
RELIANCE,marketaux:timesofindia.indiatimes.com,2026-07-26 10:13:52+00:00,marketaux:timesofindia.indiatimes.com,"India Business News: A rough week on Dalal Street wiped out Rs 2.74 lakh crore from the combined market value of nine of India's 10 most-valued companies, as weak investor.

Gainers and losers

A rough week on Dalal Street wiped out Rs 2.74 lakh crore from the combined market value of nine of India's 10 most-valued companies, as wea...",0.014817548915743828,0.02555590122938156,0.9596265554428101,-0.9448090065270662
RELIANCE,gdelt:mykxlg.com,2026-07-27 02:45:00+00:00,gdelt:mykxlg.com,"NVIDIA Expands NVIDIA Agent Toolkit With NVIDIA PhysicsNeMo and CUDA - X Libraries to Transform How the World Engineers , Designs and Builds",0.7220840454101562,0.27008387446403503,0.007832027971744537,0.7142520174384117
RELIANCE,gdelt:vietnamnews.vn,2026-07-27 03:15:00+00:00,gdelt:vietnamnews.vn,Companies chart a new course to global markets,0.25652599334716797,0.7292319536209106,0.014242078177630901,0.24228391516953707
RELIANCE,gdelt:moneycontrol.com,2026-07-27 04:45:00+00:00,gdelt:moneycontrol.com,"Top emerging cities for jobs in India : LinkedIn ranks Vizag , Surat , Ludhiana , Prayagraj among top picks",0.7363407611846924,0.23918253183364868,0.024476738646626472,0.7118640225380659
RELIANCE,gdelt:macaudailytimes.com.mo,2026-07-27 05:00:00+00:00,gdelt:macaudailytimes.com.mo,Lawmakers call for fuel pricing reforms after subsidy ends | MACAU DAILY TIMES 澳門每日時報,0.16434361040592194,0.7961077690124512,0.039548613131046295,0.12479499727487564
RELIANCE,gdelt:chiangraitimes.com,2026-07-27 05:00:00+00:00,gdelt:chiangraitimes.com,China Provinces Face Deepening Debt : Zero Regions Hit 100 % Fiscal Self - Sufficiency,0.5982478857040405,0.22431987524032593,0.17743226885795593,0.4208156168460846
RELIANCE,gdelt:newsx.com,2026-07-27 06:15:00+00:00,gdelt:newsx.com,"Why Is Stock Market Rising Today ? Sensex Jumps Over 500 Points , Nifty Nears 24 , 000 as IT , Banking Stocks Lead Rally",0.7096733450889587,0.26024648547172546,0.030080165714025497,0.6795931793749332
RELIANCE,gdelt:timesofindia.indiatimes.com,2026-07-27 06:15:00+00:00,gdelt:timesofindia.indiatimes.com,RIL tweaks Coastal Road plan to meet SC 15 % cap,0.8873646855354309,0.10407501459121704,0.008560298942029476,0.8788043865934014
RELIANCE,gdelt:investegate.co.uk,2026-07-27 06:30:00+00:00,gdelt:investegate.co.uk,Trading Statement | Company Announcement,0.026141727343201637,0.9352561831474304,0.03860211744904518,-0.012460390105843544
RELIANCE,gdelt:investegate.co.uk,2026-07-27 06:30:00+00:00,gdelt:investegate.co.uk,RECOMMENDED ACQUISITION OF DCC ENERGY PLC | Company Announcement,0.031805623322725296,0.9402405619621277,0.027953848242759705,0.0038517750799655914
RELIANCE,gdelt:dailypioneer.com,2026-07-27 07:00:00+00:00,gdelt:dailypioneer.com,IGU Report Calls for Gas Market Reforms to Boost India Natural Gas Growth,0.7970863580703735,0.19416342675685883,0.008750165812671185,0.7883361922577024
RELIANCE,gdelt:vietnamnews.vn,2026-07-27 07:00:00+00:00,gdelt:vietnamnews.vn,Resolution 57 drives new policies to unlock resources for strategic technologies,0.7676305770874023,0.22270286083221436,0.009666545316576958,0.7579640317708254
RELIANCE,gdelt:allafrica.com,2026-07-27 07:15:00+00:00,gdelt:allafrica.com,Sudan : Economist -  Sudan Should Channel Half Its Cash Supply Into Sovereign Fund,0.5588486194610596,0.42818698287010193,0.01296437717974186,0.5458842422813177
RELIANCE,gdelt:ghanamma.com,2026-07-27 08:30:00+00:00,gdelt:ghanamma.com,"Ghana Ambitious Plan to Repatriate an Additional 1 , 000 Workers from South Africa Amid Economic and Social Challenges – Ghanamma . com",0.11894551664590836,0.8294470906257629,0.05160744488239288,0.06733807176351547
RELIANCE,gdelt:novinite.com,2026-07-27 08:30:00+00:00,gdelt:novinite.com,The Jobs of the Future : Which Careers Will Be Most in Demand After AI ? - Novinite . com,0.04838680475950241,0.9238812327384949,0.027731915935873985,0.020654888823628426
RELIANCE,gdelt:news.tuoitre.vn,2026-07-27 08:30:00+00:00,gdelt:news.tuoitre.vn,Vietnam first aluminum ingots roll off production line after 11 years,0.0477982833981514,0.43984660506248474,0.5123551487922668,-0.46455686539411545
RELIANCE,gdelt:english.aawsat.com,2026-07-27 09:15:00+00:00,gdelt:english.aawsat.com,Saudi Trade Surplus Soars 329 % as Exports Drive Gains,0.8834252953529358,0.026410147547721863,0.09016453474760056,0.7932607606053352
RELIANCE,gdelt:prnewswire.com,2026-07-27 11:15:00+00:00,gdelt:prnewswire.com,Ameren Missouri plans new energy center to deliver long - term value and around - the - clock power,0.6247656941413879,0.3681092858314514,0.007125065661966801,0.6176406284794211
RELIANCE,gdelt:finance.yahoo.com,2026-07-27 12:15:00+00:00,gdelt:finance.yahoo.com,Nvidia Rumored $600 Billion OpenAI Deal Could Reignite Its Biggest AI Controversy,0.09064997732639313,0.28542962670326233,0.6239203810691833,-0.5332704037427902
RELIANCE,gdelt:manilatimes.net,2026-07-27 12:15:00+00:00,gdelt:manilatimes.net,"Expand Energy Corporation to Acquire Twin Eagle , Creating North America Leading Integrated Natural Gas Company",0.7388970255851746,0.25109726190567017,0.010005717165768147,0.7288913084194064
RELIANCE,gdelt:manilatimes.net,2026-07-27 12:15:00+00:00,gdelt:manilatimes.net,"US Defense Manufacturer , Elmet Technologies , to Streamline Supply Chain for Rapid Production of Hypersonic Vehicle Parts with 3D Systems DMP Flex 350 Triple",0.7472742795944214,0.24532239139080048,0.007403368595987558,0.7398709109984338
RELIANCE,gdelt:fortune.com,2026-07-27 12:30:00+00:00,gdelt:fortune.com,Europe employers face a new challenge keeping workers safe during heatwaves,0.06715809553861618,0.2577013671398163,0.6751405000686646,-0.6079824045300484
RELIANCE,gdelt:leaderpost.com,2026-07-27 12:45:00+00:00,gdelt:leaderpost.com,Novanta Completes Acquisition of Riverpoint Medical,0.12111310660839081,0.8644866943359375,0.014400218613445759,0.10671288799494505
RELIANCE,gdelt:torontotelegraph.com,2026-07-27 13:00:00+00:00,gdelt:torontotelegraph.com,NextSource Materials Announces Updated Feasibility Study Results for Molo Mine Expansion to 150k tpa of SuperFlake ( R ) Graphite Concentrate,0.3820513188838959,0.6060019135475159,0.011946804821491241,0.37010451406240463
RELIANCE,gdelt:ghanamma.com,2026-07-27 13:15:00+00:00,gdelt:ghanamma.com,Kenya Strengthens Mission 300 Energy Transition with Strategic Implementation Workshop – Ghanamma . com,0.5693636536598206,0.4200403392314911,0.010595975443720818,0.5587676782160997
RELIANCE,gdelt:thezimbabwemail.com,2026-07-27 13:15:00+00:00,gdelt:thezimbabwemail.com,"Global markets rally as oil plunges on Iran ceasefire hopes , Chinese chipmaker CXMT explodes in Shanghai debut - The Zimbabwe Mail Global markets rally as oil plunges on Iran ceasefire hopes , Chinese chipmaker CXMT explodes in Shanghai debut | Zimb...",0.35344046354293823,0.37587323784828186,0.2706863582134247,0.08275410532951355
RELIANCE,gdelt:manilatimes.net,2026-07-27 13:15:00+00:00,gdelt:manilatimes.net,Eightco Holdings ( NASDAQ : ORBS ) Announces its Participation in World Foundation $52 . 5M funding round as World Shifts From Building the Network to Scaling Utility,0.4882669448852539,0.5017167925834656,0.010016289539635181,0.4782506553456187
RELIANCE,gdelt:fortune.com,2026-07-27 13:30:00+00:00,gdelt:fortune.com,Europe has an electrification target . Here how it can become a competitive advantage,0.23176263272762299,0.7593786120414734,0.0088587561622262,0.22290387656539679
RELIANCE,gdelt:montrealgazette.com,2026-07-27 13:45:00+00:00,gdelt:montrealgazette.com,The Next Evolution of Robotics : From Standalone Machines to Coordinated Autonomous Workforces,0.08815811574459076,0.8990991115570068,0.012742818333208561,0.0754152974113822
RELIANCE,gdelt:leaderpost.com,2026-07-27 14:00:00+00:00,gdelt:leaderpost.com,"Small & Rural Law Enforcement Executives Association ( SRLEEA ) Selects Draganfly to Launch its Drone Implementation & Readiness Program for Small , Rural & Tribal Law Enforcement Agencies",0.5450372099876404,0.44522908329963684,0.009733686223626137,0.5353035237640142
RELIANCE,gdelt:wabx.net,2026-07-27 14:15:00+00:00,gdelt:wabx.net,Trump may need to allow Chinese minerals as US industry struggles to meet 2027 deadline,0.030578816309571266,0.09967206418514252,0.869749128818512,-0.8391703125089407
RELIANCE,gdelt:bnnbloomberg.ca,2026-07-27 14:45:00+00:00,gdelt:bnnbloomberg.ca,Donald Trump may need to allow Chinese minerals as industry struggles,0.10420019179582596,0.8789973855018616,0.016802368685603142,0.08739782311022282
RELIANCE,gdelt:forbes.com,2026-07-27 14:45:00+00:00,gdelt:forbes.com,Why Geopolitics Has Overtaken Supply And Demand In Commodity Markets,0.04011678323149681,0.8721225261688232,0.08776073902845383,-0.047643955796957016
RELIANCE,gdelt:pakistantoday.com.pk,2026-07-27 14:45:00+00:00,gdelt:pakistantoday.com.pk,Ukraine eyes 2027 prototype for Freyja shield,0.24074818193912506,0.7499364018440247,0.009315400384366512,0.23143278155475855
RELIANCE,gdelt:briefingwire.com,2026-07-27 14:45:00+00:00,gdelt:briefingwire.com,Cybersecurity Trends and Their Impact on Web Hosting Services,0.0273643359541893,0.8002001643180847,0.17243550717830658,-0.14507117122411728
RELIANCE,gdelt:egyptianstreets.com,2026-07-27 16:15:00+00:00,gdelt:egyptianstreets.com,"Egypt Opens First Rapid Diagnostic Tests Factory in the Arab World , Backed by USD 16 . 55 Million Investment",0.575664222240448,0.41536271572113037,0.008973094634711742,0.5666911276057363
RELIANCE,gdelt:livemint.com,2026-07-27 17:00:00+00:00,gdelt:livemint.com,"Tata CLiQ trims FY26 losses , but luxury identity remains its biggest hurdle",0.3017350733280182,0.061367735266685486,0.6368972063064575,-0.33516213297843933
RELIANCE,gdelt:thenews.com.pk,2026-07-27 17:15:00+00:00,gdelt:thenews.com.pk,China reaches major milestone as domestic DUV chip tools enter mass production,0.9264393448829651,0.06092936173081398,0.01263128686696291,0.9138080580160022
RELIANCE,gdelt:thediplomat.com,2026-07-27 19:00:00+00:00,gdelt:thediplomat.com,India Successfully Tests Kusha Long - range Surface - to - Air Missile,0.9125643372535706,0.07697279751300812,0.010462851263582706,0.9021014859899879
RELIANCE,gdelt:economictimes.indiatimes.com,2026-07-27 19:45:00+00:00,gdelt:economictimes.indiatimes.com,NPCIL gets sole proposal from Hindalco for Bharat Small Reactors,0.22106635570526123,0.7677595019340515,0.01117417961359024,0.209892176091671
RELIANCE,gdelt:economictimes.indiatimes.com,2026-07-27 19:45:00+00:00,gdelt:economictimes.indiatimes.com,RMZ - Colt set to invest Rs 1 . 77L crore in Andhra Pradesh data centre,0.08183727413415909,0.9070877432823181,0.011075008660554886,0.0707622654736042
RELIANCE,gdelt:leaderpost.com,2026-07-27 21:00:00+00:00,gdelt:leaderpost.com,Power Solutions International Appoints Richard Hu as Chief Executive Officer,0.041186410933732986,0.9310113787651062,0.02780226059257984,0.013384150341153145
RELIANCE,gdelt:stockhouse.com,2026-07-27 21:15:00+00:00,gdelt:stockhouse.com,2026 - 07 - 27 | SalesCloser Broadens Hospitality Footprint Through Global Xennox Engagement | TSXV : SCAI,0.8978099226951599,0.09477220475673676,0.007417821791023016,0.8903921009041369
RELIANCE,gdelt:manilatimes.net,2026-07-27 21:30:00+00:00,gdelt:manilatimes.net,"Univest Securities , LLC Announces a $10 Million Equity Line Facility for its Client Artificial Intelligence Technology Solutions Inc . ( OTCID : AITX )",0.836753249168396,0.15104937553405762,0.012197413481771946,0.824555835686624
RELIANCE,gdelt:manilatimes.net,2026-07-27 21:30:00+00:00,gdelt:manilatimes.net,SalesCloser Broadens Hospitality Footprint Through Global Xennox Engagement,0.8144780397415161,0.17965182662010193,0.0058701252564787865,0.8086079144850373
RELIANCE,gdelt:hellenicshippingnews.com,2026-07-27 22:15:00+00:00,gdelt:hellenicshippingnews.com,SK Innovation E & S Imports First Australian Crude | Hellenic Shipping News Worldwide,0.04021627828478813,0.9273302555084229,0.03245345503091812,0.00776282325387001
RELIANCE,gdelt:dailymaverick.co.za,2026-07-27 23:00:00+00:00,gdelt:dailymaverick.co.za,Pentagon says US industry still years from matching Ukraine wartime output,0.12479305267333984,0.06461334973573685,0.8105935454368591,-0.6858004927635193
RELIANCE,gdelt:indiagazette.com,2026-07-27 23:15:00+00:00,gdelt:indiagazette.com,Unstop Launches Seven AI Agents to Automate End - to - End Enterprise Hiring,0.33629849553108215,0.6504440903663635,0.013257496990263462,0.3230409985408187
RELIANCE,gdelt:omanobserver.om,2026-07-27 23:45:00+00:00,gdelt:omanobserver.om,Al Wusta boosts food security scheme with investments worth RO 857m,0.8591225147247314,0.13227233290672302,0.008605103008449078,0.8505174117162824
RELIANCE,gdelt:english.news.cn,2026-07-28 00:00:00+00:00,gdelt:english.news.cn,"Interview : Africa industrial takeoff  only beginning , says Chinese entrepreneur - Xinhua",0.28258559107780457,0.7053970098495483,0.012017426081001759,0.2705681649968028
RELIANCE,gdelt:pottsmerc.com,2026-07-28 00:15:00+00:00,gdelt:pottsmerc.com,Nvidia $750 billion deals revive fear of AI circular financing – The Mercury,0.29132992029190063,0.11916793882846832,0.589502215385437,-0.2981722950935364
RELIANCE,gdelt:itnewsonline.com,2026-07-28 00:15:00+00:00,gdelt:itnewsonline.com,FactSet Announces Appointment of Chief People & Workforce Transformation Officer,0.03359008952975273,0.8753432631492615,0.09106668084859848,-0.05747659131884575
RELIANCE,gdelt:ocregister.com,2026-07-28 00:30:00+00:00,gdelt:ocregister.com,Nvidia $750 billion deals revive fear of AI circular financing – Orange County Register,0.487423837184906,0.10153676569461823,0.4110395014286041,0.07638433575630188
RELIANCE,gdelt:bostonherald.com,2026-07-28 00:30:00+00:00,gdelt:bostonherald.com,Nvidia $750 billion deals revive fear of AI circular financing – Boston Herald,0.5932445526123047,0.2523893415927887,0.15436610579490662,0.43887844681739807
RELIANCE,gdelt:fortmorgantimes.com,2026-07-28 00:30:00+00:00,gdelt:fortmorgantimes.com,Nvidia $750 billion deals revive fear of AI circular financing – The Fort Morgan Times,0.6061719655990601,0.14561858773231506,0.24820950627326965,0.3579624593257904
RELIANCE,gdelt:dailycamera.com,2026-07-28 00:30:00+00:00,gdelt:dailycamera.com,Nvidia $750 billion deals revive fear of AI circular financing – Boulder Daily Camera,0.6117791533470154,0.16020096838474274,0.22801987826824188,0.3837592750787735
RELIANCE,gdelt:citizensvoice.com,2026-07-28 00:45:00+00:00,gdelt:citizensvoice.com,Nvidia $750 billion deals revive fear of AI circular financing – Wilkes - Barre Citizen Voice,0.6732326149940491,0.1618548482656479,0.16491247713565826,0.5083201378583908
RELIANCE,gdelt:pilotonline.com,2026-07-28 01:00:00+00:00,gdelt:pilotonline.com,Nvidia $750 billion deals revive fear of AI circular financing – The Virginian - Pilot,0.4543873369693756,0.09980414807796478,0.4458085596561432,0.008578777313232422
RELIANCE,gdelt:timescall.com,2026-07-28 01:00:00+00:00,gdelt:timescall.com,Nvidia $750 billion deals revive fear of AI circular financing – Longmont Times - Call,0.5689972639083862,0.2529611587524414,0.17804157733917236,0.39095568656921387
RELIANCE,gdelt:canoncitydailyrecord.com,2026-07-28 01:30:00+00:00,gdelt:canoncitydailyrecord.com,Nvidia $750 billion deals revive fear of AI circular financing – Canon City Daily Record,0.7782092094421387,0.10585994273424149,0.11593083292245865,0.66227837651968
RELIANCE,gdelt:mainlinemedianews.com,2026-07-28 01:30:00+00:00,gdelt:mainlinemedianews.com,Nvidia $750 billion deals revive fear of AI circular financing – Mainline Media News,0.3038945198059082,0.5669203400611877,0.12918518483638763,0.17470933496952057
RELIANCE,gdelt:coloradohometownweekly.com,2026-07-28 01:30:00+00:00,gdelt:coloradohometownweekly.com,Nvidia $750 billion deals revive fear of AI circular financing – Colorado Hometown Weekly,0.5988699793815613,0.19972041249275208,0.20140954852104187,0.3974604308605194
RELIANCE,gdelt:broomfieldenterprise.com,2026-07-28 01:30:00+00:00,gdelt:broomfieldenterprise.com,Nvidia $750 billion deals revive fear of AI circular financing – Broomfield Enterprise,0.6467107534408569,0.1152728796005249,0.23801644146442413,0.4086943119764328
RELIANCE,gdelt:sentinelandenterprise.com,2026-07-28 01:45:00+00:00,gdelt:sentinelandenterprise.com,Nvidia $750 billion deals revive fear of AI circular financing – Sentinel and Enterprise,0.6391174793243408,0.15991893410682678,0.2009635716676712,0.4381539076566696
RELIANCE,gdelt:mcall.com,2026-07-28 01:45:00+00:00,gdelt:mcall.com,Nvidia $750 billion deals revive fear of AI circular financing – The Morning Call,0.3737417757511139,0.23727774620056152,0.3889804780483246,-0.015238702297210693
RELIANCE,gdelt:etoday.co.kr,2026-07-28 01:45:00+00:00,gdelt:etoday.co.kr,"NH아문디  지정학 , 일시 변수 아닌 상시 투자 변수로 부상",0.09449025243520737,0.8831623196601868,0.022347362712025642,0.07214288972318172
RELIANCE,gdelt:pressdemocrat.com,2026-07-28 02:00:00+00:00,gdelt:pressdemocrat.com,Nvidia $750 billion deals revive fear of AI circular financing – The Press Democrat,0.30357110500335693,0.2039516717195511,0.4924771785736084,-0.18890607357025146
RELIANCE,gdelt:thereporteronline.com,2026-07-28 02:15:00+00:00,gdelt:thereporteronline.com,Nvidia $750 billion deals revive fear of AI circular financing – thereporteronline,0.7012012004852295,0.12769798934459686,0.17110083997249603,0.5301003605127335
RELIANCE,gdelt:mendocinobeacon.com,2026-07-28 02:45:00+00:00,gdelt:mendocinobeacon.com,Nvidia $750 billion deals revive fear of AI circular financing – The Mendocino Beacon,0.3084266483783722,0.12211451679468155,0.5694588422775269,-0.26103219389915466
RELIANCE,gdelt:sun-sentinel.com,2026-07-28 03:00:00+00:00,gdelt:sun-sentinel.com,Nvidia $750 billion deals revive fear of AI circular financing – Sun Sentinel,0.538331925868988,0.17804591357707977,0.28362226486206055,0.2547096610069275
RELIANCE,gdelt:dailylocal.com,2026-07-28 03:00:00+00:00,gdelt:dailylocal.com,Nvidia $750 billion deals revive fear of AI circular financing – Daily Local,0.4860362708568573,0.19976913928985596,0.31419456005096436,0.17184171080589294
RELIANCE,gdelt:journal-advocate.com,2026-07-28 03:00:00+00:00,gdelt:journal-advocate.com,Nvidia $750 billion deals revive fear of AI circular financing – Sterling Journal - Advocate,0.6667100191116333,0.23137328028678894,0.10191675275564194,0.5647932663559914
RELIANCE,gdelt:dailynews.com,2026-07-28 03:00:00+00:00,gdelt:dailynews.com,Nvidia $750 billion deals revive fear of AI circular financing – Daily News,0.23223631083965302,0.6955046057701111,0.07225910574197769,0.15997720509767532
RELIANCE,gdelt:slguardian.org,2026-07-28 03:15:00+00:00,gdelt:slguardian.org,AI and the Productivity Paradox The Aviation Example,0.10211017727851868,0.8772567510604858,0.02063305862247944,0.08147711865603924
RELIANCE,gdelt:akronnewsreporter.com,2026-07-28 03:15:00+00:00,gdelt:akronnewsreporter.com,Nvidia $750 billion deals revive fear of AI circular financing – Akron News - Reporter,0.40986138582229614,0.4929158687591553,0.0972227081656456,0.31263867765665054
RELIANCE,gdelt:timesherald.com,2026-07-28 03:30:00+00:00,gdelt:timesherald.com,Nvidia $750 billion deals revive fear of AI circular financing – The Times Herald,0.4877568483352661,0.12204932421445847,0.39019379019737244,0.09756305813789368
RELIANCE,gdelt:record-bee.com,2026-07-28 03:30:00+00:00,gdelt:record-bee.com,Nvidia $750 billion deals revive fear of AI circular financing – Lake County Record - Bee,0.6382158994674683,0.10559843480587006,0.25618571043014526,0.382030189037323
RELIANCE,gdelt:eptrail.com,2026-07-28 03:30:00+00:00,gdelt:eptrail.com,Nvidia $750 billion deals revive fear of AI circular financing – Estes Park Trail - Gazette,0.6818599104881287,0.1903948336839676,0.12774525582790375,0.5541146546602249
RELIANCE,gdelt:thetimes-tribune.com,2026-07-28 03:30:00+00:00,gdelt:thetimes-tribune.com,Nvidia $750 billion deals revive fear of AI circular financing – Scranton Times - Tribune,0.29515689611434937,0.6070683002471924,0.09777483344078064,0.19738206267356873
RELIANCE,gdelt:global.chinadaily.com.cn,2026-07-28 03:45:00+00:00,gdelt:global.chinadaily.com.cn,Scientific innovation aids food cultivation,0.19666868448257446,0.7912007570266724,0.012130598537623882,0.18453808594495058
RELIANCE,gdelt:tarunbharat.com,2026-07-28 03:45:00+00:00,gdelt:tarunbharat.com,Five - day slide halted ; stock market rallies .,0.44858378171920776,0.34850722551345825,0.20290905237197876,0.245674729347229
RELIANCE,gdelt:dailydemocrat.com,2026-07-28 03:45:00+00:00,gdelt:dailydemocrat.com,Nvidia $750 billion deals revive fear of AI circular financing – Daily Democrat,0.48592573404312134,0.21653500199317932,0.29753929376602173,0.1883864402770996
RELIANCE,gdelt:greeleytribune.com,2026-07-28 04:00:00+00:00,gdelt:greeleytribune.com,Nvidia $750 billion deals revive fear of AI circular financing – Greeley Tribune,0.6837363243103027,0.14999818801879883,0.16626550257205963,0.5174708217382431
RELIANCE,gdelt:advocate-news.com,2026-07-28 04:00:00+00:00,gdelt:advocate-news.com,Nvidia $750 billion deals revive fear of AI circular financing – Fort Bragg Advocate - News,0.28004392981529236,0.6393070220947266,0.08064903318881989,0.19939489662647247
RELIANCE,gdelt:twincities.com,2026-07-28 04:00:00+00:00,gdelt:twincities.com,Nvidia $750 billion deals revive fear of AI circular financing – Twin Cities,0.7047745585441589,0.14662611484527588,0.14859932661056519,0.5561752319335938
RELIANCE,gdelt:orovillemr.com,2026-07-28 04:15:00+00:00,gdelt:orovillemr.com,Nvidia $750 billion deals revive fear of AI circular financing – Oroville Mercury - Register,0.4563857913017273,0.39660221338272095,0.14701201021671295,0.30937378108501434
RELIANCE,gdelt:lowellsun.com,2026-07-28 04:15:00+00:00,gdelt:lowellsun.com,Nvidia $750 billion deals revive fear of AI circular financing – Lowell Sun,0.4051966667175293,0.1857452690601349,0.4090581238269806,-0.003861457109451294
RELIANCE,gdelt:sandiegouniontribune.com,2026-07-28 04:15:00+00:00,gdelt:sandiegouniontribune.com,Nvidia $750 billion deals revive fear of AI circular financing – San Diego Union - Tribune,0.5308308601379395,0.34004923701286316,0.129119873046875,0.40171098709106445
RELIANCE,gdelt:reporterherald.com,2026-07-28 04:30:00+00:00,gdelt:reporterherald.com,Nvidia $750 billion deals revive fear of AI circular financing – Loveland Reporter - Herald,0.265020489692688,0.6962454319000244,0.0387340746819973,0.2262864150106907
RELIANCE,gdelt:finanznachrichten.de,2026-07-28 05:00:00+00:00,gdelt:finanznachrichten.de,Adhoc : Schlatter Industries AG : Schlatter strengthens its management team for the next phase of the company development,0.943935751914978,0.04339725524187088,0.012666895985603333,0.9312688559293747
RELIANCE,gdelt:republicanherald.com,2026-07-28 05:00:00+00:00,gdelt:republicanherald.com,Nvidia $750 billion deals revive fear of AI circular financing – Pottsville Republican Herald,0.519805371761322,0.18810336291790009,0.2920911908149719,0.2277141809463501
RELIANCE,gdelt:newsx.com,2026-07-28 05:00:00+00:00,gdelt:newsx.com,Why Is Stock Market Rising Today ? Sensex Gains Despite Asian Market Weakness and Falling Crude Prices,0.9380214810371399,0.028664417564868927,0.03331408277153969,0.9047073982656002
RELIANCE,gdelt:navbharattimes.indiatimes.com,2026-07-28 05:00:00+00:00,gdelt:navbharattimes.indiatimes.com,"500 % उछाल ! बाजार में कदम रखते ही चीन की सबसे वैल्यूबल कंपनी बनी CXMT , रिलायंस से तीन गुना मार्केट कैप",0.09436841309070587,0.8836202025413513,0.02201138064265251,0.07235703244805336
RELIANCE,gdelt:koreaherald.com,2026-07-28 05:00:00+00:00,gdelt:koreaherald.com,[ Legal updates in Korea ] Crime prevention support expanded for single - owner and women - owned businesses,0.91242915391922,0.07267370074987411,0.014897133223712444,0.8975320206955075
RELIANCE,gdelt:chicoer.com,2026-07-28 05:00:00+00:00,gdelt:chicoer.com,Nvidia $750 billion deals revive fear of AI circular financing – Chico Enterprise - Record,0.7022066116333008,0.14415985345840454,0.15363353490829468,0.5485730767250061
RELIANCE,gdelt:asianews.network,2026-07-28 05:30:00+00:00,gdelt:asianews.network,Tariff pressure prompts call for further supply chain restructuring in Vietnam,0.04477139189839363,0.03428657725453377,0.9209420680999756,-0.876170676201582
RELIANCE,gdelt:economictimes.indiatimes.com,2026-07-28 05:45:00+00:00,gdelt:economictimes.indiatimes.com,India new import rule that could make homes and infrastructure costlier,0.022447898983955383,0.1175583079457283,0.8599937558174133,-0.837545856833458
RELIANCE,gdelt:chiangraitimes.com,2026-07-28 05:45:00+00:00,gdelt:chiangraitimes.com,Thailand Bets Heavily On Natural Gas For Its Economic Growth,0.34353867173194885,0.6452603936195374,0.011200903914868832,0.33233776781708
RELIANCE,gdelt:econews.com.au,2026-07-28 05:45:00+00:00,gdelt:econews.com.au,"Global battery energy storage installed capacity to rise sixfold by 2030 , forecasts GlobalData | Empower Stories | Build Authority",0.8602157235145569,0.13092979788780212,0.008854442276060581,0.8513612812384963
RELIANCE,gdelt:biz.heraldcorp.com,2026-07-28 07:00:00+00:00,gdelt:biz.heraldcorp.com,"美가 막을수록 더 강해졌다  中 반도체 , IPO 대박 · 노광장비 생산 … 기술자립 가속 [ 디브리핑 ]",0.0959293320775032,0.8844068050384521,0.019663935527205467,0.07626539655029774
RELIANCE,gdelt:fnnews.com,2026-07-28 07:30:00+00:00,gdelt:fnnews.com,코스피 장중 6000선 붕괴 … 외국인 4조  패닉셀 [ fn마감시황 ],0.07294879108667374,0.8887547850608826,0.03829638659954071,0.034652404487133026
RELIANCE,gdelt:eco-business.com,2026-07-28 07:30:00+00:00,gdelt:eco-business.com,"Philippines pushes AI hub , gas , and nuclear to boost investment",0.934278666973114,0.047366365790367126,0.018355021253228188,0.9159236457198858
RELIANCE,gdelt:finanznachrichten.de,2026-07-28 08:30:00+00:00,gdelt:finanznachrichten.de,Atos International : Eviden and Thales strengthen resilient navigation capabilities for French army vehicles,0.9249622225761414,0.06709998846054077,0.007937769405543804,0.9170244531705976
RELIANCE,gdelt:bignewsnetwork.com,2026-07-28 08:30:00+00:00,gdelt:bignewsnetwork.com,Trump shifts to longer - term tariff strategy with more duties ahead,0.22365325689315796,0.7583671808242798,0.017979538068175316,0.20567371882498264
RELIANCE,gdelt:itnewsonline.com,2026-07-28 08:30:00+00:00,gdelt:itnewsonline.com,Eviden and Thales strengthen resilient navigation capabilities for French army vehicles,0.940835177898407,0.04922240972518921,0.00994242262095213,0.9308927552774549
RELIANCE,gdelt:varsitarian.net,2026-07-28 09:15:00+00:00,gdelt:varsitarian.net,"PBBM vows ex - speaker arrest , policy reforms in fifth SONA",0.03573646768927574,0.33566638827323914,0.6285971403121948,-0.5928606726229191
RELIANCE,gdelt:arabnews.com,2026-07-28 10:15:00+00:00,gdelt:arabnews.com,Saudi Arabia animation industry should bet on homegrown characters and stories,0.13149602711200714,0.8571210503578186,0.011382938362658024,0.12011308874934912
RELIANCE,gdelt:manilatimes.net,2026-07-28 10:45:00+00:00,gdelt:manilatimes.net,EUDA Health Signs Important Tri - Party Memorandum of Understanding with GO POSB Organoids and Shenzhen Inno to Significantly Advance Next - Generation iPSC and NK - TCR Cell Therapies,0.9338573217391968,0.05314940959215164,0.012993249110877514,0.9208640726283193
RELIANCE,gdelt:investegate.co.uk,2026-07-28 11:15:00+00:00,gdelt:investegate.co.uk,2nd Quarter Results | Company Announcement,0.03654423728585243,0.836765468120575,0.12669029831886292,-0.09014606103301048
RELIANCE,gdelt:mondaq.com,2026-07-28 12:30:00+00:00,gdelt:mondaq.com,Are AI And ESG Redefining Transfer Pricing Roles In Banking,0.1484386920928955,0.8417712450027466,0.009790060110390186,0.13864863198250532
RELIANCE,gdelt:laosnews.net,2026-07-28 12:45:00+00:00,gdelt:laosnews.net,New U . S . tariffs mark broader shift in Trump trade strategy,0.7521698474884033,0.17123039066791534,0.07659977674484253,0.6755700707435608
RELIANCE,gdelt:asiabulletin.com,2026-07-28 12:45:00+00:00,gdelt:asiabulletin.com,Trump rebuilds tariff agenda on firmer legal footing,0.8383066654205322,0.11914753168821335,0.042545825242996216,0.795760840177536
RELIANCE,gdelt:finanznachrichten.de,2026-07-28 13:00:00+00:00,gdelt:finanznachrichten.de,"VirExit Technologies Inc .: Lavish Enterprises Announces FleetPath Fraud and Double - Brokering Screening , Catching Bad Actors Before They Cost a Trucking Company Its Paycheck",0.030892876908183098,0.44728586077690125,0.5218212008476257,-0.49092832393944263
RELIANCE,gdelt:pr-inside.com,2026-07-28 13:15:00+00:00,gdelt:pr-inside.com,ClearSign Receives Order for  M1  Series Burner from Tulsa Midstream ...,0.8451260328292847,0.14176185429096222,0.013112081214785576,0.8320139516144991
RELIANCE,gdelt:investegate.co.uk,2026-07-28 13:15:00+00:00,gdelt:investegate.co.uk,Result of WRAP Retail Offer | Company Announcement,0.05407199636101723,0.9046508073806763,0.041277140378952026,0.0127948559820652
RELIANCE,gdelt:prnewswire.com,2026-07-28 13:30:00+00:00,gdelt:prnewswire.com,EY Survey : C - Suites Pivot from AI Adoption to Unlocking Value as Escalating Token Costs Trigger Fiscal Scrutiny,0.22973200678825378,0.04224245250225067,0.7280255556106567,-0.49829354882240295
RELIANCE,gdelt:thestarphoenix.com,2026-07-28 13:30:00+00:00,gdelt:thestarphoenix.com,Luxury Lifestyle Boom is Accelerating as Premium Fashion Brands Race Toward a $500 Billion Global Economy,0.8496353626251221,0.1294119656085968,0.020952725782990456,0.8286826368421316
RELIANCE,gdelt:manilatimes.net,2026-07-28 13:30:00+00:00,gdelt:manilatimes.net,GMEX Robotics Corporation Enters into Definitive Agreement to Acquire Strategic Equity Interest in MediaMeta . Ai to Advance Social Intelligence,0.7857787609100342,0.20612551271915436,0.008095692843198776,0.7776830680668354
RELIANCE,gdelt:auto.economictimes.indiatimes.com,2026-07-28 14:00:00+00:00,gdelt:auto.economictimes.indiatimes.com,"China EV , auto hubs power regional growth divide as traditional provinces lag , ETAuto",0.1503184586763382,0.8275356292724609,0.02214593067765236,0.12817252799868584
RELIANCE,gdelt:manilatimes.net,2026-07-28 14:00:00+00:00,gdelt:manilatimes.net,Summit State Bank Reports Second Quarter 2026 Financial Results,0.034518975764513016,0.7899656891822815,0.17551524937152863,-0.1409962736070156
RELIANCE,gdelt:timesofindia.indiatimes.com,2026-07-28 14:00:00+00:00,gdelt:timesofindia.indiatimes.com,Big manufacturing push : How India is aiming to future proof its supply chains from global conflicts,0.34641632437705994,0.6426445841789246,0.010939103551208973,0.33547722082585096
RELIANCE,gdelt:manilatimes.net,2026-07-28 14:00:00+00:00,gdelt:manilatimes.net,Workhorse Group Announces Planned Entry into Mobile AI Data Center Category,0.1603405922651291,0.8309436440467834,0.00871572457253933,0.15162486769258976
RELIANCE,gdelt:tennesseedaily.com,2026-07-28 15:00:00+00:00,gdelt:tennesseedaily.com,ClearSign Receives Order for,0.12186684459447861,0.8517596125602722,0.026373587548732758,0.09549325704574585
RELIANCE,gdelt:aninews.in,2026-07-28 15:00:00+00:00,gdelt:aninews.in,R|Elan™ Circular Design Challenge : Distinguished APAC jury names BYO by Tommy Tedji as finalist,0.0921294316649437,0.8933932781219482,0.014477291144430637,0.07765214052051306
RELIANCE,gdelt:finanznachrichten.de,2026-07-28 15:00:00+00:00,gdelt:finanznachrichten.de,inFlow Inventory : 81 % of Inventory Operators Want AI . Only 11 % Are Using It,0.03881531208753586,0.9181562662124634,0.04302838817238808,-0.004213076084852219
RELIANCE,gdelt:jagranjosh.com,2026-07-28 15:15:00+00:00,gdelt:jagranjosh.com,"Atal Vayo Abhyuday Yojana : सरकार की बड़ी पहल , कैसे करें ऑनलाइन आवेदन , यहां देखें हर एक डिटेल्स",0.06946099549531937,0.9094814658164978,0.021057549864053726,0.04840344563126564
RELIANCE,gdelt:vccircle.com,2026-07-28 15:15:00+00:00,gdelt:vccircle.com,Brookfield sees 6 . 5 GW of AI data - centre capacity coming online in India,0.7083366513252258,0.28185442090034485,0.009808882139623165,0.6985277691856027
RELIANCE,gdelt:newkerala.com,2026-07-28 15:15:00+00:00,gdelt:newkerala.com,BYO by Tommy Tedji Named APAC Finalist in Circular Design Challenge,0.6238504648208618,0.36033689975738525,0.015812600031495094,0.6080378647893667
RELIANCE,gdelt:beijingbulletin.com,2026-07-28 16:15:00+00:00,gdelt:beijingbulletin.com,China - Africa Salon : Africa industrial takeoff,0.08168449252843857,0.9019862413406372,0.016329340636730194,0.06535515189170837
RELIANCE,gdelt:prnewswire.com,2026-07-28 16:15:00+00:00,gdelt:prnewswire.com,Jaguar Uranium Launches U . S . Government Strategy with Manifest Industries and Adds General Charles Flynn as Advisor,0.06548874080181122,0.9177879095077515,0.016723327338695526,0.04876541346311569
RELIANCE,gdelt:hawaiitelegraph.com,2026-07-28 16:15:00+00:00,gdelt:hawaiitelegraph.com,"Lavish Enterprises Announces FleetPath Fraud and Double - Brokering Screening , Catching Bad Actors Before They Cost a Trucking Company Its Paycheck",0.023039869964122772,0.42847493290901184,0.5484851598739624,-0.5254452899098396
RELIANCE,gdelt:presstv.co.uk,2026-07-28 16:45:00+00:00,gdelt:presstv.co.uk,Inside Yemen target bank : Why Saudi Arabia critical infrastructure is sitting on a tinderbox,0.03576013818383217,0.7789795398712158,0.18526028096675873,-0.14950014278292656
RELIANCE,gdelt:boldsky.com,2026-07-28 16:45:00+00:00,gdelt:boldsky.com,August 2026 Important Days And Events : Complete List Of National And International Observances This Month,0.020835213363170624,0.939031183719635,0.04013361781835556,-0.019298404455184937
RELIANCE,gdelt:torontotelegraph.com,2026-07-28 16:45:00+00:00,gdelt:torontotelegraph.com,Sekur Private Data Reports 25 % Month - Over - Month Increase in Average Revenue Per User as Premium Pivot Takes Hold,0.9536997079849243,0.027783984318375587,0.018516341224312782,0.9351833667606115
RELIANCE,gdelt:prokerala.com,2026-07-28 17:15:00+00:00,gdelt:prokerala.com,PM Modi tells top officials to jointly focus on big push to economic growth,0.21146634221076965,0.774965226650238,0.013568446040153503,0.19789789617061615
RELIANCE,gdelt:aninews.in,2026-07-28 17:15:00+00:00,gdelt:aninews.in,Prime Minister chairs second meeting with Secretaries of Government of India,0.03213982656598091,0.8966245651245117,0.07123558223247528,-0.03909575566649437
RELIANCE,gdelt:navbharattimes.indiatimes.com,2026-07-28 17:15:00+00:00,gdelt:navbharattimes.indiatimes.com,"New Import Rule : एक्‍शन तो ले लिया , लेकिन नतीजे नहीं दिख रहे अच्‍छे , भारत के इस नए नियम को लेकर चेतावनी",0.06786758452653885,0.9121599793434143,0.019972456619143486,0.04789512790739536
RELIANCE,gdelt:livehindustan.com,2026-07-28 17:45:00+00:00,gdelt:livehindustan.com,"प्रधानमंत्री आवास पर नौकरशाहों की हाई लेवल मीटिंग , पीएम मोदी ने दिए खास निर्देश",0.15645849704742432,0.8194682598114014,0.0240732803940773,0.13238521665334702
RELIANCE,gdelt:khaskhabar.com,2026-07-28 18:00:00+00:00,gdelt:khaskhabar.com,"PM Modi Chairs Second High - Level Meeting with Secretaries of the Government of India , Delhi News in Hindi",0.04944997280836105,0.9240152835845947,0.026534706354141235,0.022915266454219818
RELIANCE,gdelt:livemint.com,2026-07-28 18:00:00+00:00,gdelt:livemint.com,Coca - Cola India value market share slips in June quarter,0.007997598499059677,0.020805422216653824,0.9711969494819641,-0.9631993509829044
RELIANCE,gdelt:pragativadi.com,2026-07-28 18:45:00+00:00,gdelt:pragativadi.com,PM Modi Viksit Bharat : A Push for Governance Reform - Pragativadi I Latest Odisha News in English I Breaking News,0.10214266180992126,0.8828853368759155,0.014971964992582798,0.08717069681733847
RELIANCE,gdelt:singaporestar.com,2026-07-28 19:00:00+00:00,gdelt:singaporestar.com,81 % of Inventory Operators Want AI . Only 11 % Are Using It,0.03249291330575943,0.9287332892417908,0.03877377137541771,-0.006280858069658279
RELIANCE,gdelt:thenews.coop,2026-07-28 19:30:00+00:00,gdelt:thenews.coop,"Obituary : Rameshan Paleri , chair of Uralungal Labour Contract Co - op",0.03204543888568878,0.919359028339386,0.04859546944499016,-0.016550030559301376
RELIANCE,gdelt:arynews.tv,2026-07-28 19:45:00+00:00,gdelt:arynews.tv,Iran : Analyzing Resilience in Adverse Conditions,0.7827340960502625,0.19323144853115082,0.024034475907683372,0.7586996201425791
RELIANCE,gdelt:channelafrica.co.za,2026-07-28 19:45:00+00:00,gdelt:channelafrica.co.za,"Innovation , technology tops agenda at SADC Industrialisation Week – Channel Africa",0.2237105816602707,0.7634811401367188,0.012808235362172127,0.21090234629809856
RELIANCE,gdelt:fool.com,2026-07-28 19:45:00+00:00,gdelt:fool.com,Archer Aviation vs . QuantumScape : Which EV Stock Is a Better Buy in 2026 ?,0.08631791919469833,0.8971647620201111,0.01651732809841633,0.069800591096282
RELIANCE,gdelt:kenyastar.com,2026-07-28 20:00:00+00:00,gdelt:kenyastar.com,R|Elan Circular Design Challenge : Distinguished APAC jury names BYO by Tommy Tedji as finalist,0.11069761216640472,0.8755322098731995,0.01377021986991167,0.09692739229649305
RELIANCE,gdelt:fool.com,2026-07-28 20:15:00+00:00,gdelt:fool.com,Archer Aviation vs . Redwire : Which Aerospace Stock Is a Better Buy in 2026 ?,0.08263859897851944,0.89887535572052,0.01848599500954151,0.06415260396897793
RELIANCE,gdelt:finanznachrichten.de,2026-07-28 20:45:00+00:00,gdelt:finanznachrichten.de,TechnipFMC plc : TechnipFMC Declares Quarterly Dividend,0.02835967019200325,0.6001192331314087,0.3715211749076843,-0.3431615047156811
RELIANCE,gdelt:newswiretoday.com,2026-07-28 21:00:00+00:00,gdelt:newswiretoday.com,Eviden and Thales Strengthen Resilient Navigation Capabilities for French Army Vehicles - Military / Defense / Homeland Security - Thales Group,0.9027234315872192,0.08941471576690674,0.007861905731260777,0.8948615258559585
RELIANCE,gdelt:manilatimes.net,2026-07-28 21:00:00+00:00,gdelt:manilatimes.net,Ellomay Enters the Italian Battery Storage Market with the Execution of an Agreement to Acquire a 51 . 75 MW / 207 MWh ( 4 - hour ) Project in Northern Italy,0.7529546022415161,0.24017995595932007,0.006865438539534807,0.7460891637019813
RELIANCE,gdelt:techstory.in,2026-07-28 21:00:00+00:00,gdelt:techstory.in,Data Centres Are Becoming the New Oil Fields,0.12491022795438766,0.8625462055206299,0.01254355814307928,0.11236666981130838
RELIANCE,gdelt:theindianawaaz.com,2026-07-28 21:00:00+00:00,gdelt:theindianawaaz.com,PM Modi chairs high - level meeting to review future action agenda – The Indian Awaaz,0.08066779375076294,0.8971011638641357,0.02223111502826214,0.0584366787225008
RELIANCE,gdelt:prnewswire.com,2026-07-28 21:00:00+00:00,gdelt:prnewswire.com,Ferrovial reports strong H1 2026 results,0.9473064541816711,0.028211111202836037,0.02448241412639618,0.922824040055275
RELIANCE,gdelt:finanznachrichten.de,2026-07-28 21:15:00+00:00,gdelt:finanznachrichten.de,Ingredion Incorporated : Ingredion 595 pence All - Cash Offer to Acquire Tate & Lyle Accepted by Their Shareholders,0.14389652013778687,0.8453987836837769,0.01070473250001669,0.13319178763777018
RELIANCE,gdelt:manilatimes.net,2026-07-28 21:15:00+00:00,gdelt:manilatimes.net,Ingredion 595 pence All - Cash Offer to Acquire Tate & Lyle Accepted by Their Shareholders,0.38752853870391846,0.5998534560203552,0.012617984786629677,0.3749105539172888
RELIANCE,gdelt:hindi.business-standard.com,2026-07-28 22:00:00+00:00,gdelt:hindi.business-standard.com,"AI Data Center Demand : AI डेटा सेंटर की बढ़ती मांग से अर्थव्यवस्था को मिल रहा नया दमखम , कई सेक्टरों को मिलेगा फायदा - rising demand for ai data centers is giving fresh momentum to the economy",0.9293975234031677,0.0544503852725029,0.01615217886865139,0.9132453445345163
RELIANCE,gdelt:manilatimes.net,2026-07-28 22:00:00+00:00,gdelt:manilatimes.net,"Univest Securities , LLC Announces Closing of $4 Million Registered Direct Offering for its Client Ohmyhome Ltd ( NASDAQ : OMH )",0.032456882297992706,0.8406885266304016,0.12685459852218628,-0.09439771622419357
RELIANCE,gdelt:juniorminingnetwork.com,2026-07-28 22:15:00+00:00,gdelt:juniorminingnetwork.com,First Quantum Minerals Reports Second Quarter 2026 Results,0.01856296882033348,0.9375385046005249,0.04389854893088341,-0.025335580110549927
RELIANCE,gdelt:ft.lk,2026-07-28 22:45:00+00:00,gdelt:ft.lk,Mine the leverage ? | Daily FT,0.031193479895591736,0.9263598322868347,0.042446691542863846,-0.01125321164727211
RELIANCE,gdelt:finanznachrichten.de,2026-07-28 23:00:00+00:00,gdelt:finanznachrichten.de,Diamond Estates Wines & Spirits Inc .: Diamond Estates Wines & Spirits Reports Fiscal 2026 Financial Results,0.031216131523251534,0.9110733866691589,0.05771052464842796,-0.02649439312517643
RELIANCE,gdelt:thestarphoenix.com,2026-07-28 23:00:00+00:00,gdelt:thestarphoenix.com,Great West reports Q2 2026 results with double - digit earnings growth,0.8898568153381348,0.05070466175675392,0.05943846330046654,0.8304183520376682
RELIANCE,gdelt:allafrica.com,2026-07-28 23:30:00+00:00,gdelt:allafrica.com,Malawi : Lake Malawi to Get Four New Vessels Under China - Backed Transport Deal,0.9024415016174316,0.08812355250120163,0.009434876032173634,0.893006625585258
RELIANCE,gdelt:riponadvance.com,2026-07-30 00:00:00+00:00,gdelt:riponadvance.com,"Blackburn bill aims to onshore manufacturing of critical medical supplies , drugs",0.5467182993888855,0.44168511033058167,0.01159668155014515,0.5351216178387403
RELIANCE,gdelt:miragenews.com,2026-07-30 00:15:00+00:00,gdelt:miragenews.com,Eyes Of Sky Backed In Far North Queensland,0.10523372143507004,0.8425711393356323,0.05219518020749092,0.05303854122757912
RELIANCE,gdelt:leaderpost.com,2026-07-30 00:45:00+00:00,gdelt:leaderpost.com,AGI Announces Second Quarter 2026 Results & Provides Business Update,0.03595326840877533,0.9349561333656311,0.029090622439980507,0.006862645968794823
RELIANCE,gdelt:allafrica.com,2026-07-30 00:45:00+00:00,gdelt:allafrica.com,North Africa : Egypt Simplex Opens $50m CNC Factory in Regional Expansion,0.45064759254455566,0.5368230938911438,0.012529262341558933,0.43811833020299673
RELIANCE,gdelt:oilprice.com,2026-07-30 01:00:00+00:00,gdelt:oilprice.com,Investors Are Racing to Find America Next Rare Earth Winner,0.10480374097824097,0.8775392174720764,0.017656981945037842,0.08714675903320312
RELIANCE,gdelt:livemint.com,2026-07-30 01:15:00+00:00,gdelt:livemint.com,"Exide , Amara Raja , Waaree likely bidders in 10GWh grid - scale energy storage tender",0.4656897485256195,0.5258209705352783,0.008489253930747509,0.457200494594872
RELIANCE,gdelt:lankaweb.com,2026-07-30 01:30:00+00:00,gdelt:lankaweb.com,"LankaWeb –  Outside Force &  Up High : Voodoo Economics , Yaka Economics & the Charade of Economists in Sri Lanka",0.08356861025094986,0.8917681574821472,0.024663187563419342,0.05890542268753052
RELIANCE,gdelt:africa.com,2026-07-30 01:45:00+00:00,gdelt:africa.com,Parallel Financial Systems Are Reinventing Africa Financial Landscape,0.11461703479290009,0.8690299391746521,0.01635296829044819,0.0982640665024519
RELIANCE,gdelt:unitaid.eu,2026-07-30 02:00:00+00:00,gdelt:unitaid.eu,Cardtremendouscom : The Rising Global Standard For Digital Rewards And Creator Payouts,0.5839886665344238,0.40697452425956726,0.009036845527589321,0.5749518210068345
RELIANCE,gdelt:en.people.cn,2026-07-30 02:00:00+00:00,gdelt:en.people.cn,China moves to unlock sci - tech finance data to spur innovation,0.8773402571678162,0.11166779696941376,0.010991966351866722,0.8663482908159494
RELIANCE,gdelt:onlineopinion.com.au,2026-07-30 02:15:00+00:00,gdelt:onlineopinion.com.au,Asia Blue Express - On Line Opinion,0.05106459558010101,0.9328162670135498,0.01611904799938202,0.034945547580718994
RELIANCE,gdelt:vietnamnews.vn,2026-07-30 02:15:00+00:00,gdelt:vietnamnews.vn,Military science agency drives push to master strategic technologies,0.4726347327232361,0.5175363421440125,0.009828932583332062,0.462805800139904
RELIANCE,gdelt:thehindubusinessline.com,2026-07-30 02:45:00+00:00,gdelt:thehindubusinessline.com,"Stock Market Today Live . July 30 , 2026 : Stock to buy today : Signatureglobal ( India )",0.04391400143504143,0.938143789768219,0.017942186444997787,0.02597181499004364
RELIANCE,gdelt:thehindubusinessline.com,2026-07-30 02:45:00+00:00,gdelt:thehindubusinessline.com,From Dr Reddy to Hirect : Why these 10 stocks are in focus today,0.029214246198534966,0.9189358353614807,0.05184989422559738,-0.022635648027062416
RELIANCE,gdelt:punchng.com,2026-07-30 03:00:00+00:00,gdelt:punchng.com,Nigeria retains Africa upstream oil investment lead,0.18037670850753784,0.8115406036376953,0.008082668296992779,0.17229404021054506
RELIANCE,gdelt:cleantechnica.com,2026-07-30 03:00:00+00:00,gdelt:cleantechnica.com,Q & A : What the EU Carbon Market Review Means for Climate Action,0.07057617604732513,0.9180720448493958,0.011351789347827435,0.0592243866994977
RELIANCE,gdelt:punchng.com,2026-07-30 03:30:00+00:00,gdelt:punchng.com,What Happens When a President Dies ? Understanding Protocols,0.031737785786390305,0.8866966366767883,0.08156556636095047,-0.049827780574560165
RELIANCE,gdelt:thesun.ng,2026-07-30 03:30:00+00:00,gdelt:thesun.ng,"Why coins , lower - denomination notes are scarce – Cardoso",0.04418675974011421,0.8827356100082397,0.07307762652635574,-0.02889086678624153
RELIANCE,gdelt:whattheythink.com,2026-07-30 03:30:00+00:00,gdelt:whattheythink.com,Governance That Scales :  Building a Practical AI Governance Foundation in Regulated Industries,0.11616680771112442,0.8724615573883057,0.011371666565537453,0.10479514114558697
RELIANCE,gdelt:livemint.com,2026-07-30 04:00:00+00:00,gdelt:livemint.com,"Stock market today : Gift Nifty hints a flat start ; seven day trading stocks to buy on Thursday , 30 July",0.44566264748573303,0.3472250699996948,0.20711226761341095,0.23855037987232208
RELIANCE,gdelt:varesenews.it,2026-07-30 04:30:00+00:00,gdelt:varesenews.it,Gestionale per shop online PrestaShop : buoni motivi per affidarsi a Bman,0.10740912705659866,0.8770792484283447,0.01551162637770176,0.0918975006788969
RELIANCE,gdelt:tarunmitra.in,2026-07-30 05:00:00+00:00,gdelt:tarunmitra.in,"ग्वालियर बनेगा देश का पहला टेलीकॉम मैन्युफैक्चरिंग हब , आज नई दिल्ली में होगा एमओयू",0.16611085832118988,0.814323365688324,0.01956573687493801,0.14654512144625187
RELIANCE,gdelt:pressenza.com,2026-07-30 06:30:00+00:00,gdelt:pressenza.com,Trump Authoritarian Play Against Foreign Journalists,0.05151958018541336,0.7679880857467651,0.18049226701259613,-0.12897268682718277
RELIANCE,gdelt:investegate.co.uk,2026-07-30 07:00:00+00:00,gdelt:investegate.co.uk,Proposed Equity Issue - Retail Offer | Company Announcement,0.031249752268195152,0.9502304792404175,0.018519770354032516,0.012729981914162636
RELIANCE,gdelt:thehindu.com,2026-07-30 10:00:00+00:00,gdelt:thehindu.com,Srikakulam to send 737 buses to Bhogapuram airport inauguration on August 1,0.43808358907699585,0.5500747561454773,0.011841676197946072,0.4262419128790498
RELIANCE,gdelt:livemint.com,2026-07-30 10:00:00+00:00,gdelt:livemint.com,"Retail investors broaden bets in Q1 , flock to Vedanta , Wipro and Bajaj Auto",0.7148824334144592,0.24099886417388916,0.04411869868636131,0.6707637347280979
RELIANCE,gdelt:thailand-business-news.com,2026-07-30 10:15:00+00:00,gdelt:thailand-business-news.com,Toward the Realization of a Sustainable and Resilient ASEAN - Japan Economic Community :  DISG Task Force Joint Declaration  Officially Adopted,0.7248480319976807,0.2642952501773834,0.01085672713816166,0.713991304859519
RELIANCE,gdelt:leaderpost.com,2026-07-30 11:15:00+00:00,gdelt:leaderpost.com,Real Matters Reports Third Quarter Financial Results,0.035688139498233795,0.8724514245986938,0.09186051785945892,-0.05617237836122513
RELIANCE,gdelt:leaderpost.com,2026-07-30 11:15:00+00:00,gdelt:leaderpost.com,Brookfield Infrastructure Reports Strong Second Quarter 2026 Results,0.9482405185699463,0.028119642287492752,0.023639841005206108,0.9246006775647402
RELIANCE,gdelt:finanznachrichten.de,2026-07-30 11:15:00+00:00,gdelt:finanznachrichten.de,TechnipFMC plc : TechnipFMC Announces Second - Quarter 2026 Results,0.02669903077185154,0.9321348667144775,0.04116613417863846,-0.014467103406786919
RELIANCE,gdelt:finanzen.ch,2026-07-30 11:15:00+00:00,gdelt:finanzen.ch,Indian Shares End Modestly Higher In Cautious Trade,0.9383806586265564,0.03141578286886215,0.030203504487872124,0.9081771541386843
RELIANCE,gdelt:thehindubusinessline.com,2026-07-30 11:30:00+00:00,gdelt:thehindubusinessline.com,"Stock Market Today July 30 : Sensex , Nifty close in the green ; auto stocks drive markets higher",0.9048991799354553,0.06930552423000336,0.025795355439186096,0.8791038244962692
RELIANCE,gdelt:aol.co.uk,2026-07-30 12:15:00+00:00,gdelt:aol.co.uk,How the united kingdom economy fell apart in 2020 and if it will recover in 2021,0.1419210284948349,0.7282025814056396,0.12987646460533142,0.012044563889503479
RELIANCE,gdelt:wxxinews.org,2026-07-30 12:15:00+00:00,gdelt:wxxinews.org,State agency offers $8M for alternative fuel initiatives,0.7723232507705688,0.2174368053674698,0.01023995690047741,0.7620832938700914
RELIANCE,gdelt:independent.com.mt,2026-07-30 12:45:00+00:00,gdelt:independent.com.mt,Three in four SMEs uncertain or unwilling to invest in coming months - PN ; government rejects claim,0.022969698533415794,0.08161193877458572,0.8954182863235474,-0.8724485877901316
RELIANCE,gdelt:investegate.co.uk,2026-07-30 12:45:00+00:00,gdelt:investegate.co.uk,FINAL RESULTS FOR THE YEAR ENDED 31 MARCH 2026 | Company Announcement,0.022754285484552383,0.9279760122299194,0.049269746989011765,-0.02651546150445938
RELIANCE,gdelt:finanznachrichten.de,2026-07-30 13:00:00+00:00,gdelt:finanznachrichten.de,"Volt Carbon Technologies : Volt Carbon Receives Initial 40 , 000 Tonne Toll Processing Purchase Order and Provides Northern Ore Commercialization Update",0.6274443864822388,0.36279019713401794,0.009765340946614742,0.617679045535624
RELIANCE,gdelt:hawaiitelegraph.com,2026-07-30 13:00:00+00:00,gdelt:hawaiitelegraph.com,CoTec Holdings Corp . Investment MagIron Strengthens Leadership Team and Liquidity Position,0.9533874988555908,0.029758842661976814,0.016853664070367813,0.936533834785223
RELIANCE,gdelt:finanznachrichten.de,2026-07-30 13:00:00+00:00,gdelt:finanznachrichten.de,Purebread Brands Inc .: Purebread Brands Inc . Reports FY 2026 Results,0.0209044162184,0.9079633355140686,0.07113217562437057,-0.05022775940597057
RELIANCE,gdelt:times-standard.com,2026-07-30 13:45:00+00:00,gdelt:times-standard.com,My Word | The climate solution hiding on your dinner plate,0.05741142854094505,0.8034412264823914,0.1391473114490509,-0.08173588290810585
RELIANCE,gdelt:livenews.co.nz,2026-07-30 13:45:00+00:00,gdelt:livenews.co.nz,American Rare Earths Advances Nasdaq Listing Strategy – LiveNews . co . nz,0.05254451930522919,0.9341016411781311,0.013353819958865643,0.039190699346363544
RELIANCE,gdelt:shephardmedia.com,2026-07-30 13:45:00+00:00,gdelt:shephardmedia.com,July drone digest : Sovereign production takes centre stage at Farnborough,0.1727013885974884,0.8054547309875488,0.02184384874999523,0.15085753984749317
RELIANCE,gdelt:globalgovernmentforum.com,2026-07-30 13:45:00+00:00,gdelt:globalgovernmentforum.com,"Faster energy transition core to national security , says UN climate chief",0.7847568988800049,0.20695140957832336,0.00829166080802679,0.7764652380719781
RELIANCE,gdelt:newkerala.com,2026-07-30 14:00:00+00:00,gdelt:newkerala.com,Bangladesh Gas Crisis : LNG Terminal Disrupts Industries,0.00859716348350048,0.043070390820503235,0.9483324885368347,-0.9397353250533342
RELIANCE,gdelt:ianslive.in,2026-07-30 15:00:00+00:00,gdelt:ianslive.in,"Employment , loans and skill support : UP government new initiative for Divyangjan",0.5214908719062805,0.4675566256046295,0.01095252763479948,0.510538344271481
RELIANCE,gdelt:highlandcountypress.com,2026-07-30 15:30:00+00:00,gdelt:highlandcountypress.com,Communism – it back | The Highland County Press,0.09319061785936356,0.8785716891288757,0.028237687423825264,0.06495293043553829
RELIANCE,gdelt:insidermonkey.com,2026-07-30 15:30:00+00:00,gdelt:insidermonkey.com,ZenaTech DaaS Oil and Gas Business Enters a Strengthened Market with Higher Oil Prices and More Than US$500 Billion in Expected Canadian Energy Investment Over the Next Decade,0.9483616948127747,0.04133369028568268,0.010304641909897327,0.9380570529028773
RELIANCE,gdelt:hapakenya.com,2026-07-30 16:45:00+00:00,gdelt:hapakenya.com,How Absa Bank Kenya is turning climate risk into economic strategy,0.08231529593467712,0.8990441560745239,0.018640534952282906,0.06367476098239422
RELIANCE,gdelt:riotimesonline.com,2026-07-30 18:15:00+00:00,gdelt:riotimesonline.com,PDVSA Cuts Out the Traders as Refiners Return to Venezuelan Crude,0.02775156870484352,0.40352851152420044,0.5687199831008911,-0.5409684143960476
RELIANCE,gdelt:finanznachrichten.de,2026-07-30 19:00:00+00:00,gdelt:finanznachrichten.de,Parvis Invest Inc .: Parvis Reports Fiscal Year 2026,0.02341436967253685,0.9541540145874023,0.022431667894124985,0.0009827017784118652
RELIANCE,gdelt:wwd.com,2026-07-30 20:00:00+00:00,gdelt:wwd.com,Op - Ed : The Material Revolution Taking Animals Out of Fashion,0.04103720188140869,0.9058305621147156,0.05313218757510185,-0.012094985693693161
RELIANCE,gdelt:californiatelegraph.com,2026-07-30 20:15:00+00:00,gdelt:californiatelegraph.com,Gera Developments appoints Paromita Deb Areng as Chief People Officer to drive its people and growth strategy,0.10145264118909836,0.8869808316230774,0.01156655140221119,0.08988608978688717
RELIANCE,gdelt:livenews.co.nz,2026-07-30 20:30:00+00:00,gdelt:livenews.co.nz,"PM Edition : Top 10 Business Articles on LiveNews . co . nz for July 31 , 2026 – Full Text – LiveNews . co . nz",0.028925351798534393,0.9414194226264954,0.02965528331696987,-0.0007299315184354782
RELIANCE,gdelt:finanznachrichten.de,2026-07-30 20:45:00+00:00,gdelt:finanznachrichten.de,"Mohawk Industries , Inc .: Mohawk Industries Reports Q2 2026 Results",0.01671346090734005,0.9015209078788757,0.08176564425230026,-0.06505218334496021
RELIANCE,gdelt:theindianawaaz.com,2026-07-30 20:45:00+00:00,gdelt:theindianawaaz.com,"July 30 : Markets upbeat for Second Day ; Nifty Above 24 , 300 as Auto , Energy Shares Lead Recovery – The Indian Awaaz",0.9336223602294922,0.03019208274781704,0.036185599863529205,0.897436760365963
RELIANCE,gdelt:theindianawaaz.com,2026-07-30 20:45:00+00:00,gdelt:theindianawaaz.com,"Share Bazar ने उतार - चढ़ाव भरे सत्र में जीत का सिलसिला जारी रखा ; निफ्टी 24 , 300 के ऊपर टिका – The Indian Awaaz",0.07754889875650406,0.8973532319068909,0.025097893550992012,0.05245100520551205
RELIANCE,gdelt:leaderpost.com,2026-07-30 20:45:00+00:00,gdelt:leaderpost.com,Mohawk Industries Reports Q2 2026 Results,0.017953768372535706,0.9084030389785767,0.07364312559366226,-0.055689357221126556
RELIANCE,gdelt:leadership.ng,2026-07-30 21:00:00+00:00,gdelt:leadership.ng,S & P Strengthens Africa Market Involvement After Investment In Nigeria Agusto & Co,0.9311202764511108,0.05439390987157822,0.014485781081020832,0.91663449537009
RELIANCE,gdelt:sharemanthan.in,2026-07-30 21:00:00+00:00,gdelt:sharemanthan.in,एचडीएफसी बैंक में निवेश का सही समय है या नहीं ? जानिए किन स्तरों पर बढ़ सकती है मुश्किलें,0.22809094190597534,0.7447972297668457,0.027111809700727463,0.20097913220524788
RELIANCE,gdelt:manilatimes.net,2026-07-30 21:15:00+00:00,gdelt:manilatimes.net,Reliance Global Group Reports Second Quarter 2026 Results and Accelerates AI - Driven Transformation,0.9253965616226196,0.06497213244438171,0.009631226770579815,0.9157653348520398
RELIANCE,gdelt:prnewswire.com,2026-07-30 21:15:00+00:00,gdelt:prnewswire.com,Ameren Announces Second Quarter 2026 Results,0.01970088668167591,0.9378513693809509,0.04244769737124443,-0.02274681068956852
RELIANCE,gdelt:finchannel.com,2026-07-30 21:15:00+00:00,gdelt:finchannel.com,UK Hiring : How Artificial Intelligence Is Changing Recruitment and the Future of Work,0.04888808727264404,0.8971244692802429,0.05398741364479065,-0.0050993263721466064
RELIANCE,gdelt:aspentimes.com,2026-07-30 21:30:00+00:00,gdelt:aspentimes.com,How Western Slope mining helped secure Colorado statehood and shaped its future 150 years later,0.11707672476768494,0.8679235577583313,0.014999720267951488,0.10207700449973345
RELIANCE,gdelt:zerohedge.com,2026-07-30 21:45:00+00:00,gdelt:zerohedge.com,Strong Microsoft earnings allow Tech to rebound - Newsquawk US Market Wrap,0.9429619312286377,0.027875535190105438,0.02916255220770836,0.9137993790209293
RELIANCE,gdelt:ghanamma.com,2026-07-30 22:00:00+00:00,gdelt:ghanamma.com,Comprehensive Breakdown : Key Proposed Amendments to Ghana 1992 Constitution – A Detailed Analysis – Ghanamma . com,0.043024059385061264,0.9381981492042542,0.018777817487716675,0.02424624189734459
RELIANCE,gdelt:manilatimes.net,2026-07-30 22:00:00+00:00,gdelt:manilatimes.net,Black Diamond Reports Second Quarter Results and Declares Dividend,0.022828033193945885,0.9039449095726013,0.07322700321674347,-0.050398970022797585
RELIANCE,gdelt:hindi.business-standard.com,2026-07-30 22:00:00+00:00,gdelt:hindi.business-standard.com,"विदेशी निवेशकों की खरीदारी से लगातार दूसरे दिन चढ़ा शेयर बाजार , सेंसेक्स 274 अंक मजबूत - stock market rises for the second consecutive day on buying by foreign investors sensex gains 274 points",0.9123182892799377,0.03570199012756348,0.0519796758890152,0.8603386133909225
RELIANCE,gdelt:montrealgazette.com,2026-07-30 23:45:00+00:00,gdelt:montrealgazette.com,Pembina Pipeline Reports Results for the Second Quarter of 2026,0.0819355919957161,0.7868799567222595,0.13118435442447662,-0.04924876242876053
RELIANCE,gdelt:naturalnews.com,2026-07-30 23:45:00+00:00,gdelt:naturalnews.com,The power bottleneck : How Europe energy crisis is choking its AI ambitions – NaturalNews . com,0.03427518904209137,0.7327280640602112,0.23299677670001984,-0.19872158765792847
RELIANCE,gdelt:naturalnews.com,2026-07-30 23:45:00+00:00,gdelt:naturalnews.com,The hidden dangers of processed foods : How to reduce sodium and reclaim your health – NaturalNews . com,0.08328616619110107,0.8978301286697388,0.01888369582593441,0.06440247036516666
RELIANCE,gdelt:ynet.co.il,2026-07-30 23:45:00+00:00,gdelt:ynet.co.il,החלומות הגבוהים : גילויים חדשים על התוכנית לשינוי המשטר באיראן,0.10067902505397797,0.8720138669013977,0.027307119220495224,0.07337190583348274
RELIANCE,gdelt:mondaq.com,2026-07-31 00:00:00+00:00,gdelt:mondaq.com,Trump Administration Issues Significant Final Revisions To Endangered Species Act Regulations,0.07995999604463577,0.8948306441307068,0.025209341198205948,0.054750654846429825
RELIANCE,gdelt:business.scoop.co.nz,2026-07-31 01:30:00+00:00,gdelt:business.scoop.co.nz,Business . Scoop » Businesses Can Now Apply To Transition From Gas,0.16893211007118225,0.8222571015357971,0.008810742758214474,0.16012136731296778
RELIANCE,gdelt:economictimes.indiatimes.com,2026-07-31 01:45:00+00:00,gdelt:economictimes.indiatimes.com,Korea leverage trap has an echo in India - The Economic Times,0.13589145243167877,0.8402925133705139,0.023816097527742386,0.11207535490393639
RELIANCE,gdelt:thejakartapost.com,2026-07-31 02:15:00+00:00,gdelt:thejakartapost.com,Analysis : Seeking the missing sugar feedstock for E20 initiative - Academia,0.060819242149591446,0.9257585406303406,0.013422260992228985,0.04739698115736246
RELIANCE,gdelt:miragenews.com,2026-07-31 02:30:00+00:00,gdelt:miragenews.com,Firms Invited To Shift Away From Gas,0.1136537566781044,0.5913994908332825,0.2949467599391937,-0.18129300326108932
RELIANCE,gdelt:europe.chinadaily.com.cn,2026-07-31 03:00:00+00:00,gdelt:europe.chinadaily.com.cn,Australia mulls building new oil refinery,0.09981631487607956,0.8495334982872009,0.0506502166390419,0.04916609823703766
RELIANCE,gdelt:economictimes.indiatimes.com,2026-07-31 03:00:00+00:00,gdelt:economictimes.indiatimes.com,"Stocks in news : Maruti Suzuki , ITC , Vedanta , Swiggy , RIL",0.04876813292503357,0.929172694683075,0.02205924317240715,0.02670888975262642
RELIANCE,gdelt:itbusinessnet.com,2026-07-31 03:45:00+00:00,gdelt:itbusinessnet.com,Parvis Reports Fiscal Year 2026 – IT Business Net,0.03815840557217598,0.9266433715820312,0.03519818186759949,0.0029602237045764923
RELIANCE,gdelt:fool.com,2026-07-31 04:00:00+00:00,gdelt:fool.com,FTI Consulting ( FCN ) Q2 2026 Earnings Call Transcript,0.05532287433743477,0.9054014682769775,0.03927566856145859,0.01604720577597618
RELIANCE,gdelt:the-star.co.ke,2026-07-31 04:15:00+00:00,gdelt:the-star.co.ke,Kagwe unveils plan to revive Kwale sugar industry,0.5087470412254333,0.479130357503891,0.012122624553740025,0.4966244166716933
RELIANCE,gdelt:thehindubusinessline.com,2026-07-31 04:15:00+00:00,gdelt:thehindubusinessline.com,"Stock Market Today Live , July 31 : Sensex tops 78 , 000 , Nifty gains as global rally lifts market sentiment",0.9352778196334839,0.035489391535520554,0.029232783243060112,0.9060450363904238
RELIANCE,gdelt:dailypioneer.com,2026-07-31 04:15:00+00:00,gdelt:dailypioneer.com,"Sensex , Nifty End Higher on Reliance , HDFC Bank Gains and FII Inflows",0.9362286925315857,0.02934195101261139,0.03442935645580292,0.9017993360757828
RELIANCE,gdelt:timesofindia.indiatimes.com,2026-07-31 04:45:00+00:00,gdelt:timesofindia.indiatimes.com,"Gold , Silver Rate Today Live Updates : Spot gold slips but on track to end four - month losing streak",0.20806282758712769,0.03385768458247185,0.758079469203949,-0.5500166416168213
RELIANCE,gdelt:thailand-business-news.com,2026-07-31 04:45:00+00:00,gdelt:thailand-business-news.com,Why the U . S . Is Unlikely to Reduce China Dominance in Critical Minerals,0.16893982887268066,0.7297108173370361,0.10134932398796082,0.06759050488471985
RELIANCE,gdelt:fool.com,2026-07-31 04:45:00+00:00,gdelt:fool.com,Federal Signal ( FSS ) Q2 2026 Earnings Call Transcript,0.04250172898173332,0.9127103090286255,0.044787950813770294,-0.002286221832036972
RELIANCE,gdelt:chiangraitimes.com,2026-07-31 05:45:00+00:00,gdelt:chiangraitimes.com,Thailand Domestic Gas Production Remains Key To Long - Term Energy Security,0.46891021728515625,0.5218163132667542,0.009273451752960682,0.45963676553219557
RELIANCE,gdelt:english.news.cn,2026-07-31 06:00:00+00:00,gdelt:english.news.cn,Interview : U . S . tariffs threaten South Africa exports and growth : economist - Xinhua,0.06364563852548599,0.7443858981132507,0.19196848571300507,-0.12832284718751907
RELIANCE,gdelt:idrw.org,2026-07-31 06:00:00+00:00,gdelt:idrw.org,"Reducing dependence on foreign suppliers , India rapidly expanding its naval capabilities : Report",0.9444388747215271,0.043647341430187225,0.011913836933672428,0.9325250377878547
RELIANCE,gdelt:theindiapost.com,2026-07-31 06:15:00+00:00,gdelt:theindiapost.com,"कैट की राष्ट्रीय बैठक संपन्न ,  हर घर तिरंगा , हर दुकान तिरंगा  अभियान को देशभर में सफल बनाने का आह्वान – TheIndiaPost",0.12398859113454819,0.853054404258728,0.022956937551498413,0.10103165358304977
RELIANCE,gdelt:manilatimes.net,2026-07-31 06:45:00+00:00,gdelt:manilatimes.net,Clariant delivers continued strong results in volatile operating environment - Court dismisses Shell damage claim related to the 2020 competition law infringement,0.5505382418632507,0.029534492641687393,0.41992735862731934,0.1306108832359314
RELIANCE,gdelt:worthynews.com,2026-07-31 07:15:00+00:00,gdelt:worthynews.com,Record - Low Danube Threatens Hungary Nuclear Power Supply,0.01626700349152088,0.1307433694601059,0.8529895544052124,-0.8367225509136915
RELIANCE,gdelt:africaleader.com,2026-07-31 08:30:00+00:00,gdelt:africaleader.com,U . S . tariffs threaten South Africa exports and growth : economist,0.0685293897986412,0.4635140001773834,0.4679566025733948,-0.39942721277475357
RELIANCE,gdelt:investegate.co.uk,2026-07-31 08:30:00+00:00,gdelt:investegate.co.uk,EQS - News : 2026 Half Year Results | Company Announcement,0.02700789086520672,0.8620361089706421,0.11095596849918365,-0.08394807763397694
RELIANCE,gdelt:dailyyonder.com,2026-07-31 11:45:00+00:00,gdelt:dailyyonder.com,What Happened in Rural News This Month ? | The Daily Yonder,0.025827186182141304,0.6357302665710449,0.33844253420829773,-0.3126153480261564
RELIANCE,gdelt:thehindu.com,2026-07-31 11:45:00+00:00,gdelt:thehindu.com,Markets extend rally to third day ; Bajaj Finance surges over 8 %,0.8570597767829895,0.06552296876907349,0.0774172693490982,0.7796425074338913
RELIANCE,gdelt:vaartha.com,2026-07-31 12:45:00+00:00,gdelt:vaartha.com,Reliance AP Investment : ఏపీకి రిలయన్స్ సరికొత్త సంచలనం .. రూ . లక్ష కోట్ల పెట్టుబడితో కోల్ గ్యాసిఫికేషన్ ప్రాజెక్ట్ !,0.05539308488368988,0.9192497134208679,0.025357164442539215,0.030035920441150665
RELIANCE,gdelt:livenews.co.nz,2026-07-31 12:45:00+00:00,gdelt:livenews.co.nz,Youth Sustainable Development International Summit Launch Ceremony Successfully Held – LiveNews . co . nz,0.11400984972715378,0.8766168355941772,0.009373252280056477,0.1046365974470973
RELIANCE,gdelt:manilatimes.net,2026-07-31 12:45:00+00:00,gdelt:manilatimes.net,IES Holdings Reports Fiscal 2026 Third Quarter Results and Announces Two - for - One Stock Split,0.02791084349155426,0.937979519367218,0.03410957753658295,-0.0061987340450286865
RELIANCE,gdelt:mymotherlode.com,2026-07-31 13:00:00+00:00,gdelt:mymotherlode.com,"EU to crack down on AI deepfakes , illicit imagery and hacking with new team in Brussels",0.10392709076404572,0.8144255876541138,0.08164729923009872,0.02227979153394699
RELIANCE,gdelt:livemint.com,2026-07-31 13:00:00+00:00,gdelt:livemint.com,"Chhattisgarh seeks central assistance for Bastar infrastructure and ₹10 , 500 crore fertiliser plant",0.9021173715591431,0.08630088716745377,0.011581758968532085,0.890535612590611
RELIANCE,gdelt:americanthinker.com,2026-07-31 13:45:00+00:00,gdelt:americanthinker.com,What Europe Lack of Air Conditioning Says About Its Civilizational Direction,0.03169845789670944,0.9104354977607727,0.05786599963903427,-0.02616754174232483
RELIANCE,gdelt:cfi.net.cn,2026-07-31 14:15:00+00:00,gdelt:cfi.net.cn,[ HK ] 汇隆控股 ( 08021 ): 截至二零二六年四月三十日止年度业绩公布 - CFi . CN 中财网,0.03870055451989174,0.9346692562103271,0.026630157604813576,0.012070396915078163
RELIANCE,gdelt:winnipegfreepress.com,2026-07-31 15:45:00+00:00,gdelt:winnipegfreepress.com,"Arizona , California and Nevada would share cuts under federal proposal to manage the Colorado River – Winnipeg Free Press",0.3149053156375885,0.552557110786438,0.13253755867481232,0.18236775696277618
RELIANCE,gdelt:english.pravda.ru,2026-07-31 17:00:00+00:00,gdelt:english.pravda.ru,India Set to Become World Second - Largest Ammonia Producer by 2030,0.7173424959182739,0.2740831971168518,0.008574292063713074,0.7087682038545609
RELIANCE,gdelt:kold.com,2026-07-31 18:00:00+00:00,gdelt:kold.com,"Arizona , 2 other states would share cuts under proposal to manage Colorado River",0.15689805150032043,0.7921915054321289,0.05091036111116409,0.10598769038915634
RELIANCE,gdelt:2news.com,2026-07-31 18:15:00+00:00,gdelt:2news.com,"Nevada , California , Arizona would share cuts under federal proposal to manage Colorado River",0.1953553408384323,0.6781363487243652,0.12650832533836365,0.06884701550006866
RELIANCE,gdelt:bostonherald.com,2026-07-31 18:45:00+00:00,gdelt:bostonherald.com,"Arizona , California , Nevada would share cuts under Colorado River plan",0.06158139929175377,0.8923658132553101,0.046052783727645874,0.015528615564107895
RELIANCE,gdelt:tennesseedaily.com,2026-07-31 18:45:00+00:00,gdelt:tennesseedaily.com,"HWAL Announces Shareholder call for August 4 , 2026",0.0330037958920002,0.9411734938621521,0.02582264319062233,0.007181152701377869
RELIANCE,gdelt:stcatharinesstandard.ca,2026-07-31 18:45:00+00:00,gdelt:stcatharinesstandard.ca,Carney government approves nickel mine in Northern Ontario,0.2433132827281952,0.7236083745956421,0.03307834640145302,0.21023493632674217
RELIANCE,gdelt:cbsnews.com,2026-07-31 19:00:00+00:00,gdelt:cbsnews.com,"California , Arizona , Nevada would face water cuts from Colorado River under federal proposal",0.03261162340641022,0.2906394302845001,0.6767489314079285,-0.6441373080015182
RELIANCE,gdelt:dailythepatriot.com,2026-07-31 19:30:00+00:00,gdelt:dailythepatriot.com,Pakistan export strategy faces its moment of truth,0.35016316175460815,0.5668953657150269,0.0829414576292038,0.26722170412540436
RELIANCE,gdelt:theuknews.com,2026-07-31 19:30:00+00:00,gdelt:theuknews.com,"R|Elan Circular Design Challenge wraps global jury rounds , announcing India finalists",0.05945038050413132,0.9197985529899597,0.020751090720295906,0.03869928978383541
RELIANCE,gdelt:fox13now.com,2026-07-31 19:30:00+00:00,gdelt:fox13now.com,Utah spared from facing mandatory cuts in new Colorado River deal,0.18216237425804138,0.5939792394638062,0.22385837137699127,-0.04169599711894989
RELIANCE,gdelt:sib.fm,2026-07-31 19:30:00+00:00,gdelt:sib.fm,Топливный кризис в России : когда рынок вернётся к норме и что будет с ценами на бензин,0.2484409064054489,0.7248827815055847,0.026676345616579056,0.22176456078886986
RELIANCE,gdelt:organiser.org,2026-07-31 19:45:00+00:00,gdelt:organiser.org,Janjatiya progress requires education and cultural values,0.1263401061296463,0.8605398535728455,0.013120025396347046,0.11322008073329926
RELIANCE,gdelt:pragativadi.com,2026-07-31 20:15:00+00:00,gdelt:pragativadi.com,Odisha Startups Showcased their Innovative Solutions at Rashtrapati Bhavan,0.7552095651626587,0.2344328612089157,0.010357615537941456,0.7448519496247172
RELIANCE,gdelt:theindianawaaz.com,2026-07-31 21:15:00+00:00,gdelt:theindianawaaz.com,"July 31 : Markets Upward for Third Straight Session , FII Inflows Lift Sentiment ; Nifty Reclaims 24 , 350 – The Indian Awaaz",0.9294337630271912,0.025975527241826057,0.044590700417757034,0.8848430626094341
RELIANCE,gdelt:theindianawaaz.com,2026-07-31 21:15:00+00:00,gdelt:theindianawaaz.com,"तीसरे दिन भी Share Bazar में तेजी , Nifty 24 , 350 के पार बंद ; FII खरीदारी से लौटी रौनक – The Indian Awaaz",0.11371257901191711,0.8553556203842163,0.030931809917092323,0.08278076909482479
RELIANCE,gdelt:manilatimes.net,2026-07-31 21:15:00+00:00,gdelt:manilatimes.net,"SalesCloser Secures a Top - Five Global Social Media Platform as Enterprise Customer , Deploying AI - Powered Voice Qualification at Scale",0.7197304964065552,0.2735139727592468,0.006755499169230461,0.7129749972373247
RELIANCE,gdelt:thedailystar.net,2026-07-31 22:15:00+00:00,gdelt:thedailystar.net,Microplastics in Bangladesh fish : A growing threat to public health,0.028807401657104492,0.31859996914863586,0.652592658996582,-0.6237852573394775
RELIANCE,gdelt:fool.com,2026-07-31 22:15:00+00:00,gdelt:fool.com,Archer Aviation vs . Boeing : Is an Electric Plane Upstart a Better Buy Over an Aerospace Giant in 2026 ?,0.30161139369010925,0.6861374974250793,0.012251095846295357,0.2893602978438139
RELIANCE,gdelt:postregister.com,2026-07-31 22:45:00+00:00,gdelt:postregister.com,"Arizona , California and Nevada would share cuts under federal proposal to manage the Colorado River",0.37921690940856934,0.49441903829574585,0.12636412680149078,0.25285278260707855
RELIANCE,gdelt:yahoo.com,2026-07-31 22:45:00+00:00,gdelt:yahoo.com,Michigan Supreme Court clears way for drug - pricing probes,0.044060118496418,0.33523988723754883,0.620699942111969,-0.576639823615551
RELIANCE,gdelt:sbs.com.au,2026-07-31 22:45:00+00:00,gdelt:sbs.com.au,Why Australia ships out its wealth and buys it back as finished goods,0.059396661818027496,0.9132599830627441,0.02734331414103508,0.032053347676992416
RELIANCE,gdelt:timesofsandiego.com,2026-07-31 22:45:00+00:00,gdelt:timesofsandiego.com,Feds announce deep cuts for Colorado River water,0.02969411201775074,0.0480596162378788,0.9222462773323059,-0.8925521653145552
RELIANCE,gdelt:cnet.com,2026-08-01 01:30:00+00:00,gdelt:cnet.com,The FCC Just Banned Most Robot Vacuums . Here What That Means,0.028076278045773506,0.8781350255012512,0.09378862380981445,-0.06571234576404095
RELIANCE,gdelt:dailyexcelsior.com,2026-08-01 01:30:00+00:00,gdelt:dailyexcelsior.com,"Future belongs to those who recognise possibilities , not boundaries : LG",0.05615253001451492,0.9258082509040833,0.018039213493466377,0.038113316521048546
RELIANCE,gdelt:aljazeera.com,2026-08-01 03:15:00+00:00,gdelt:aljazeera.com,"US proposes cuts to Colorado River use for Arizona , California and Nevada",0.03727949038147926,0.2837292551994324,0.6789912581443787,-0.6417117677628994
RELIANCE,gdelt:orissapost.com,2026-08-01 04:30:00+00:00,gdelt:orissapost.com,Reduce dependence on edible oil imports : GUV,0.6059125065803528,0.3717804253101349,0.02230711653828621,0.5836053900420666
RELIANCE,gdelt:dailypioneer.com,2026-08-01 04:45:00+00:00,gdelt:dailypioneer.com,J & K LG Manoj Sinha Launches Multidisciplinary Programmes at Cluster University Jammu,0.19577717781066895,0.7958826422691345,0.008340094238519669,0.18743708357214928
RELIANCE,gdelt:livemint.com,2026-08-01 05:45:00+00:00,gdelt:livemint.com,Buy or sell : Sumeet Bagadia recommends three stocks to buy on Monday - 3 August 2026,0.0497010163962841,0.9339878559112549,0.016311125829815865,0.03338989056646824
RELIANCE,gdelt:prescottenews.com,2026-08-01 06:30:00+00:00,gdelt:prescottenews.com,"Arizona , California and Nevada would share cuts under federal proposal to manage the Colorado River - Associated Press",0.34069254994392395,0.4827234447002411,0.17658399045467377,0.16410855948925018
RELIANCE,gdelt:adn.com,2026-08-01 11:15:00+00:00,gdelt:adn.com,"Arizona , California and Nevada would share water cuts under federal proposal to manage Colorado River",0.2037046104669571,0.3917350471019745,0.4045603275299072,-0.20085571706295013
RELIANCE,gdelt:staradvertiser.com,2026-08-01 11:30:00+00:00,gdelt:staradvertiser.com,Local entrepreneurs move toward economic sovereignty | Honolulu Star - Advertiser,0.14955009520053864,0.8365800976753235,0.013869768008589745,0.1356803271919489
RELIANCE,gdelt:orissadiary.com,2026-08-01 11:45:00+00:00,gdelt:orissadiary.com,500+ placements at IIT Bhubaneswar in the 2025 - 26 season,0.09040102362632751,0.8942287564277649,0.015370268374681473,0.07503075525164604
RELIANCE,gdelt:vietnamnews.vn,2026-08-01 12:15:00+00:00,gdelt:vietnamnews.vn,Diplomatic achievements lay groundwork for upgrading Việt Nam – Canada ties : diplomat,0.8140575289726257,0.17680400609970093,0.009138486348092556,0.8049190426245332
RELIANCE,gdelt:themarketsdaily.com,2026-08-01 12:30:00+00:00,gdelt:themarketsdaily.com,Rocky Mountain Dealerships ( OTCMKTS : RCKXF ) & Reliance ( NYSE : RS ) Head to Head Contrast,0.0955878496170044,0.8954422473907471,0.008969913236796856,0.08661793638020754
RELIANCE,gdelt:chietitoday.it,2026-08-01 14:15:00+00:00,gdelt:chietitoday.it,"Investimenti sullo stabilimento Stellantis di Atessa , Fiom Cgil frena :  Non diventi un deserto per lindotto della provincia e dellintero Abruzzo",0.3274892568588257,0.6405107378959656,0.03199999779462814,0.29548925906419754
RELIANCE,gdelt:blic.rs,2026-08-01 14:30:00+00:00,gdelt:blic.rs,"Otkriveno najveće nalazište bakra , zlata i srebra u poslednje tri decenije",0.11500586569309235,0.8657131195068359,0.019280964508652687,0.09572490118443966
RELIANCE,gdelt:theblaze.com,2026-08-01 15:00:00+00:00,gdelt:theblaze.com,From helping hand to five - finger discount,0.049820490181446075,0.918485701084137,0.03169385343790054,0.018126636743545532
RELIANCE,gdelt:memeburn.com,2026-08-01 17:30:00+00:00,gdelt:memeburn.com,EU Invests $11 . 4 Billion in 7 AI Gigafactories as AI Becomes Heavy Industry,0.27987879514694214,0.7101755142211914,0.009945698082447052,0.2699330970644951
RELIANCE,gdelt:livehindustan.com,2026-08-01 17:45:00+00:00,gdelt:livehindustan.com,"मुकेश अंबानी की चर्चित कंपनी देगी डिविडेंड , रिकॉर्ड डेट का हुआ ऐलान",0.0933435931801796,0.8800212144851685,0.026635130867362022,0.06670846231281757
RELIANCE,gdelt:stimson.org,2026-08-01 19:30:00+00:00,gdelt:stimson.org,The Sino - Moroccan Green Partnership in the Shadow of the Iran War • Stimson Center,0.1661602258682251,0.8192198276519775,0.01461988314986229,0.1515403427183628
RELIANCE,gdelt:stimson.org,2026-08-01 19:30:00+00:00,gdelt:stimson.org,"Mining , Conflict , and Environmental Action in Myanmar Borderlands • Stimson Center",0.057269394397735596,0.9169930219650269,0.025737589225172997,0.0315318051725626
RELIANCE,gdelt:livenews.co.nz,2026-08-01 21:15:00+00:00,gdelt:livenews.co.nz,"AM Edition : Top 10 Politics Articles on LiveNews . co . nz for August 2 , 2026 – Full Text – LiveNews . co . nz",0.026979560032486916,0.9424356818199158,0.030584679916501045,-0.0036051198840141296
RELIANCE,gdelt:aninews.in,2026-08-01 23:30:00+00:00,gdelt:aninews.in,PM Modi inaugurates GMR - developed Alluri Sitarama Raju International Airport at Bhogapuram,0.2615118622779846,0.7262029647827148,0.012285185977816582,0.24922667630016804
RELIANCE,gdelt:finanznachrichten.de,2026-08-02 02:00:00+00:00,gdelt:finanznachrichten.de,"Elektros , Inc .: Historic Markets . Historic Vision . ELEKTROS Reinforces Its Long - Term Strategy in Lithium , Critical Minerals and Next - Generation EV Charging",0.8275508284568787,0.16548116505146027,0.006967971567064524,0.8205828568898141
RELIANCE,gdelt:finanznachrichten.de,2026-08-02 02:00:00+00:00,gdelt:finanznachrichten.de,"Elektros , Inc .: Penny Stock , Microcap and Institutional Investors : As Markets Reach Historic Highs , ELEKTROS Highlights a Rare Opportunity Across Lithium , Critical Minerals and Advanced EV Charging",0.8208432793617249,0.171913743019104,0.007242883555591106,0.8136003958061337
RELIANCE,gdelt:finanznachrichten.de,2026-08-02 02:00:00+00:00,gdelt:finanznachrichten.de,"Elektros , Inc .: As Record Markets Fuel New Investor Interest , ELEKTROS Showcases Its Expanding Vision for Hard - Rock Lithium and Transformational EV Charging Technology",0.8542696237564087,0.1376006305217743,0.008129720576107502,0.8461399031803012
RELIANCE,gdelt:tennesseedaily.com,2026-08-02 03:30:00+00:00,gdelt:tennesseedaily.com,"As Record Markets Fuel New Investor Interest , ELEKTROS Showcases Its Expanding Vision for Hard - Rock Lithium and Transformational EV Charging Technology",0.8538897037506104,0.1391744613647461,0.006935919634997845,0.8469537841156125
RELIANCE,gdelt:tennesseedaily.com,2026-08-02 03:30:00+00:00,gdelt:tennesseedaily.com,"Penny Stock , Microcap and Institutional Investors : As Markets Reach Historic Highs , ELEKTROS Highlights a Rare Opportunity Across Lithium , Critical Minerals and Advanced EV Charging",0.8586015105247498,0.13413894176483154,0.007259523496031761,0.851341987028718
RELIANCE,gdelt:tennesseedaily.com,2026-08-02 03:30:00+00:00,gdelt:tennesseedaily.com,"Historic Markets . Historic Vision . ELEKTROS Reinforces Its Long - Term Strategy in Lithium , Critical Minerals and Next - Generation EV Charging",0.7628848552703857,0.22950711846351624,0.007607981096953154,0.7552768741734326
RELIANCE,gdelt:thestar.com.my,2026-08-02 05:00:00+00:00,gdelt:thestar.com.my,"EU to crack down on AI deepfakes , illicit imagery and hacking",0.02580207586288452,0.3867993652820587,0.5873985886573792,-0.5615965127944946
RELIANCE,gdelt:moneycontrol.com,2026-08-02 07:15:00+00:00,gdelt:moneycontrol.com,Markets roar back : Top 10 firms add Rs 2 . 5 lakh cr in a week ; Bajaj Finance leads gains,0.886637270450592,0.07912556082010269,0.03423718363046646,0.8524000868201256
RELIANCE,gdelt:hindi.business-standard.com,2026-08-02 07:15:00+00:00,gdelt:hindi.business-standard.com,"MCap : टॉप 10 में से 9 कंपनियों का मार्केट कैप ₹2 . 51 लाख करोड़ बढ़ा , बजाज फाइनेंस रही सबसे आगे - indian stock market rally lifts top ten companies market valuation",0.8896912932395935,0.07159330695867538,0.03871544450521469,0.8509758487343788
RELIANCE,gdelt:ghanamma.com,2026-08-02 08:15:00+00:00,gdelt:ghanamma.com,How Ghana Geology Conference Is Poised to Redefine Africa Mining Future – Ghanamma . com,0.08011656254529953,0.9055244326591492,0.014358985237777233,0.0657575773075223
RELIANCE,gdelt:newkerala.com,2026-08-02 08:30:00+00:00,gdelt:newkerala.com,9 Top Firms Add Rs 2 . 51 Lakh Cr Market Cap,0.3651258945465088,0.5514416694641113,0.08343248814344406,0.28169340640306473
RELIANCE,gdelt:prokerala.com,2026-08-02 09:00:00+00:00,gdelt:prokerala.com,Nine of top - 10 most - valued firms add Rs 2 . 51 lakh crore in market cap,0.648829460144043,0.30011919140815735,0.05105128139257431,0.5977781787514687
RELIANCE,gdelt:koreatimes.co.kr,2026-08-02 10:00:00+00:00,gdelt:koreatimes.co.kr,"Lee returns from overseas trip with economic security gains , domestic tests ahead",0.8172706365585327,0.1411409080028534,0.041588470339775085,0.7756821662187576
RELIANCE,gdelt:organiser.org,2026-08-02 10:30:00+00:00,gdelt:organiser.org,Bharatiya Modernity vs Western Modernity,0.22054888308048248,0.7500102519989014,0.029440831393003464,0.19110805168747902
RELIANCE,gdelt:organiser.org,2026-08-02 10:30:00+00:00,gdelt:organiser.org,Rethinking competitive examinations in India,0.06888610869646072,0.9098023772239685,0.021311508491635323,0.0475746002048254
RELIANCE,gdelt:businesstimes.com.sg,2026-08-02 10:45:00+00:00,gdelt:businesstimes.com.sg,"After a blockbuster IPO , can China memory chipmaker CXMT compete globally in the AI era ?",0.522907018661499,0.4658287465572357,0.011264246888458729,0.5116427717730403
RELIANCE,gdelt:hindi.moneycontrol.com,2026-08-02 10:45:00+00:00,gdelt:hindi.moneycontrol.com,"टॉप 10 कंपनियों में से 9 का M - Cap ₹2 . 51 लाख करोड़ बढ़ा , Bajaj Finance को सबसे ज्यादा फायदा",0.08598201721906662,0.891861617565155,0.02215629257261753,0.06382572464644909
RELIANCE,gdelt:orissapost.com,2026-08-02 11:45:00+00:00,gdelt:orissapost.com,Mcap of nine of top - 10 most valued firms jumps Rs 2 . 51 lakh cr ; Bajaj Finance biggest winner,0.8372916579246521,0.1360996514558792,0.02660876139998436,0.8106828965246677
RELIANCE,gdelt:timesofindia.indiatimes.com,2026-08-02 12:45:00+00:00,gdelt:timesofindia.indiatimes.com,IIT BBSR crosses 500 campus placements for 1st time,0.7390860915184021,0.24031971395015717,0.020594224333763123,0.718491867184639
RELIANCE,gdelt:ghanamma.com,2026-08-02 13:15:00+00:00,gdelt:ghanamma.com,Ghana Parliament Approves Groundbreaking Cocoa Board Reform Bill Amid Urgent Sector Overhaul – Ghanamma . com,0.5007815957069397,0.46046382188796997,0.03875453397631645,0.46202706173062325
RELIANCE,gdelt:ianslive.in,2026-08-02 16:00:00+00:00,gdelt:ianslive.in,Bihar : Small - time trader Suman Kumar turns  job - creator  under PMEGP scheme,0.027765726670622826,0.30375906825065613,0.6684752106666565,-0.6407094839960337
RELIANCE,gdelt:countercurrents.org,2026-08-02 16:15:00+00:00,gdelt:countercurrents.org,Pakistan at the Crossroads - Military Power Without Democracy,0.05404222384095192,0.8715898990631104,0.0743679478764534,-0.02032572403550148
RELIANCE,gdelt:livemint.com,2026-08-02 16:15:00+00:00,gdelt:livemint.com,Mint Explainer | What China sodium - ion battery breakthrough means for India,0.11270516365766525,0.8762428760528564,0.01105193980038166,0.10165322385728359
RELIANCE,gdelt:philstar.com,2026-08-02 16:45:00+00:00,gdelt:philstar.com,"PCCI backs removal of system loss charge , power VAT , butâ€¦",0.08146321773529053,0.8894518613815308,0.029084982350468636,0.05237823538482189
RELIANCE,gdelt:philstar.com,2026-08-02 18:15:00+00:00,gdelt:philstar.com,FFCCCII urges government to act on economy,0.3414793014526367,0.6377410888671875,0.020779550075531006,0.3206997513771057
RELIANCE,gdelt:livenews.co.nz,2026-08-02 20:15:00+00:00,gdelt:livenews.co.nz,"AM Edition : Top 10 Politics Articles on LiveNews . co . nz for August 3 , 2026 – Full Text – LiveNews . co . nz",0.02713393047451973,0.9424218535423279,0.03044421412050724,-0.0033102836459875107
RELIANCE,gdelt:utilitydive.com,2026-08-02 21:00:00+00:00,gdelt:utilitydive.com,Utility and Energy Transmission & Distribution News,0.02597011812031269,0.9401485323905945,0.033881302922964096,-0.007911184802651405
RELIANCE,gdelt:bangkokpost.com,2026-08-02 23:30:00+00:00,gdelt:bangkokpost.com,Bangkok Post - Launching a bid for AI sovereignty,0.19775886833667755,0.7923873662948608,0.009853743948042393,0.18790512438863516
RELIANCE,gdelt:businesstimes.com.sg,2026-08-03 01:30:00+00:00,gdelt:businesstimes.com.sg,Malaysia mulls easing rare - earth export curbs to meet demand,0.6328969597816467,0.08864796906709671,0.27845510840415955,0.3544418513774872
RELIANCE,gdelt:usa.chinadaily.com.cn,2026-08-03 04:00:00+00:00,gdelt:usa.chinadaily.com.cn,Carving out a livelihood from old craft,0.15573234856128693,0.816609263420105,0.02765836752951145,0.12807398103177547
RELIANCE,gdelt:usa.chinadaily.com.cn,2026-08-03 04:00:00+00:00,gdelt:usa.chinadaily.com.cn,Chinese AI strengthening economic resilience,0.8953494429588318,0.0725211426615715,0.03212938457727432,0.8632200583815575
RELIANCE,gdelt:risk.net,2026-08-03 04:15:00+00:00,gdelt:risk.net,"People : NatWest gets new group CRO , JPM tunes up top team , and more",0.1776062399148941,0.8103331923484802,0.012060532346367836,0.16554570756852627
RELIANCE,gdelt:pulshr.pl,2026-08-03 04:45:00+00:00,gdelt:pulshr.pl,Nowy trend podbija rynek pracy . Za  ciche wakacje  można stracić pracę,0.06224922463297844,0.9167718291282654,0.02097899094223976,0.04127023369073868
RELIANCE,gdelt:moneycontrol.com,2026-08-03 05:00:00+00:00,gdelt:moneycontrol.com,India - bound Saudi oil tanker crosses Bab el - Mandeb as Hormuz traffic slows after attacks,0.011852891184389591,0.04160306975245476,0.9465439915657043,-0.9346911003813148
RELIANCE,gdelt:mondaq.com,2026-08-03 06:15:00+00:00,gdelt:mondaq.com,OFAC Takes Largest - ever Action Targeting Cartel Leadership And Support Networks,0.09761440008878708,0.8793313503265381,0.02305433712899685,0.07456006295979023
RELIANCE,gdelt:businesstoday.in,2026-08-03 06:45:00+00:00,gdelt:businesstoday.in,"5 reasons why market is rising today : Sensex jumps 500 pts , Nifty tops 24 , 500",0.8664183020591736,0.11041374504566193,0.02316797710955143,0.8432503249496222
RELIANCE,gdelt:arabnews.com,2026-08-03 08:30:00+00:00,gdelt:arabnews.com,"Two tankers with Saudi oil exit Red Sea over weekend , data shows",0.15842752158641815,0.5229417681694031,0.3186306655406952,-0.16020314395427704
RELIANCE,gdelt:businesstimes.com.sg,2026-08-03 09:15:00+00:00,gdelt:businesstimes.com.sg,AI and chips are turning Malaysia into Asia growth standout,0.8557054400444031,0.13582676649093628,0.008467837236821651,0.8472376028075814
RELIANCE,gdelt:thesun.ng,2026-08-03 10:30:00+00:00,gdelt:thesun.ng,You cant claim economic prosperity amid industrial sector shutdown – Atiku to Tinubu – The Sun Nigeria,0.10982643812894821,0.7933962345123291,0.09677731245756149,0.013049125671386719
RELIANCE,gdelt:manilatimes.net,2026-08-03 10:45:00+00:00,gdelt:manilatimes.net,"WuXi AppTec Delivers Strong H1 2026 Results and Raises Full - Year Guidance [ 1 ], Driven by Greater Success of Multiple Customer Products and CRDMO Model",0.9570238590240479,0.024643288925290108,0.018332891166210175,0.9386909678578377
RELIANCE,gdelt:yahoo.com,2026-08-03 11:30:00+00:00,gdelt:yahoo.com,"Exclusive : Nearly 1 , 900 U . S . Public Schools Within a Mile of a Data Center",0.05227116122841835,0.9321386814117432,0.01559015829116106,0.03668100293725729
RELIANCE,gdelt:riotimesonline.com,2026-08-03 12:30:00+00:00,gdelt:riotimesonline.com,Brazil Minister Visits India to Expand Trade,0.8077890276908875,0.18271537125110626,0.009495573118329048,0.7982934545725584
RELIANCE,gdelt:thestarphoenix.com,2026-08-03 12:30:00+00:00,gdelt:thestarphoenix.com,Curium Announces Definitive Agreement to Merge with Lantheus,0.5060274600982666,0.4715447723865509,0.0224278774112463,0.4835995826870203
RELIANCE,gdelt:marinelink.com,2026-08-03 12:30:00+00:00,gdelt:marinelink.com,Saudi Oil Tankers Cross Red Sea As Hormuz Traffic,0.10410264879465103,0.872475802898407,0.023421578109264374,0.08068107068538666
RELIANCE,gdelt:lokmat.com,2026-08-03 12:30:00+00:00,gdelt:lokmat.com,"ट्रम्प यांच्या घोषणेनंतर शेअर बाजारात जोरदार तेजी ; सेन्सेक्स ५४४ , तर निफ्टी ३९० अंकांनी वधारला",0.07336042821407318,0.9032917022705078,0.023347843438386917,0.050012584775686264
RELIANCE,gdelt:alnas-news.com,2026-08-03 12:30:00+00:00,gdelt:alnas-news.com,My Blog – My WordPress Blog,0.022401418536901474,0.9419823288917542,0.03561627119779587,-0.013214852660894394
RELIANCE,gdelt:alnas-news.com,2026-08-03 12:30:00+00:00,gdelt:alnas-news.com,Why India Isnt Rushing Toward the F - 35 : The Bigger Strategy Behind New Delhi Fighter Aircraft Decisions – My Blog,0.06556066870689392,0.9164465069770813,0.017992785200476646,0.047567883506417274
RELIANCE,gdelt:deshbandhu.co.in,2026-08-03 13:15:00+00:00,gdelt:deshbandhu.co.in,"योगी आदित्यनाथ का विपक्ष पर तीखा हमला , राम मंदिर चढ़ावे के आरोपों पर घेरा ; आउटसोर्स कर्मचारियों के लिए बड़ी घोषणा | cm - yogi - targets - opposition - ram - mandir - donation - outsourcing - commission - announcement",0.06457953155040741,0.9102160930633545,0.025204362347722054,0.039375169202685356
RELIANCE,gdelt:manilatimes.net,2026-08-03 13:30:00+00:00,gdelt:manilatimes.net,GMEX Robotics Corporation to Launch 247meta . ai Multi - Model Platform for Autonomous Enterprise and Consumer Workflows,0.1982182264328003,0.7945936918258667,0.007188060786575079,0.19103016564622521
RELIANCE,gdelt:manilatimes.net,2026-08-03 14:15:00+00:00,gdelt:manilatimes.net,"MDWerks , Inc . Announces Signed LOI for Proposed Joint Venture Between RF Specialties and Rex Lumber Company",0.8325521349906921,0.1541537195444107,0.013294181786477566,0.8192579532042146
RELIANCE,gdelt:itnewsonline.com,2026-08-03 15:00:00+00:00,gdelt:itnewsonline.com,"Aggregates Market to Hit 84 . 23 Billion Tons by 2031 as Urbanization and Infrastructure Projects Accelerate , Reports Mordor Intelligence",0.917326807975769,0.06876526772975922,0.013907992281019688,0.9034188156947494
RELIANCE,gdelt:miragenews.com,2026-08-03 15:15:00+00:00,gdelt:miragenews.com,"UK , Japan , Italy Unite for Fighter Jet : Defense Shift",0.1147276982665062,0.8740920424461365,0.011180264875292778,0.10354743339121342
RELIANCE,gdelt:satellitetoday.com,2026-08-03 15:15:00+00:00,gdelt:satellitetoday.com,How Fast Can You Build a Satellite ? Inside the Smallsat Manufacturing Market,0.055799201130867004,0.9299681186676025,0.014232690446078777,0.04156651068478823
RELIANCE,gdelt:hawaiitelegraph.com,2026-08-03 15:15:00+00:00,gdelt:hawaiitelegraph.com,BREAKING NEWS : ELEKTROS Reinforces Long - Term Growth Strategy Amid Record Markets and Rising Demand for Critical Minerals,0.9518805146217346,0.023451926186680794,0.024667540565133095,0.9272129740566015
RELIANCE,gdelt:dallassun.com,2026-08-03 15:15:00+00:00,gdelt:dallassun.com,"BREAKING NEWS : ELEKTROS Builds Momentum as Global Interest Grows in Lithium , EV Charging and Strategic Opportunities",0.9488589763641357,0.03634464740753174,0.014796399511396885,0.9340625768527389
RELIANCE,gdelt:ianslive.in,2026-08-03 16:00:00+00:00,gdelt:ianslive.in,Why Nifty jumped 200 points after 3 . 15 p . m .: SEBI new closing auction rule explained,0.06567848473787308,0.9144617319107056,0.019859734922647476,0.0458187498152256
RELIANCE,gdelt:ynetnews.com,2026-08-03 16:15:00+00:00,gdelt:ynetnews.com,"Kurds , Ahmadinejad and a march on Tehran : Inside Israel failed plan to topple Iran",0.06263741850852966,0.3982789218425751,0.5390836000442505,-0.4764461815357208
RELIANCE,gdelt:navabharat.com,2026-08-03 18:00:00+00:00,gdelt:navabharat.com,"बाढ़ के बीच भारतीय तटरक्षक बल का साहसिक अभियान , 11 रेस्क्यू ऑपरेशन में 170 लोगों की बचाई जान",0.09944862872362137,0.8780570030212402,0.02249436266720295,0.07695426605641842
RELIANCE,gdelt:en.globes.co.il,2026-08-03 18:15:00+00:00,gdelt:en.globes.co.il,India steps up arms supplies to Israel - report,0.8715090155601501,0.11256121098995209,0.015929777175188065,0.8555792383849621
RELIANCE,gdelt:tennesseedaily.com,2026-08-03 18:15:00+00:00,gdelt:tennesseedaily.com,"BREAKING NEWS : Historic Market Strength Drives ELEKTRO Expanding Vision for Lithium , Critical Minerals and EV Innovation",0.9243798851966858,0.0658600702881813,0.00976001750677824,0.9146198676899076
RELIANCE,gdelt:tennesseedaily.com,2026-08-03 18:15:00+00:00,gdelt:tennesseedaily.com,"Historic Markets . Bold Vision . ELEKTROS Accelerates Its LongTerm Strategy in Lithium , Critical Minerals and NextGeneration EV Charging",0.8987910151481628,0.09321160614490509,0.007997329346835613,0.8907936858013272
RELIANCE,gdelt:thedailystar.net,2026-08-03 19:00:00+00:00,gdelt:thedailystar.net,Accelerate domestic gas exploration,0.10673746466636658,0.8811411261558533,0.012121382169425488,0.09461608249694109
RELIANCE,gdelt:theverge.com,2026-08-03 19:00:00+00:00,gdelt:theverge.com,Europe AI labeling and transparency rules are now in effect,0.0313967801630497,0.9154205322265625,0.05318270996212959,-0.021785929799079895
RELIANCE,gdelt:livemint.com,2026-08-03 19:00:00+00:00,gdelt:livemint.com,New closing auction sparks rare Nifty - Sensex split amid low participation,0.23072467744350433,0.06397424638271332,0.70530104637146,-0.4745763689279556
RELIANCE,gdelt:thehindubusinessline.com,2026-08-03 19:00:00+00:00,gdelt:thehindubusinessline.com,Closing price discovery goes awry on Day 1 as CAS spikes Nifty value 200 points,0.022721221670508385,0.06990524381399155,0.9073736071586609,-0.8846523854881525
RELIANCE,gdelt:livenews.co.nz,2026-08-03 19:30:00+00:00,gdelt:livenews.co.nz,"AM Edition : Top 10 Politics Articles on LiveNews . co . nz for August 4 , 2026 – Full Text – LiveNews . co . nz",0.027136659249663353,0.942131519317627,0.030731847509741783,-0.00359518826007843
RELIANCE,gdelt:manilatimes.net,2026-08-03 21:00:00+00:00,gdelt:manilatimes.net,EverQuote Announces Second Quarter 2026 Financial Results,0.03538835048675537,0.9121668338775635,0.052444811910390854,-0.017056461423635483
RELIANCE,gdelt:ft.lk,2026-08-03 21:30:00+00:00,gdelt:ft.lk,Can Sri Lanka overcome past mistakes and craft a path of development ?,0.38856032490730286,0.5990587472915649,0.01238085888326168,0.3761794660240412
RELIANCE,gdelt:labusinessjournal.com,2026-08-03 21:30:00+00:00,gdelt:labusinessjournal.com,Corporate Philanthropy : Corporate Giving Flatlines - Los Angeles Business Journal,0.04561769589781761,0.9319553971290588,0.022426936775445938,0.023190759122371674
RELIANCE,gdelt:theepochtimes.com,2026-08-03 21:30:00+00:00,gdelt:theepochtimes.com,"China Has Favored Production Over Consumption for Decades , Economist Says",0.21290577948093414,0.7589514255523682,0.02814287319779396,0.18476290628314018
RELIANCE,gdelt:techtimes.com,2026-08-03 22:45:00+00:00,gdelt:techtimes.com,Spider - Man : Brand New Day Wearable AI Cannot Exist Yet : Real Power - Budget Wall Stands in Its Way,0.04911263659596443,0.9104791879653931,0.040408145636320114,0.008704490959644318
RELIANCE,marketaux:thehindubusinessline.com,2026-08-04 10:37:19+00:00,marketaux:thehindubusinessline.com,"Sensex Today, Nifty 50 | Stock Market Highlights - 4th August 2026: Sensex and Nifty ended lower ahead of the RBI's policy announcement, with investor caution driven by the new F&O closing-auction mechanism, higher crude oil prices and weekly derivatives expiry.

Sensex Today, Nifty 50 | Stock Market Highlights: Find here all the updates related to Sensex, Nifty, BSE, NSE, share prices and Indian stock markets for 4th Au...",0.014512901194393635,0.07019342482089996,0.9152936935424805,-0.9007807923480868
RELIANCE,marketaux:rediff.com,2026-08-04 11:44:44+00:00,marketaux:rediff.com,"Indian benchmark indices Sensex and Nifty ended a four-day rally, closing lower on Tuesday following the introduction of a new Closing Auction Session (CAS) for F&O stocks, which has added a layer of volatility and led to an early adjustment in market structure.

The Indian stock market experienced a dip in benchmark indices Sensex and Nifty, ending a four-day rally, as a new Closing Auction Session (CAS) for futures and...",0.014692156575620174,0.019296245649456978,0.9660115838050842,-0.951319427229464
RELIANCE,marketaux:timesofindia.indiatimes.com,2026-08-04 14:05:32+00:00,marketaux:timesofindia.indiatimes.com,"India Business News: At the start of the new month, confusion has ensued for stock market investors as a new mechanism for closing and revised timings has left traders scr.

What has been implemented as per SEBI directions is called a Closing Auction Session or CAS.

Why have stock market timings been revised? What is the new final ...",0.02728268690407276,0.5671077370643616,0.4056095778942108,-0.37832689099013805
RELIANCE,gdelt:insidenova.com,2026-08-07 00:00:00+00:00,gdelt:insidenova.com,Virginia Employers Rely on Both Farm and Non - Farm Seasonal Workers,0.03578311204910278,0.8659769892692566,0.09823989123106003,-0.062456779181957245
RELIANCE,gdelt:punchng.com,2026-08-07 00:00:00+00:00,gdelt:punchng.com,"Delta Investment Summit : Beyond Oil , Diversifying Economy",0.25648343563079834,0.7346300482749939,0.008886578492820263,0.24759685713797808
RELIANCE,gdelt:thestar.com.my,2026-08-07 00:45:00+00:00,gdelt:thestar.com.my,Almost 40 data centres approved in Selangor,0.1631084531545639,0.8236056566238403,0.013285894878208637,0.14982255827635527
RELIANCE,gdelt:thestarphoenix.com,2026-08-07 03:45:00+00:00,gdelt:thestarphoenix.com,"PyroGenesis Announces Second Quarter 2026 Results : Revenue of $4 . 4 Million , Up 47 % Year - Over - Year for Best Q2 Since 2022",0.954237699508667,0.024930479004979134,0.02083190530538559,0.9334057942032814
RELIANCE,gdelt:timesofindia.indiatimes.com,2026-08-07 03:45:00+00:00,gdelt:timesofindia.indiatimes.com,"Stock Market Today Live Updates : Where are BSE Sensex and NSE Nifty50 headed today ? Oil prices , global cues and more in focus",0.03314737230539322,0.934212327003479,0.032640356570482254,0.000507015734910965
RELIANCE,gdelt:straitstimes.com,2026-08-07 04:45:00+00:00,gdelt:straitstimes.com,China exports in July beat forecasts on robust high - tech demand,0.949224054813385,0.022979779168963432,0.027796193957328796,0.9214278608560562
RELIANCE,gdelt:hindi.moneycontrol.com,2026-08-07 04:45:00+00:00,gdelt:hindi.moneycontrol.com,"Stock Market Fall : 2 दिन की तेजी के बाद बाजार लाल , सेंसेक्स 503 अंक तक लुढ़का ; निवेशकों ने ₹1 . 57 लाख करोड़ गंवाए",0.02889433689415455,0.44857731461524963,0.522528350353241,-0.4936340134590864
RELIANCE,gdelt:navbharattimes.indiatimes.com,2026-08-07 04:45:00+00:00,gdelt:navbharattimes.indiatimes.com,"Share Market Opening : दो दिन की तेजी के बाद गिरा शेयर बाजार , सेंसेक्स 300 अंक टूटा , LIC में तेजी",0.0655609741806984,0.9151902198791504,0.01924877054989338,0.046312203630805016
RELIANCE,gdelt:parkiet.com,2026-08-07 06:00:00+00:00,gdelt:parkiet.com,Nie tylko Excel i modele DCF . Najlepsi analitycy o swojej pracy i rynku,0.13752898573875427,0.8486802577972412,0.01379075925797224,0.12373822648078203
RELIANCE,gdelt:tarunbharat.com,2026-08-07 07:00:00+00:00,gdelt:tarunbharat.com,"Bullish sentiment in the stock market , driven by banking stocks .",0.3376924395561218,0.050227146595716476,0.6120803952217102,-0.2743879556655884
RELIANCE,gdelt:riotimesonline.com,2026-08-07 07:00:00+00:00,gdelt:riotimesonline.com,Namibia Targets US$250 Million for Green Industrialisation,0.4777470529079437,0.5127191543579102,0.00953385978937149,0.46821319311857224
RELIANCE,gdelt:itnewsonline.com,2026-08-07 07:30:00+00:00,gdelt:itnewsonline.com,Court Grants Final Order Approving Acquisition of Kneat by Thoma Bravo,0.12198946624994278,0.8596798181533813,0.018330732360482216,0.10365873388946056
RELIANCE,gdelt:economictimes.indiatimes.com,2026-08-07 08:00:00+00:00,gdelt:economictimes.indiatimes.com,Global Market : China July exports top forecasts as AI boom and pre - tariff rush fuel trade growth,0.9446580410003662,0.03710183873772621,0.0182400681078434,0.9264179728925228
RELIANCE,gdelt:itbusinessnet.com,2026-08-07 11:00:00+00:00,gdelt:itbusinessnet.com,"WELL Health Achieves Record Quarterly Revenue Milestone of $400 Million in Q2 - 2026 , Driven by 32 % Revenue Growth of Canadian Patient Services , and Raises 2026 Annual Guidance – IT Business Net",0.9549709558486938,0.0275857113301754,0.017443319782614708,0.9375276360660791
RELIANCE,gdelt:finanznachrichten.de,2026-08-07 11:30:00+00:00,gdelt:finanznachrichten.de,Algoma Central Corporation Reports Financial Results for the 2026 Second Quarter,0.0571339875459671,0.5460053086280823,0.39686065912246704,-0.33972667157649994
RELIANCE,gdelt:english.aawsat.com,2026-08-07 11:30:00+00:00,gdelt:english.aawsat.com,AI Demand Keeps China Export Engine Humming,0.6710047125816345,0.26333391666412354,0.06566137820482254,0.605343334376812
RELIANCE,gdelt:economictimes.indiatimes.com,2026-08-07 13:15:00+00:00,gdelt:economictimes.indiatimes.com,IIT Gandhinagar develops import substitute for strategic aluminium alloy,0.3359535336494446,0.6562151908874512,0.007831287570297718,0.32812224607914686
RELIANCE,gdelt:thestarphoenix.com,2026-08-07 13:30:00+00:00,gdelt:thestarphoenix.com,Canopy Growth Reports First Quarter Fiscal Year 2027 Financial Results ; Delivers 13 % Net Revenue Growth with Contributions from All Businesses,0.9288451075553894,0.056689586490392685,0.014465421438217163,0.9143796861171722
RELIANCE,gdelt:indiagazette.com,2026-08-07 13:45:00+00:00,gdelt:indiagazette.com,India rolls out $2 . 5 billion compressed biogas program,0.3404802978038788,0.6454325318336487,0.014087120071053505,0.3263931777328253
RELIANCE,gdelt:indiagazette.com,2026-08-07 13:45:00+00:00,gdelt:indiagazette.com,"National Handloom Day : Yogi Adityanath salutes artisans , recalls Swadeshi Movement legacy",0.12692870199680328,0.8545658588409424,0.01850544475018978,0.1084232572466135
RELIANCE,gdelt:ibtimes.co.uk,2026-08-07 14:15:00+00:00,gdelt:ibtimes.co.uk,"Which HR Software Has the Best Data Security in 2026 ? Comparing ADP , Paycom , Paycor , Rippling , and Workday",0.14972257614135742,0.8399186134338379,0.010358799248933792,0.13936377689242363
RELIANCE,gdelt:montrealgazette.com,2026-08-07 14:30:00+00:00,gdelt:montrealgazette.com,"AZIO AI Holdings Inc . ( NASDAQ : AZIO ) Signs Key Agreement , Establishes Focus on AI Compute Infrastructure",0.9104341268539429,0.08000519871711731,0.009560667909681797,0.9008734589442611
RELIANCE,gdelt:navabharat.com,2026-08-07 14:30:00+00:00,gdelt:navabharat.com,"पारंपरिक शिल्प को आधुनिक रुझानों , वैश्विक मूल्य श्रृंखलाओं से जोड़कर सृजित किये जा सकते हैं नये अवसर : मुर्मु",0.1501605063676834,0.8286662697792053,0.021173162385821342,0.12898734398186207
RELIANCE,gdelt:prokerala.com,2026-08-07 14:30:00+00:00,gdelt:prokerala.com,Delhi Minister Sirsa asks AAP MLAs to move away from political theatrics,0.07669184356927872,0.5805636644363403,0.34274449944496155,-0.26605265587568283
RELIANCE,gdelt:mondaq.com,2026-08-07 14:45:00+00:00,gdelt:mondaq.com,"Mortgage Banking Update - August 6 , 2026",0.02624102495610714,0.9407750368118286,0.032983917742967606,-0.006742892786860466
RELIANCE,gdelt:hallmarknews.com,2026-08-07 15:00:00+00:00,gdelt:hallmarknews.com,"Enugu allocates land for ITF digital fabrication centre to boost innovation , skills development",0.8413442969322205,0.15089593827724457,0.007759834639728069,0.8335844622924924
RELIANCE,gdelt:idrw.org,2026-08-07 15:15:00+00:00,gdelt:idrw.org,"Passive Defence , Not Drone Jammers : A Wartime Survival Strategy for India Border Industries",0.06692646443843842,0.9153348207473755,0.01773872785270214,0.049187736585736275
RELIANCE,gdelt:pr-inside.com,2026-08-07 17:15:00+00:00,gdelt:pr-inside.com,BREAKING NEWS : ELEKTROS Elevates Its Lithium Strategy and Proprietary ...,0.9294412732124329,0.04847996309399605,0.02207869105041027,0.9073625821620226
RELIANCE,gdelt:finanznachrichten.de,2026-08-07 18:00:00+00:00,gdelt:finanznachrichten.de,"Elektros , Inc .: BREAKING NEWS : ELEKTROS Advances Its Lithium Vision and Proprietary EV Charging Patent as Global Markets Spotlight the Next Generation of Growth",0.9358717799186707,0.05229756608605385,0.011830667965114117,0.9240411119535565
RELIANCE,gdelt:southeastasiapost.com,2026-08-07 18:00:00+00:00,gdelt:southeastasiapost.com,"IIT Madras , Indonesia sign landmark MoU to boost research and deep - tech cooperation",0.9093261361122131,0.07904484868049622,0.011629071086645126,0.897697065025568
RELIANCE,gdelt:pr-inside.com,2026-08-07 18:00:00+00:00,gdelt:pr-inside.com,BREAKING NEWS : ELEKTROS Advances Its Lithium Vision and Proprietary ...,0.934653103351593,0.05527395009994507,0.010073014535009861,0.9245800888165832
RELIANCE,gdelt:themarketsdaily.com,2026-08-07 18:45:00+00:00,gdelt:themarketsdaily.com,Analyzing Aegean Marine Petroleum Network ( OTCMKTS : ANWWQ ) and Reliance ( NYSE : RS ),0.09167183190584183,0.8985791802406311,0.009748962707817554,0.08192286919802427
RELIANCE,gdelt:kashmirtimes.com,2026-08-07 19:00:00+00:00,gdelt:kashmirtimes.com,"Makkah Defence Pact Unites Türkiye , Saudi Arabia and Pakistan",0.2293182909488678,0.7533953189849854,0.017286382615566254,0.21203190833330154
RELIANCE,gdelt:californiatelegraph.com,2026-08-07 19:45:00+00:00,gdelt:californiatelegraph.com,BREAKING NEWS : ELEKTROS Elevates Its Lithium Strategy and Proprietary EV Charging Patent as Global Investors Focus on the Next Wave of Growth,0.9283266067504883,0.05751658231019974,0.014156841672956944,0.9141697650775313
RELIANCE,gdelt:weeklyblitz.net,2026-08-07 19:45:00+00:00,gdelt:weeklyblitz.net,"America China tech crackdown risks innovation , energy and AI growth",0.028590040281414986,0.6092002987861633,0.36220961809158325,-0.33361957781016827
RELIANCE,gdelt:californiatelegraph.com,2026-08-07 19:45:00+00:00,gdelt:californiatelegraph.com,BREAKING NEWS : ELEKTROS Strengthens Its Position Across Lithium and EV Innovation as Its Sierra Leone Strategy and U . S . Charging Patent Gain Visibility,0.9594886898994446,0.0226352047175169,0.01787612959742546,0.9416125603020191
RELIANCE,gdelt:californiatelegraph.com,2026-08-07 19:45:00+00:00,gdelt:californiatelegraph.com,BREAKING NEWS : ELEKTROS Showcases Its Sierra Leone Lithium Vision and Advanced EV Charging Patent Amid Renewed Global Interest in Emerging Growth,0.9474161267280579,0.02794904261827469,0.024634864181280136,0.9227812625467777
RELIANCE,gdelt:riotimesonline.com,2026-08-07 19:45:00+00:00,gdelt:riotimesonline.com,"Africa Intelligence Brief August 7 , 2026 : Africa Names Its Price Rio Times",0.02825073152780533,0.9440262913703918,0.02772293984889984,0.0005277916789054871
RELIANCE,gdelt:tribuneindia.com,2026-08-07 20:30:00+00:00,gdelt:tribuneindia.com,"Buy a handloom product , support artisans : Himachal Governor Kavinder Gupta",0.08202041685581207,0.9054181575775146,0.012561378069221973,0.0694590387865901
RELIANCE,gdelt:tennesseedaily.com,2026-08-07 20:30:00+00:00,gdelt:tennesseedaily.com,BREAKING NEWS : ELEKTROS Advances Its Lithium Vision and Proprietary EV Charging Patent as Global Markets Spotlight the Next Generation of Growth,0.9374727010726929,0.05131819099187851,0.011209094896912575,0.9262636061757803
RELIANCE,gdelt:bdcnetwork.com,2026-08-07 20:30:00+00:00,gdelt:bdcnetwork.com,"Theodore Roosevelt Presidential Library , the only carbon - neutral presidential library in the world , opens in North Dakota",0.19673648476600647,0.7927455902099609,0.01051790826022625,0.18621857650578022
RELIANCE,gdelt:manilatimes.net,2026-08-07 21:30:00+00:00,gdelt:manilatimes.net,"Univest Securities , LLC Announces Closing of $1 . 05 Million Registered Direct Offering for its Client YXT . COM GROUP HOLDING Ltd ( NASDAQ : YXT )",0.04542884975671768,0.8900112509727478,0.06455984711647034,-0.019130997359752655
RELIANCE,gdelt:prnewswire.com,2026-08-07 21:30:00+00:00,gdelt:prnewswire.com,NIRON MAGNETICS RECEIVES CONDITIONAL $150 MILLION DEPARTMENT OF WAR COMMITMENT,0.5822508931159973,0.3953525424003601,0.022396545857191086,0.5598543472588062
RELIANCE,gdelt:upi.com,2026-08-07 21:30:00+00:00,gdelt:upi.com,U . S . sanctions crypto exchanges for laundering Iranian military assets,0.02571246214210987,0.3051788806915283,0.6691086888313293,-0.6433962266892195
RELIANCE,gdelt:pressnote.in,2026-08-07 22:00:00+00:00,gdelt:pressnote.in,आयकर रिटर्न में पारदर्शिता का नया युग,0.07968031615018845,0.8921232223510742,0.028196483850479126,0.05148383229970932
RELIANCE,gdelt:finanznachrichten.de,2026-08-07 23:15:00+00:00,gdelt:finanznachrichten.de,United States Antimony Corp .: United States Antimony Corporation CEO to be Featured on FOX News ~ Mornings with Maria,0.041835904121398926,0.932658851146698,0.025505181401968002,0.016330722719430923
RELIANCE,gdelt:blueprint.ng,2026-08-07 23:15:00+00:00,gdelt:blueprint.ng,"Government officials laud NASENI breakthrough innovations , call for  Nigeria - First  procurement policy",0.4076786935329437,0.5772356390953064,0.015085681341588497,0.39259301219135523
RELIANCE,gdelt:pr-inside.com,2026-08-07 23:30:00+00:00,gdelt:pr-inside.com,United States Antimony Corporation CEO to be Featured on FOX News ~ ...,0.066459059715271,0.9205112457275391,0.013029697351157665,0.05342936236411333
RELIANCE,gdelt:brudirect.com,2026-08-08 00:00:00+00:00,gdelt:brudirect.com,Brunei No . 1 News Website,0.03240840509533882,0.9436649084091187,0.02392667904496193,0.008481726050376892
RELIANCE,gdelt:navbharattimes.indiatimes.com,2026-08-09 02:30:00+00:00,gdelt:navbharattimes.indiatimes.com,Vedanta Demerger : अनिल अग्रवाल के वेदांता ने डीमर्जर के बाद इस मामले में बना दिया रिकॉर्ड,0.06630649417638779,0.9083632826805115,0.025330252945423126,0.04097624123096466
RELIANCE,gdelt:thestar.com.my,2026-08-09 03:00:00+00:00,gdelt:thestar.com.my,Promptly yours – but with rules,0.05979657545685768,0.9200205206871033,0.020182885229587555,0.039613690227270126
RELIANCE,gdelt:finanznachrichten.de,2026-08-09 03:00:00+00:00,gdelt:finanznachrichten.de,"Elektros , Inc .: BREAKING NEWS : ELEKTROS Enters the Investor Spotlight as Growing Market Awareness Highlights Its Sierra Leone Hard - Rock Lithium Vision and Proprietary EV Charging Technology",0.9441395401954651,0.038370490074157715,0.01748991571366787,0.9266496244817972
RELIANCE,gdelt:finanznachrichten.de,2026-08-09 03:00:00+00:00,gdelt:finanznachrichten.de,"Elektros , Inc .: BREAKING NEWS : ELEKTROS Builds Market Momentum Around Its Hard - Rock Lithium , Critical Minerals and Advanced EV Charging Technology Strategy",0.9374321699142456,0.049778133630752563,0.012789743952453136,0.9246424259617925
RELIANCE,gdelt:finanznachrichten.de,2026-08-09 03:00:00+00:00,gdelt:finanznachrichten.de,"Elektros , Inc .: BREAKING NEWS : ELEKTROS Broadens Its Investor Profile as Lithium , Critical Minerals and Proprietary EV Charging Technology Drive Its Long - Term Growth Story",0.9485484957695007,0.03695167601108551,0.01449983473867178,0.934048661030829
RELIANCE,gdelt:lokmat.com,2026-08-09 03:45:00+00:00,gdelt:lokmat.com,"प्रश्न विचारणे सोपे , उत्तरे शोधण्याचे धैर्यही दाखवा ; पंतप्रधान नरेंद्र मोदी यांचे विद्यार्थ्यांना आवाहन",0.2227490246295929,0.7515219449996948,0.02572907879948616,0.19701994583010674
RELIANCE,gdelt:theconversation.com,2026-08-09 05:00:00+00:00,gdelt:theconversation.com,The world has changed . African countries must rethink how they grow their economies,0.05273371562361717,0.7501898407936096,0.19707641005516052,-0.14434269443154335
RELIANCE,gdelt:slguardian.org,2026-08-09 05:45:00+00:00,gdelt:slguardian.org,The Blue Blood That Saved Millions Is Putting an Ancient Species at Risk,0.03882123529911041,0.47385382652282715,0.48732495307922363,-0.4485037177801132
RELIANCE,gdelt:ghanamma.com,2026-08-09 06:00:00+00:00,gdelt:ghanamma.com,Nigeria and Ghana Forge Strategic Partnerships in Digital Innovation and Technology for Industrial Growth – Ghanamma . com,0.7982426881790161,0.19203943014144897,0.009717823006212711,0.7885248651728034
RELIANCE,gdelt:californiatelegraph.com,2026-08-09 06:30:00+00:00,gdelt:californiatelegraph.com,BREAKING NEWS : ELEKTROS Enters the Investor Spotlight as Growing Market Awareness Highlights Its Sierra Leone Hard - Rock Lithium Vision and Proprietary EV Charging Technology,0.939724862575531,0.0463704839348793,0.013904605992138386,0.9258202565833926
RELIANCE,gdelt:californiatelegraph.com,2026-08-09 06:30:00+00:00,gdelt:californiatelegraph.com,"BREAKING NEWS : ELEKTROS Builds Market Momentum Around Its Hard - Rock Lithium , Critical Minerals and Advanced EV Charging Technology Strategy",0.9410070180892944,0.04650430381298065,0.01248866319656372,0.9285183548927307
RELIANCE,gdelt:californiatelegraph.com,2026-08-09 06:30:00+00:00,gdelt:californiatelegraph.com,"BREAKING NEWS : ELEKTROS Broadens Its Investor Profile as Lithium , Critical Minerals and Proprietary EV Charging Technology Drive Its Long - Term Growth Story",0.9491019248962402,0.03604257106781006,0.014855494722723961,0.9342464301735163
RELIANCE,gdelt:dw.com,2026-08-09 06:45:00+00:00,gdelt:dw.com,Germany news : Drone incidents prompt security research boost,0.03503294289112091,0.19368045032024384,0.7712865471839905,-0.7362536042928696
RELIANCE,gdelt:thehindubusinessline.com,2026-08-09 06:45:00+00:00,gdelt:thehindubusinessline.com,Vijayan Trishul Defence Solutions signs tech pact with Czech firm DEUS Automation,0.826134204864502,0.16427986323833466,0.009585883468389511,0.8165483213961124
RELIANCE,gdelt:thehindubusinessline.com,2026-08-09 06:45:00+00:00,gdelt:thehindubusinessline.com,"Households in India , other Asia - Pacific regions highly vulnerable to El Nino - driven price shocks : S & P",0.0863480418920517,0.7500291466712952,0.16362276673316956,-0.07727472484111786
RELIANCE,gdelt:geeky-gadgets.com,2026-08-09 07:00:00+00:00,gdelt:geeky-gadgets.com,iPhone 18 Pro Availability Could See Delays at Launch,0.014453926123678684,0.16072487831115723,0.8248211145401001,-0.8103671884164214
RELIANCE,gdelt:tribuneonlineng.com,2026-08-09 07:45:00+00:00,gdelt:tribuneonlineng.com,The People Republic : How they rule - Tribune Online,0.03634754940867424,0.930315375328064,0.03333714231848717,0.0030104070901870728
RELIANCE,gdelt:moneycontrol.com,2026-08-09 08:00:00+00:00,gdelt:moneycontrol.com,"El Nino may push up food prices in India , but grain stocks offer cushion : S & P",0.24066133797168732,0.5846970677375793,0.17464159429073334,0.06601974368095398
RELIANCE,gdelt:finance.yahoo.com,2026-08-09 09:45:00+00:00,gdelt:finance.yahoo.com,How Earnings Rebound and Ongoing Buybacks At Kulicke and Soffa ( KLIC ) Has Changed Its Investment Story,0.35444265604019165,0.4837457537651062,0.16181157529354095,0.1926310807466507
RELIANCE,gdelt:slguardian.org,2026-08-09 10:00:00+00:00,gdelt:slguardian.org,Vietnam Labour Exodus Deepens Domestic Worker Shortages – Sri Lanka Guardian,0.013376750983297825,0.03110063076019287,0.9555225372314453,-0.9421457862481475
RELIANCE,gdelt:procurement-notices.undp.org,2026-08-09 11:15:00+00:00,gdelt:procurement-notices.undp.org,Procurement Notices - UNDP - JOR - 00707 - The Development of an Integrated Master Plan for Improving Waste Management,0.49291178584098816,0.4986390769481659,0.008449151180684566,0.4844626346603036
RELIANCE,gdelt:livehindustan.com,2026-08-09 12:30:00+00:00,gdelt:livehindustan.com,Stock Market outlook : घरेलू शेयर बाजारों का इस हफ्ते कैसा रहेगा प्रदर्शन ? निवेशकों को रखना होगा इन बातों का ध्यान,0.03604927659034729,0.9248012900352478,0.0391494557261467,-0.003100179135799408
RELIANCE,gdelt:economictimes.indiatimes.com,2026-08-09 12:30:00+00:00,gdelt:economictimes.indiatimes.com,Ahead of Market : 10 things that will decide D - Street action on Monday,0.027653023600578308,0.9384662508964539,0.03388073295354843,-0.006227709352970123
RELIANCE,gdelt:newkerala.com,2026-08-09 13:45:00+00:00,gdelt:newkerala.com,CM Dhami Leads Har Ghar Tiranga Yatra in Dehradun,0.07984498143196106,0.8909835815429688,0.029171407222747803,0.05067357420921326
RELIANCE,gdelt:techstory.in,2026-08-09 14:15:00+00:00,gdelt:techstory.in,Former SK Hynix Employee Jailed for Leaking Information,0.036668773740530014,0.17242319881916046,0.7909080386161804,-0.7542392648756504
RELIANCE,gdelt:bssnews.net,2026-08-09 14:15:00+00:00,gdelt:bssnews.net,Hajimul takes Bangladeshi bamboo craft beyond borders,0.1374281495809555,0.8488883972167969,0.013683428056538105,0.1237447215244174
RELIANCE,gdelt:freepressjournal.in,2026-08-09 15:15:00+00:00,gdelt:freepressjournal.in,Mumbai Coastal Gardens Plan Triggers Traffic Fears In Breach Candy ; 145 Buildings Back Napeansea Road Exit Demand,0.009554787538945675,0.043466437608003616,0.9469788074493408,-0.9374240199103951
RELIANCE,gdelt:loktej.com,2026-08-09 15:45:00+00:00,gdelt:loktej.com,शेयर बाजारों पर दिखेगा अमेरिकी आयात शुल्क का असर,0.1097041517496109,0.8692367076873779,0.021059103310108185,0.08864504843950272
RELIANCE,gdelt:hindi.business-standard.com,2026-08-09 16:00:00+00:00,gdelt:hindi.business-standard.com,"कच्चे तेल की कीमतों और पश्चिम एशिया तनाव से तय होगी इस हफ्ते बाजार की चाल , इन आंकड़ों पर रखें नजर - crude oil prices and tensions in west asia will determine the market s direction this week",0.04991655424237251,0.7689087390899658,0.18117476999759674,-0.13125821575522423
RELIANCE,gdelt:newjerseytelegraph.com,2026-08-09 18:45:00+00:00,gdelt:newjerseytelegraph.com,"BREAKING NEWS : ELEKTROS Welcomes Expanding Market Awareness as Lithium , Critical Minerals and Patented EV Charging Technology Power Its Long - Term Opportunity",0.9396557807922363,0.0495021678507328,0.01084196288138628,0.92881381791085
RELIANCE,gdelt:newjerseytelegraph.com,2026-08-09 18:45:00+00:00,gdelt:newjerseytelegraph.com,"BREAKING NEWS : ELEKTROS Energizes Its Growth Story as Lithium , Critical Minerals and Advanced EV Charging Technology Reach a Broader Investment Audience",0.8702950477600098,0.12268093228340149,0.00702403299510479,0.863271014764905
RELIANCE,gdelt:finanznachrichten.de,2026-08-09 19:30:00+00:00,gdelt:finanznachrichten.de,"Elektros , Inc .: BREAKING NEWS : ELEKTROS Energizes Its Growth Story as Lithium , Critical Minerals and Advanced EV Charging Technology Reach a Broader Investment Audience",0.8744704723358154,0.11772870272397995,0.0078008440323174,0.866669628303498
RELIANCE,gdelt:finanznachrichten.de,2026-08-09 19:30:00+00:00,gdelt:finanznachrichten.de,"Elektros , Inc .: BREAKING NEWS : ELEKTROS Builds Positive Momentum as Lithium , Critical Minerals and Proprietary EV Charging Innovation Capture Growing Investor Attention",0.9496214389801025,0.03251153975725174,0.01786709763109684,0.9317543413490057
RELIANCE,gdelt:finance.yahoo.com,2026-08-09 20:00:00+00:00,gdelt:finance.yahoo.com,Sundar Pichai Alphabet Has Grown Google Cloud Revenue 82 % Year Over Year . Here Why That Growth Rate Justifies the Company Capex Bet .,0.5463758707046509,0.4417988955974579,0.01182533148676157,0.5345505392178893
RELIANCE,gdelt:indiagazette.com,2026-08-09 20:00:00+00:00,gdelt:indiagazette.com,Har Ghar Tiranga Yatra : CM Dhami urges Uttarakhand people to hoist Tricolour at homes on Independence Day,0.07598080486059189,0.9005467295646667,0.023472467437386513,0.052508337423205376
RELIANCE,gdelt:alaska-native-news.com,2026-08-09 20:00:00+00:00,gdelt:alaska-native-news.com,"Sullivan & Cruz Lead Letter Urging Sanctions on China Illegal , Unreported , and Unregulated Fishing Fleet – Alaska Native News",0.04105408489704132,0.6712232232093811,0.2877226769924164,-0.24666859209537506
RELIANCE,gdelt:economictimes.indiatimes.com,2026-08-09 20:00:00+00:00,gdelt:economictimes.indiatimes.com,"FSSAI crackdown in consumer interest , says Britannia chief Rakshit Hargave",0.025684470310807228,0.06516270339488983,0.9091527462005615,-0.8834682758897543
RELIANCE,gdelt:gdnonline.com,2026-08-09 20:45:00+00:00,gdelt:gdnonline.com,UAE Business : XRG chemicals portfolio delivers resilient Q2 earnings,0.9514629244804382,0.031736865639686584,0.016800235956907272,0.934662688523531
RELIANCE,gdelt:nepalnational.com,2026-08-09 23:00:00+00:00,gdelt:nepalnational.com,Can  Islamic NATO  reign in both Israel and Iran ?,0.029213856905698776,0.8629392981529236,0.10784684121608734,-0.07863298431038857
RELIANCE,gdelt:shanghainews.net,2026-08-09 23:30:00+00:00,gdelt:shanghainews.net,Can Islamic NATO reign in both Israel and Iran,0.029976794496178627,0.8969442248344421,0.0730789452791214,-0.04310215078294277
RELIANCE,gdelt:clevelandstar.com,2026-08-09 23:45:00+00:00,gdelt:clevelandstar.com,"BREAKING NEWS : ELEKTROS Builds Positive Momentum as Lithium , Critical Minerals and Proprietary EV Charging Innovation Capture Growing Investor Attention",0.9506272673606873,0.03231985867023468,0.01705283112823963,0.9335744362324476
RELIANCE,gdelt:hindi.business-standard.com,2026-08-10 01:45:00+00:00,gdelt:hindi.business-standard.com,उदारीकरण के 35 साल :  सनसेट इंडस्ट्री  जिसने आर्थिक सुधारों के बाद लिख दी विकास की नई इबारत - 35 years of liberalization the sunset industry that scripted a new story of growth post economic reforms,0.5409114360809326,0.4465378224849701,0.01255080010741949,0.5283606359735131
RELIANCE,gdelt:mondaq.com,2026-08-10 02:00:00+00:00,gdelt:mondaq.com,"DOJ NFED Expands Federal - State Partnerships Targeting Medicaid Fraud - White Collar Crime , Anti - Corruption & Fraud",0.7909348011016846,0.1958174705505371,0.013247635215520859,0.7776871658861637
RELIANCE,gdelt:vietnamnews.vn,2026-08-10 04:15:00+00:00,gdelt:vietnamnews.vn,Saigon Hi - Tech Park expansion to make over HCM City technology landscape,0.2951790392398834,0.6972278356552124,0.0075931549072265625,0.28758588433265686
RELIANCE,marketaux:business-standard.com,2026-08-10 04:32:42+00:00,marketaux:business-standard.com,"Within the Nifty-500, DIIs were overweight in Consumer, public sector undertaking (PSU) Banks, Oil & Gas, Telecom, Metals, and Technology sectors in the June 2026 quarter, reports suggest.

Domestic Institutional Investors’ (DIIs’) net investment in the equity segment crossed Rs 5 trillion for the third straight calendar year in 2026.

DIIs, wh...",0.22321577370166779,0.12615233659744263,0.6506319642066956,-0.42741619050502777
RELIANCE,gdelt:allafrica.com,2026-08-10 05:00:00+00:00,gdelt:allafrica.com,Africa : The World Has Changed . African Countries Must Rethink How They Grow Their Economies,0.05328063666820526,0.7738264203071594,0.17289294302463531,-0.11961230635643005
RELIANCE,gdelt:retail.economictimes.indiatimes.com,2026-08-10 05:30:00+00:00,gdelt:retail.economictimes.indiatimes.com,"Dabur : Britannia Rakshit Hargave Supports FSSAI Crackdown for Consumer Safety , ETRetail",0.2431192547082901,0.7269840240478516,0.029896751046180725,0.21322250366210938
RELIANCE,gdelt:asianews.network,2026-08-10 07:00:00+00:00,gdelt:asianews.network,Hanoi International Martial Arts Festival opens in glittering ceremony,0.07499377429485321,0.892469584941864,0.03253661096096039,0.04245716333389282
RELIANCE,gdelt:ft.lk,2026-08-10 07:15:00+00:00,gdelt:ft.lk,Safeguarding Sri Lanka trade integrity,0.06781327724456787,0.9096102714538574,0.022576408460736275,0.045236868783831596
RELIANCE,gdelt:boldsky.com,2026-08-10 08:30:00+00:00,gdelt:boldsky.com,"World Biofuel Day 2026 : Significance , Benefits And India Growing Push With Sampoorn Gobardhan Scheme",0.7476313710212708,0.2438673973083496,0.008501277305185795,0.739130093716085
RELIANCE,gdelt:jagran.com,2026-08-10 08:30:00+00:00,gdelt:jagran.com,"ये है देश की सबसे छोटी लिस्टेड कंपनी , ₹5000 से कम में शेयर नहीं बल्कि खरीद सकते हैं पूरी कंपनी ; आप बनना चाहेंगे मालिक ? - white hall commercial is smallest listed company in india by market cap",0.06832634657621384,0.9111826419830322,0.02049100585281849,0.04783534072339535
RELIANCE,gdelt:panchjanya.com,2026-08-10 09:45:00+00:00,gdelt:panchjanya.com,ब्लू - कॉलर ब्लैकआउट संकट : क्यों घट रहे हैं कुशल कामगार और कैसे बनेगा समाधान ?,0.10077967494726181,0.8754857182502747,0.02373463474214077,0.07704504020512104
RELIANCE,gdelt:analisidifesa.it,2026-08-10 09:45:00+00:00,gdelt:analisidifesa.it,Dallo strike allinterdizione : il sistema operativo dei droni sul fronte ucraino – Analisi Difesa,0.10679188370704651,0.873773455619812,0.019434675574302673,0.08735720813274384
RELIANCE,gdelt:ghanamma.com,2026-08-10 10:30:00+00:00,gdelt:ghanamma.com,Nigeria and Ghana Forge Strategic Partnerships in Digital Innovation and Technology for Economic Transformation – Ghanamma . com,0.7727818489074707,0.21762467920780182,0.009593452326953411,0.7631883965805173
RELIANCE,gdelt:chinanationalnews.com,2026-08-10 11:00:00+00:00,gdelt:chinanationalnews.com,Can Islamic NATO rein in both Israel and Iran,0.11941597610712051,0.8649418354034424,0.01564219780266285,0.10377377830445766
RELIANCE,gdelt:nobat.com,2026-08-10 12:45:00+00:00,gdelt:nobat.com,વિશ્વ સિંહ દિવસ નિમિત્તે યાદોના વિશ્વમાં,0.05695515125989914,0.890884280204773,0.05216061696410179,0.004794534295797348
RELIANCE,gdelt:finanznachrichten.de,2026-08-10 13:00:00+00:00,gdelt:finanznachrichten.de,American Resources Corporation : American Resources CEO Mark Jensen Attends U . S . Department of State Mining Roundtable Hosted by President Donald J . Trump and Secretary Marco Rubio,0.03682207316160202,0.9307737946510315,0.032404158264398575,0.0044179148972034454
RELIANCE,gdelt:indiaeducationdiary.in,2026-08-10 13:45:00+00:00,gdelt:indiaeducationdiary.in,"BITS Design School First Practice School Cohort takes Design into Space , Finance and Scientific Research - India Education | Latest Education News | Global Educational News",0.05914154648780823,0.9241116642951965,0.01674678921699524,0.04239475727081299
RELIANCE,gdelt:weekendpost.co.bw,2026-08-10 14:00:00+00:00,gdelt:weekendpost.co.bw,BSE aims to grow capital markets tenfold by 2030,0.8949180841445923,0.09649927169084549,0.008582580834627151,0.8863355033099651
RELIANCE,gdelt:ethw.org,2026-08-10 14:00:00+00:00,gdelt:ethw.org,"Milestones : Parametron , 1954",0.05301982909440994,0.9284297823905945,0.018550412729382515,0.03446941636502743
RELIANCE,gdelt:bangladeshsun.com,2026-08-10 14:15:00+00:00,gdelt:bangladeshsun.com,VTDS Enters Strategic Technology Partnership with Czech Firm DEUS Automation,0.8264324069023132,0.1673724353313446,0.006195169407874346,0.8202372374944389
RELIANCE,gdelt:pr-inside.com,2026-08-10 14:30:00+00:00,gdelt:pr-inside.com,MDCE Targets $5 Trillion Global Agriculture Market with StrainScan ...,0.19451802968978882,0.7806349992752075,0.024846931919455528,0.1696710977703333
RELIANCE,gdelt:jpost.com,2026-08-10 15:15:00+00:00,gdelt:jpost.com,Made in India : Inside the India - Israel weapons alliance Amnesty wants dismantled,0.07800986617803574,0.9011706113815308,0.02081952802836895,0.057190338149666786
RELIANCE,gdelt:jpost.com,2026-08-10 16:30:00+00:00,gdelt:jpost.com,Amnesty targets India - Israel defense ties over weapons shipments amid Gaza war,0.04238346219062805,0.09074036031961441,0.8668761849403381,-0.8244927227497101
RELIANCE,gdelt:hawaiitelegraph.com,2026-08-10 17:45:00+00:00,gdelt:hawaiitelegraph.com,MDCE Targets $5 Trillion Global Agriculture Market with StrainScan Pro Enterprise Deployment on iPad Air ( OTC Pink : MDCE ),0.24624371528625488,0.7426058650016785,0.01115043368190527,0.2350932816043496
RELIANCE,gdelt:hawaiitelegraph.com,2026-08-10 17:45:00+00:00,gdelt:hawaiitelegraph.com,"ELEKTROS Gains Market Visibility as Critical Minerals , Lithium and Next - Generation EV Charging Take Center Stage",0.9177066683769226,0.07236136496067047,0.009931915439665318,0.9077747529372573
RELIANCE,gdelt:hawaiitelegraph.com,2026-08-10 17:45:00+00:00,gdelt:hawaiitelegraph.com,"ELEKTROS Builds Momentum as Lithium , Critical Minerals and EV Charging Technology Draw Increasing Investor Attention",0.9466610550880432,0.03965648636221886,0.013682452961802483,0.9329786021262407
RELIANCE,gdelt:miningdigital.com,2026-08-10 20:15:00+00:00,gdelt:miningdigital.com,Inside President Trump $2bn US Mining Commitment,0.16602154076099396,0.8200957179069519,0.01388279628008604,0.15213874448090792
RELIANCE,gdelt:hindi.business-standard.com,2026-08-10 20:15:00+00:00,gdelt:hindi.business-standard.com,"DII Equity Inflows : विदेशी निवेशकों की बिकवाली के बीच DII का भरोसा कायम , 2026 में ₹5 . 13 लाख करोड़ निवेश - dii confidence remains intact amidst selling by foreign investors 5 point 13 lakh crore invested in 2026",0.8685935139656067,0.09826865792274475,0.033137835562229156,0.8354556784033775
RELIANCE,gdelt:manilatimes.net,2026-08-10 20:45:00+00:00,gdelt:manilatimes.net,Getty Images Reports Second Quarter 2026 Results,0.01902741752564907,0.9360163807868958,0.04495617374777794,-0.025928756222128868
RELIANCE,gdelt:manilatimes.net,2026-08-10 20:45:00+00:00,gdelt:manilatimes.net,Rackspace Technology Reports Second Quarter 2026 Results,0.020705735310912132,0.935392439365387,0.04390176385641098,-0.023196028545498848
RELIANCE,gdelt:manilatimes.net,2026-08-10 21:15:00+00:00,gdelt:manilatimes.net,Compass Diversified Reports Second Quarter 2026 Financial Results,0.025204360485076904,0.9040225744247437,0.07077310979366302,-0.04556874930858612
RELIANCE,gdelt:finanznachrichten.de,2026-08-10 21:15:00+00:00,gdelt:finanznachrichten.de,CBLT Inc .: CBLT Announces Additional Business Venture,0.059580303728580475,0.9204124808311462,0.020007241517305374,0.0395730622112751
RELIANCE,gdelt:itnewsonline.com,2026-08-10 21:15:00+00:00,gdelt:itnewsonline.com,IT News Online - Sekur Private Data Government Team Attending DoDIIS Worldwide Intelligence Conference,0.06352368742227554,0.9209484457969666,0.015527901239693165,0.04799578618258238
RELIANCE,gdelt:montrealgazette.com,2026-08-10 21:15:00+00:00,gdelt:montrealgazette.com,Draganfly Announces Record Quarterly Results,0.34821227192878723,0.3221328556537628,0.3296547830104828,0.018557488918304443
RELIANCE,gdelt:bostonstar.com,2026-08-10 22:30:00+00:00,gdelt:bostonstar.com,"Dynamic Aerospace Systems , Ticker BRQL , Reports Second Quarter 2026 Financial Results and Provides Shareholder Update",0.033748798072338104,0.9484358429908752,0.0178153645247221,0.015933433547616005
RELIANCE,gdelt:leaderpost.com,2026-08-10 23:30:00+00:00,gdelt:leaderpost.com,FOBI AI Inc . Announces Reinstatement to Trading on TSX Venture Exchange and Other Corporate Updates,0.025777282193303108,0.9385238885879517,0.03569888323545456,-0.009921601042151451
RELIANCE,gdelt:torontotelegraph.com,2026-08-10 23:45:00+00:00,gdelt:torontotelegraph.com,Sekur Private Data Government Team Attending DoDIIS Worldwide Intelligence Conference,0.06262818723917007,0.91845703125,0.018914708867669106,0.04371347837150097
RELIANCE,gdelt:torontotelegraph.com,2026-08-10 23:45:00+00:00,gdelt:torontotelegraph.com,NioCorp Project to Expand Production to 8 Made - in - USA Critical Minerals Over a 40 - Year Mine Life with an Estimated $4 . 1 Billion Pre - Tax NPV8 %,0.9285168051719666,0.06252758949995041,0.008955639787018299,0.9195611653849483
TCS,gdelt:finance.yahoo.com,2026-07-05 04:00:00+00:00,gdelt:finance.yahoo.com,India regains favor as investors seek shelter from AI - driven market swings,0.7038475275039673,0.10417180508375168,0.19198071956634521,0.5118668079376221
TCS,gdelt:hindustantimes.com,2026-07-05 05:15:00+00:00,gdelt:hindustantimes.com,Global investors looking for shelter amid AI storm turn to India,0.1280965805053711,0.3556540012359619,0.516249418258667,-0.3881528377532959
TCS,gdelt:moneycontrol.com,2026-07-05 05:30:00+00:00,gdelt:moneycontrol.com,India stocks regain global investor interest as AI trade loses momentum,0.2185354083776474,0.08403511345386505,0.6974294185638428,-0.4788940101861954
TCS,gdelt:economictimes.indiatimes.com,2026-07-05 05:30:00+00:00,gdelt:economictimes.indiatimes.com,Investors looking for shelter from AI storm are turning to India,0.04160032793879509,0.3727760314941406,0.5856236815452576,-0.5440233536064625
TCS,gdelt:livemint.com,2026-07-05 05:30:00+00:00,gdelt:livemint.com,Q3 results to US - Iran war : Top five triggers that may dictate the Indian stock market this week,0.01919744908809662,0.654256284236908,0.32654625177383423,-0.3073488026857376
TCS,gdelt:economictimes.indiatimes.com,2026-07-05 05:30:00+00:00,gdelt:economictimes.indiatimes.com,C Suite to startup street : The second act that corporate veterans are choosing,0.053143907338380814,0.9176915884017944,0.029164427891373634,0.02397947944700718
TCS,gdelt:prokerala.com,2026-07-05 07:15:00+00:00,gdelt:prokerala.com,"Q1 earnings , crude oil , FII flows likely to drive Indian stock market next week",0.4665154218673706,0.3294004201889038,0.20408408343791962,0.262431338429451
TCS,gdelt:economictimes.indiatimes.com,2026-07-05 07:45:00+00:00,gdelt:economictimes.indiatimes.com,"M - cap of 6 of top - 10 most valued firms surges Rs 1 lakh cr ; Airtel , Bajaj Fin top winners",0.9354950189590454,0.03896526247262955,0.025539765134453773,0.9099552538245916
TCS,gdelt:timesofindia.indiatimes.com,2026-07-05 08:15:00+00:00,gdelt:timesofindia.indiatimes.com,"Market recap : Top - 10 firms add Rs 1 lakh crore in market capitalisation ; Airtel , Bajaj Finance lead gains",0.9170312881469727,0.07040498405694962,0.01256380695849657,0.9044674811884761
TCS,gdelt:asia.nikkei.com,2026-07-05 08:45:00+00:00,gdelt:asia.nikkei.com,"Sara Duterte impeachment , NATO summit , Modi visits Indonesia",0.054162103682756424,0.839796781539917,0.10604113340377808,-0.05187902972102165
TCS,gdelt:livemint.com,2026-07-05 08:45:00+00:00,gdelt:livemint.com,"Mcap of 6 of top - 10 most valued firms surges by ₹1 lakh crore ; Airtel , Bajaj Finance top gainers",0.9391096234321594,0.03652513772249222,0.02436528168618679,0.9147443417459726
TCS,gdelt:orissapost.com,2026-07-05 08:45:00+00:00,gdelt:orissapost.com,"Mcap of six of top - 10 most valued firms surges Rs 1 lakh cr ; Airtel , Bajaj Fin top winners",0.9175648093223572,0.04611543193459511,0.03631968051195145,0.8812451288104057
TCS,gdelt:moneycontrol.com,2026-07-05 09:45:00+00:00,gdelt:moneycontrol.com,From TCS results to crude oil : 5 factors that could drive the stock market this week,0.052799370139837265,0.9205893278121948,0.026611268520355225,0.02618810161948204
TCS,gdelt:haribhoomi.com,2026-07-05 10:30:00+00:00,gdelt:haribhoomi.com,"Market Cap Report : टॉप - 10 में से 6 कंपनियों का मार्केट कैप 1 लाख करोड़ बढ़ा , जानिए किसे हुआ सबसे ज्यादा फायदा",0.055005013942718506,0.9132528305053711,0.031742192804813385,0.02326282113790512
TCS,gdelt:ianslive.in,2026-07-05 11:30:00+00:00,gdelt:ianslive.in,Six of top - 10 most - valued firms add over Rs 1 lakh crore in market value last week,0.7440022826194763,0.23883602023124695,0.017161648720502853,0.7268406338989735
TCS,gdelt:dailyexcelsior.com,2026-07-05 13:00:00+00:00,gdelt:dailyexcelsior.com,"Mcap of 6 of top - 10 most valued firms surges  Rs 1 lakh cr ; Airtel , Bajaj Fin top winners",0.9235146641731262,0.04241542890667915,0.03406995162367821,0.889444712549448
TCS,gdelt:hindi.business-standard.com,2026-07-05 14:00:00+00:00,gdelt:hindi.business-standard.com,"Market Outlook : इस हफ्ते शेयर बाजार में क्या रहेगा ट्रिगर ? TCS रिजल्ट , क्रूड ऑयल और ग्लोबल संकेत अहम - market outlook stock markets to track crude prices global trends tcs earnings this week",0.035643041133880615,0.9166194796562195,0.047737445682287216,-0.012094404548406601
TCS,gdelt:businessworld.in,2026-07-05 17:30:00+00:00,gdelt:businessworld.in,"Top 10 Firms Add Rs 1 Lakh Cr In Market Value As Bharti Airtel , Bajaj Finance Lead Gains",0.7542435526847839,0.22823940217494965,0.017516985535621643,0.7367265671491623
TCS,gdelt:chinatechnews.com,2026-07-05 18:15:00+00:00,gdelt:chinatechnews.com,"Dalal Street Week Ahead : TCS Q1 earnings , FOMC minutes , oil prices , monsoon progress among 10 key factors to watch",0.06966055184602737,0.9097668528556824,0.020572604611516,0.049087947234511375
TCS,gdelt:economictimes.indiatimes.com,2026-07-06 03:00:00+00:00,gdelt:economictimes.indiatimes.com,"Navi eyes Rs 3 , 000 - crore IPO ; inside IT CEO pay",0.03276883065700531,0.941646933555603,0.025584284216165543,0.0071845464408397675
TCS,gdelt:investinglive.com,2026-07-06 03:00:00+00:00,gdelt:investinglive.com,Indian equities emerge as AI - hedge haven as global tech rally wobbles,0.11813881248235703,0.059209275990724564,0.8226519227027893,-0.7045131102204323
TCS,gdelt:economictimes.indiatimes.com,2026-07-06 03:00:00+00:00,gdelt:economictimes.indiatimes.com,"IT corner offices land massive hikes , cubicles get single digits",0.18353763222694397,0.7853272557258606,0.03113511949777603,0.15240251272916794
TCS,gdelt:timesofindia.indiatimes.com,2026-07-06 03:00:00+00:00,gdelt:timesofindia.indiatimes.com,"Stock market live updates today : Will Sensex , Nifty extend last week rally ? All eyes on earnings , crude oil , Fed minutes and more",0.032718051224946976,0.9349622130393982,0.032319724559783936,0.00039832666516304016
TCS,gdelt:thehindubusinessline.com,2026-07-06 10:45:00+00:00,gdelt:thehindubusinessline.com,"Sensex touches 78 , 370 , Nifty tops 24 , 450 as bank stocks , lower crude lift markets",0.781783401966095,0.07455092668533325,0.14366568624973297,0.638117715716362
TCS,gdelt:orissapost.com,2026-07-06 11:00:00+00:00,gdelt:orissapost.com,"Markets surge to 4th day led by bank stocks , lower oil prices",0.829395592212677,0.05733276531100273,0.11327166110277176,0.7161239311099052
TCS,marketaux:rediff.com,2026-07-06 11:00:11+00:00,marketaux:rediff.com,"Indian benchmark indices Sensex and Nifty extended their winning streak to a fourth consecutive day, driven by strong buying in blue-chip bank stocks and a decline in global crude oil prices. Fresh foreign fund inflows also contributed to the optimistic sentiment in the domestic equity market.

Indian benchmark indices Sensex and Nifty extended their winning streak for the fourth consecutive day, propelled by robust buying in bank stocks and favourable...",0.9508088231086731,0.021013066172599792,0.028178108856081963,0.9226307142525911
TCS,gdelt:businesstoday.in,2026-07-06 11:15:00+00:00,gdelt:businesstoday.in,"TCS Q1 results , dividend announcement : Key dates , earnings preview , 5 things to watch",0.025511154904961586,0.9288896322250366,0.04559923708438873,-0.020088082179427147
TCS,gdelt:thehindubusinessline.com,2026-07-06 13:15:00+00:00,gdelt:thehindubusinessline.com,"Market Today : Sensex jumps 521 pts , Nifty crosses 24 , 400 on banking , realty gains",0.8969770073890686,0.07771871984004974,0.02530433051288128,0.8716726768761873
TCS,gdelt:thehindubusinessline.com,2026-07-06 13:15:00+00:00,gdelt:thehindubusinessline.com,Indian IT firms face weak Q1 as AI pressure and slow client spending hit growth,0.011300180107355118,0.01406809687614441,0.9746317863464355,-0.9633316062390804
TCS,gdelt:tribuneindia.com,2026-07-06 16:30:00+00:00,gdelt:tribuneindia.com,"Stock markets rise for 4th day , close at over 2 - month high on gains in bank , oil shares",0.862421452999115,0.06995490193367004,0.06762367486953735,0.7947977781295776
TCS,gdelt:organiser.org,2026-07-06 21:45:00+00:00,gdelt:organiser.org,Nida Khan gets bail in Nashik TCS Corporate Jihad Case,0.14142698049545288,0.7328649163246155,0.12570805847644806,0.015718922019004822
TCS,gdelt:dailypioneer.com,2026-07-07 04:45:00+00:00,gdelt:dailypioneer.com,Sensex Rises 521 Points to Two - Month High as Bank and Oil Stocks Rally,0.8084633946418762,0.09303213655948639,0.09850447624921799,0.7099589183926582
TCS,gdelt:livehindustan.com,2026-07-07 05:15:00+00:00,gdelt:livehindustan.com,"TCS धर्मांतरण कांड : निदा खान को मिली जमानत , पीड़िता से संबंध बनाने वाले दानिश शेख का क्या हुआ ?",0.12987685203552246,0.8496469259262085,0.020476294681429863,0.1094005573540926
TCS,marketaux:rediff.com,2026-07-07 05:28:45+00:00,marketaux:rediff.com,"Indian benchmark indices Sensex and Nifty advanced in early trade, driven by renewed foreign fund inflows and a significant drop in crude oil prices to pre-war levels, signalling an uptrend in the market. Track Sensex, Nifty on July 7, 2026.

Indian stock markets, including the Sensex and Nifty, are experiencing an uptrend driven by a resurgence in foreign fund inflows and the stabilisation of crude ...",0.5672314763069153,0.027639418840408325,0.405129075050354,0.16210240125656128
TCS,gdelt:channellife.co.nz,2026-07-07 05:30:00+00:00,gdelt:channellife.co.nz,Tait Systems NZ appoints Steve Bush as chief executive,0.040444549173116684,0.9075090289115906,0.05204639583826065,-0.011601846665143967
TCS,gdelt:freepressjournal.in,2026-07-07 05:30:00+00:00,gdelt:freepressjournal.in,"Sensex , Nifty Rise In Early Trade As FIIs Turn Buyers , Crude Eases",0.9235876798629761,0.04281274229288101,0.03359958156943321,0.8899880982935429
TCS,gdelt:thehindu.com,2026-07-07 06:30:00+00:00,gdelt:thehindu.com,Stock markets climb in early trade on foreign fund inflows,0.08062796294689178,0.031337276101112366,0.8880347609519958,-0.8074067980051041
TCS,gdelt:hindi.business-standard.com,2026-07-07 08:00:00+00:00,gdelt:hindi.business-standard.com,"TCS Q1 Results : आज आएंगे टीसीएस के नतीजे , डिविडेंड का भी हो सकता है ऐलान ; जानिए क्या हैं ब्रोकरेज की उम्मीदें - tcs q1 results today dividend announcement likely what brokerages expect",0.044930096715688705,0.9311708211898804,0.02389908954501152,0.021031007170677185
TCS,gdelt:thehindubusinessline.com,2026-07-07 09:30:00+00:00,gdelt:thehindubusinessline.com,"Sensex , Nifty hit 11 - week highs as IT rally offsets broader market weakness , Infosys , TCS , HCL Tech , Tech Mahindra , Titan lead gainers , Trent slumps",0.8576376438140869,0.05516475811600685,0.08719758689403534,0.7704400569200516
TCS,gdelt:dainiktribuneonline.com,2026-07-07 10:00:00+00:00,gdelt:dainiktribuneonline.com,"Stock Market Today : सेंसेक्स - निफ्टी में तेजी के साथ कारोबार शुरू , रुपया 15 पैसे चढ़कर 95 . 28 प्रति डॉलर पर",0.0517658069729805,0.9173630475997925,0.03087112121284008,0.02089468576014042
TCS,marketaux:rediff.com,2026-07-07 10:58:04+00:00,marketaux:rediff.com,"Indian benchmark indices, Sensex and Nifty, closed lower due to profit-taking after a four-day rally, influenced by weakness in Asian markets, with Trent shares tumbling over 12 per cent.

Indian stock markets, including the Sensex and Nifty, experienced a downturn today, snapping a four-day rally as investors engaged in profit-taking amidst broad...",0.011965435929596424,0.017110738903284073,0.9709238409996033,-0.9589584050700068
TCS,gdelt:deccanchronicle.com,2026-07-07 12:15:00+00:00,gdelt:deccanchronicle.com,"Sensex , Nifty End Lower as Profit Booking Snaps Four - Day Rally",0.1331990361213684,0.04069991782307625,0.8261010050773621,-0.6929019689559937
TCS,gdelt:prokerala.com,2026-07-07 13:30:00+00:00,gdelt:prokerala.com,OTT series  The Tata to chart trajectory of one of India oldest business clans,0.4343511164188385,0.5529351830482483,0.012713742442429066,0.42163737397640944
TCS,gdelt:prokerala.com,2026-07-07 13:30:00+00:00,gdelt:prokerala.com,OTT series  The Tata to chart trajectory of India most influential business clan,0.1614469438791275,0.8277124166488647,0.010840607807040215,0.1506063360720873
TCS,gdelt:aninews.in,2026-07-07 13:45:00+00:00,gdelt:aninews.in,"After  Made in India : A Titan Story , makers reunite for new series  The Tatas",0.19764208793640137,0.7842845320701599,0.018073342740535736,0.17956874519586563
TCS,gdelt:cinaradio.com,2026-07-07 22:00:00+00:00,gdelt:cinaradio.com,"After Made In India : A Titan Story , T - Series announces multi - season series on the Tata family ; details inside !",0.08194427937269211,0.903894305229187,0.014161462895572186,0.06778281647711992
TCS,gdelt:livemint.com,2026-07-08 02:30:00+00:00,gdelt:livemint.com,Raja Venkatraman recommends three stocks for 8 July,0.035472676157951355,0.9401656985282898,0.024361610412597656,0.011111065745353699
TCS,gdelt:dailypioneer.com,2026-07-08 02:45:00+00:00,gdelt:dailypioneer.com,"Sensex , Nifty Snap Four - Day Rally on Profit Booking ; IT Stocks Limit Losses",0.7807817459106445,0.08054893463850021,0.13866932690143585,0.6421124190092087
TCS,gdelt:businessworld.in,2026-07-08 03:45:00+00:00,gdelt:businessworld.in,"Sensex , Nifty Set For Weak Start As US - Iran Tensions Lift Oil Prices",0.014727110974490643,0.024996817111968994,0.9602760672569275,-0.9455489562824368
TCS,gdelt:timesofindia.indiatimes.com,2026-07-08 03:45:00+00:00,gdelt:timesofindia.indiatimes.com,"Top stocks to buy today : Stock recommendations for July 8 , 2026 - check list",0.03260110318660736,0.9360597729682922,0.03133914992213249,0.0012619532644748688
TCS,gdelt:businesstoday.in,2026-07-08 04:15:00+00:00,gdelt:businesstoday.in,"TCS dividend announcement , record date , Q1 payout history and results preview",0.02443605475127697,0.9465522170066833,0.029011733829975128,-0.004575679078698158
TCS,gdelt:thehindubusinessline.com,2026-07-08 06:15:00+00:00,gdelt:thehindubusinessline.com,TCS Q1 preview : Brokerages estimate sharp dip in margins due to wage hikes and flattish revenue,0.012986427173018456,0.009790892712771893,0.977222740650177,-0.9642363134771585
TCS,gdelt:livemint.com,2026-07-08 09:15:00+00:00,gdelt:livemint.com,"TCS Q1 Results on July 9 : AI Strategy , Dividend , Margins Key things to watch from IT major earnings",0.04543732851743698,0.931140124797821,0.02342255786061287,0.022014770656824112
TCS,gdelt:indiaeducationdiary.in,2026-07-08 15:15:00+00:00,gdelt:indiaeducationdiary.in,IMI Appoints Prof . Amit Sareen as Director of IMI Bhubaneswar - India Education | Latest Education News | Global Educational News,0.050738345831632614,0.92344069480896,0.025820985436439514,0.0249173603951931
TCS,gdelt:webwire.com,2026-07-08 17:00:00+00:00,gdelt:webwire.com,IBM and Red Hat Expand Lightwell with New Offerings to Build the Trust Infrastructure for AI - Era Open Source,0.8445111513137817,0.14803960919380188,0.007449270226061344,0.8370618810877204
TCS,gdelt:orissadiary.com,2026-07-08 18:15:00+00:00,gdelt:orissadiary.com,IMI Appoints Prof . Amit Sareen as Director of IMI Bhubaneswar,0.043427567929029465,0.9344840049743652,0.02208838425576687,0.021339183673262596
TCS,gdelt:cambodiantimes.com,2026-07-09 00:15:00+00:00,gdelt:cambodiantimes.com,"Tripura gears up for  Destination Tripura : Business Conclave 2026  with Rs 70 , 000 cr investment pipeline",0.09409955143928528,0.8934302926063538,0.012470198795199394,0.08162935264408588
TCS,gdelt:newkerala.com,2026-07-13 05:00:00+00:00,gdelt:newkerala.com,"Sensex Falls 670 Points on US - Iran Tensions , Oil Surge",0.013854322955012321,0.032183218747377396,0.953962504863739,-0.9401081819087267
TCS,gdelt:moneycontrol.com,2026-07-13 05:00:00+00:00,gdelt:moneycontrol.com,"Sensex rises 400 pts from day low , Nifty above 24 , 100 : 3 key reasons behind market paring losses",0.1672520637512207,0.7426270246505737,0.0901208445429802,0.07713121920824051
TCS,gdelt:thehindu.com,2026-07-13 05:30:00+00:00,gdelt:thehindu.com,"Stock markets slump in early trade on rising tensions in West Asia , higher oil prices",0.014892306178808212,0.02409878559410572,0.9610089659690857,-0.9461166597902775
TCS,gdelt:deccanchronicle.com,2026-07-13 06:00:00+00:00,gdelt:deccanchronicle.com,"Sensex , Nifty Tumble in Early Trade on West Asia Tensions",0.03165319934487343,0.01767057366669178,0.9506763219833374,-0.919023122638464
TCS,gdelt:economictimes.indiatimes.com,2026-07-13 06:15:00+00:00,gdelt:economictimes.indiatimes.com,"Strong Order Book , Mega Deals Fuel TCS Optimism",0.8425200581550598,0.1463671773672104,0.011112756095826626,0.8314073020592332
TCS,gdelt:hindi.business-standard.com,2026-07-13 06:15:00+00:00,gdelt:hindi.business-standard.com,"AI Agent बढ़ेंगे , लेकिन खर्च कैसे घटेगा ? TCS CEO ने बताया पूरा प्लान - tcs says rising ai token costs are a major concern for clients",0.016466811299324036,0.05448120832443237,0.9290520548820496,-0.9125852435827255
TCS,gdelt:businesstoday.in,2026-07-13 07:00:00+00:00,gdelt:businesstoday.in,"TCS plans up to 8 , 900 AI jobs as it explores AI acquisitions ; All details",0.05628958344459534,0.9218242168426514,0.021886110305786133,0.034403473138809204
TCS,gdelt:businesstoday.in,2026-07-13 07:00:00+00:00,gdelt:businesstoday.in,"TCS announces major leadership rejig across BFSI , cyber security and global markets",0.9036498069763184,0.08665792644023895,0.009692269377410412,0.893957537598908
TCS,gdelt:telecom.economictimes.indiatimes.com,2026-07-13 07:00:00+00:00,gdelt:telecom.economictimes.indiatimes.com,"Tata Consultancy Services Expands AI Workforce to 8 , 900 Engineers , Targets AI Acquisitions , ETTelecom",0.8196224570274353,0.16934455931186676,0.011033070273697376,0.8085893867537379
TCS,gdelt:moneycontrol.com,2026-07-13 07:00:00+00:00,gdelt:moneycontrol.com,"PPFAS MF adds Petronet LNG in June , trims Dr Reddy , Maruti Suzuki , Wipro , CMS Info Systems",0.1758398711681366,0.8120489120483398,0.012111273594200611,0.16372859757393599
TCS,gdelt:moneycontrol.com,2026-07-13 07:00:00+00:00,gdelt:moneycontrol.com,"TCS expands 20 - year partnership with ABB , wins multi - million - dollar AI - led network operations deal",0.9348109364509583,0.05381149426102638,0.01137764472514391,0.9234332917258143
TCS,gdelt:moneycontrol.com,2026-07-13 07:00:00+00:00,gdelt:moneycontrol.com,TCS shares jump 6 % as firm signs multi - million deal with ABB ; IT index rises 3 %,0.9345269203186035,0.03769376501441002,0.027779316529631615,0.9067476037889719
TCS,gdelt:businesstoday.in,2026-07-13 07:00:00+00:00,gdelt:businesstoday.in,Why did Tata Consultancy Services shares jump 6 % today ?,0.13957589864730835,0.8156918883323669,0.04473218321800232,0.09484371542930603
TCS,gdelt:zawya.com,2026-07-13 07:15:00+00:00,gdelt:zawya.com,"India Tata Consultancy Services plans up to 8 , 900 AI deployment engineers , seeks AI acquisitions",0.2105833888053894,0.779133141040802,0.010283468291163445,0.20029992051422596
TCS,gdelt:livehindustan.com,2026-07-13 07:15:00+00:00,gdelt:livehindustan.com,"TCS के शेयरों में 6 % की तेजी , Q1 रिजल्ट के बाद बड़ी उछाल , क्या अब खरीदना रहेगा फायदेमंद ?",0.09132910519838333,0.886407732963562,0.022263173013925552,0.06906593218445778
TCS,gdelt:educationtimes.com,2026-07-13 07:15:00+00:00,gdelt:educationtimes.com,NBEMS forms 3 - member panel following FMGE protests over 88 % failure rate and poor infrastructure of test centres,0.008675526827573776,0.031463708728551865,0.9598607420921326,-0.9511852152645588
TCS,gdelt:thefastmode.com,2026-07-13 07:15:00+00:00,gdelt:thefastmode.com,"IBM , Red Hat Launch Lightwell to Secure AI - Era Open Source Software Supply Chains",0.43809860944747925,0.5508491396903992,0.011052235029637814,0.42704637441784143
TCS,gdelt:infotechlead.com,2026-07-13 08:00:00+00:00,gdelt:infotechlead.com,"TCS to Deploy Up to 8 , 900 AI Engineers , Targets Acquisitions to Accelerate Enterprise AI Growth",0.777060866355896,0.21646222472190857,0.006476862356066704,0.7705840039998293
TCS,gdelt:asiabulletin.com,2026-07-13 08:00:00+00:00,gdelt:asiabulletin.com,"Sensex falls 670 points , Nifty slips as US - Iran tensions and rising oil prices weigh on markets",0.01973876729607582,0.019946901127696037,0.9603142142295837,-0.9405754469335079
TCS,gdelt:economictimes.indiatimes.com,2026-07-13 08:00:00+00:00,gdelt:economictimes.indiatimes.com,TCS bags multi - million contract from industrial giant ABB,0.9372725486755371,0.048103854060173035,0.014623668976128101,0.922648879699409
TCS,gdelt:aninews.in,2026-07-13 08:15:00+00:00,gdelt:aninews.in,"TCS , ABB ink multi - million dollar deal to transform global network operations with AI",0.8713769316673279,0.12136300653219223,0.00726004084572196,0.8641168908216059
TCS,gdelt:indiainfoline.com,2026-07-13 08:30:00+00:00,gdelt:indiainfoline.com,TCS Shares up 6 %. Infosys up 3 %. Why IT companies are up today ?,0.34894466400146484,0.6130500435829163,0.038005281239748,0.31093938276171684
TCS,gdelt:economictimes.indiatimes.com,2026-07-13 08:45:00+00:00,gdelt:economictimes.indiatimes.com,TCS shares rally 8 % in 2 days . Time to buy after sharp 32 % crash in 2026 ? Here what technical charts indicate,0.06458937376737595,0.8105658888816833,0.12484469264745712,-0.06025531888008118
TCS,gdelt:hindi.oneindia.com,2026-07-13 09:45:00+00:00,gdelt:hindi.oneindia.com,"पश्चिम एशिया तनाव और कच्चे तेल की महंगाई से शेयर बाजार में भारी गिरावट , सेंसेक्स 616 अंक लुढ़का",0.10685495287179947,0.871691107749939,0.021453866735100746,0.08540108613669872
TCS,gdelt:cobrapost.com,2026-07-13 09:45:00+00:00,gdelt:cobrapost.com,"TCS Overhauls Leadership , Creates 5 New Business Units Amid AI Disruption",0.6988248825073242,0.2506670653820038,0.050507985055446625,0.6483168974518776
TCS,gdelt:timesofindia.indiatimes.com,2026-07-13 10:00:00+00:00,gdelt:timesofindia.indiatimes.com,"TCS takes on OpenAI , Anthropic , Amazon and Microsoft ; to build a team of forward - deployed engineers ; CEO K Krithivasan says : We would be ensuring ...",0.8226078152656555,0.1695796400308609,0.007812552154064178,0.8147952631115913
TCS,gdelt:vccircle.com,2026-07-13 10:15:00+00:00,gdelt:vccircle.com,"TCS rejigs leadership team , creates new business units",0.6983522176742554,0.28434714674949646,0.017300616949796677,0.6810516007244587
TCS,gdelt:gdnonline.com,2026-07-13 10:45:00+00:00,gdelt:gdnonline.com,"Tech Talk : India Tata Consultancy Services plans up to 8 , 900 AI deployment engineers , seeks AI acquisitions",0.485551655292511,0.5035305023193359,0.01091786939650774,0.47463378589600325
TCS,gdelt:orissapost.com,2026-07-13 11:15:00+00:00,gdelt:orissapost.com,"Stock markets end flat as West Asia tensions , higher oil prices weigh on sentiment",0.05130080506205559,0.03726913779973984,0.9114300608634949,-0.8601292558014393
TCS,gdelt:telecom.economictimes.indiatimes.com,2026-07-13 11:30:00+00:00,gdelt:telecom.economictimes.indiatimes.com,"Tata Consultancy Services : TCS wins multi - year deal to modernise ABB network systems , ETTelecom",0.9380255937576294,0.04871014878153801,0.013264213688671589,0.9247613800689578
TCS,gdelt:prokerala.com,2026-07-13 11:30:00+00:00,gdelt:prokerala.com,"Sensex , Nifty end flat as IT stocks lead recovery",0.13609324395656586,0.08857320249080658,0.7753335237503052,-0.6392402797937393
TCS,marketaux:rediff.com,2026-07-13 11:59:29+00:00,marketaux:rediff.com,"Indian benchmark indices Sensex and Nifty closed largely flat on Monday, recovering from early losses, as escalating tensions in West Asia and a sharp rally in crude oil prices weighed on investor sentiment, despite resilience in IT and consumer durables stocks.

Indian stock markets, including the Sensex and Nifty, concluded Monday's trading session largely flat, as escalating West Asia tensions and a significant rally ...",0.08855431526899338,0.014913132414221764,0.8965325951576233,-0.8079782798886299
TCS,gdelt:businessworld.in,2026-07-13 12:00:00+00:00,gdelt:businessworld.in,TCS Wins Multi - Million - Dollar ABB Contract - BW Businessworld,0.9216804504394531,0.0635366290807724,0.014782926067709923,0.9068975243717432
TCS,gdelt:ibtimes.co.in,2026-07-13 12:15:00+00:00,gdelt:ibtimes.co.in,"Sensex ends above 77 , 600 , Nifty holds 24 , 200 as IT stocks support markets",0.5631763339042664,0.3574983477592468,0.0793253481388092,0.48385098576545715
TCS,gdelt:freepressjournal.in,2026-07-13 12:45:00+00:00,gdelt:freepressjournal.in,"TCS Announces Major Leadership Reshuffle , Revamps BFSI , Cybersecurity , and Energy Units",0.08213522285223007,0.8861839771270752,0.03168074041604996,0.050454482436180115
TCS,gdelt:moneycontrol.com,2026-07-13 13:30:00+00:00,gdelt:moneycontrol.com,"HCLTech reports over 3 , 200 employee reduction in Q1FY27 , reversing previous quarter gains",0.007432282902300358,0.019024958834052086,0.9735427498817444,-0.966110466979444
TCS,gdelt:businesstoday.in,2026-07-13 14:00:00+00:00,gdelt:businesstoday.in,"Sensex , Nifty end marginally higher after volatile session ; what should investors watch now ?",0.15624947845935822,0.6085011959075928,0.235249325633049,-0.0789998471736908
TCS,gdelt:businessworld.in,2026-07-13 17:15:00+00:00,gdelt:businessworld.in,"TCS Rejigs Leadership , Creates Five New Business Units For AI Era",0.3691195845603943,0.6220318078994751,0.00884868111461401,0.3602709034457803
TCS,gdelt:indianewengland.com,2026-07-13 18:00:00+00:00,gdelt:indianewengland.com,"Sensex , Nifty End Flat as IT Stocks Drive Late Recovery - INDIA New England News",0.08677494525909424,0.41799256205558777,0.4952324628829956,-0.40845751762390137
TCS,gdelt:hindustantimes.com,2026-07-13 18:15:00+00:00,gdelt:hindustantimes.com,Who is Navdeep Sharma ? H - 1B techie stranded in India for 18 months faces big blow in US court,0.12371768802404404,0.3001933991909027,0.5760889053344727,-0.4523712173104286
TCS,gdelt:economictimes.indiatimes.com,2026-07-13 18:45:00+00:00,gdelt:economictimes.indiatimes.com,Anthropic rolls out rupee pricing for Claude AI in India,0.08103819936513901,0.8951462507247925,0.023815514519810677,0.05722268484532833
TCS,gdelt:techstory.in,2026-07-13 21:00:00+00:00,gdelt:techstory.in,"Anthropic Launches Rupee Billing for Claude in India , Its Second - Largest Market After the US",0.3864237666130066,0.6022173166275024,0.011358916759490967,0.3750648498535156
TCS,gdelt:theindianawaaz.com,2026-07-13 21:45:00+00:00,gdelt:theindianawaaz.com,"July 13 : Market Recover from Early Losses , End Marginally Higher on IT Boost – The Indian Awaaz",0.8776159882545471,0.025712676346302032,0.09667141735553741,0.7809445708990097
TCS,gdelt:sentinel.ht,2026-07-14 00:30:00+00:00,gdelt:sentinel.ht,IBM to Commission India Largest Quantum Computer,0.23095209896564484,0.7612684965133667,0.007779425010085106,0.22317267395555973
TCS,gdelt:moneycontrol.com,2026-07-14 02:00:00+00:00,gdelt:moneycontrol.com,Middle East uncertainty prompts clients to defer big decisions : LTM CEO Venu Lambu,0.03971362113952637,0.7295184135437012,0.23076798021793365,-0.1910543590784073
TCS,gdelt:livemint.com,2026-07-14 02:30:00+00:00,gdelt:livemint.com,"HCLTech reverses course , bets $365 million on data centre business",0.05651821196079254,0.8771762847900391,0.06630551069974899,-0.009787298738956451
TCS,gdelt:timesofindia.indiatimes.com,2026-07-14 04:00:00+00:00,gdelt:timesofindia.indiatimes.com,"Anthropic Claude AI pricing for India revealed : Here how much you have to pay for Claude Pro , Claude Max and Team subscription",0.0522630549967289,0.9281527996063232,0.019584115594625473,0.032678939402103424
TCS,gdelt:timesofindia.indiatimes.com,2026-07-14 04:45:00+00:00,gdelt:timesofindia.indiatimes.com,"Stock Market Live Updates : Sensex plunges over 500 points , Nifty slips below 24 , 100 as US - Iran tensions escalate",0.011486949399113655,0.028656477108597755,0.9598566889762878,-0.9483697395771742
TCS,gdelt:economictimes.indiatimes.com,2026-07-14 04:45:00+00:00,gdelt:economictimes.indiatimes.com,rupee pricing Claude AI : Anthropic rolls out rupee pricing for Claude AI in India,0.07916142791509628,0.9080434441566467,0.01279508788138628,0.06636634003371
TCS,marketaux:thehindubusinessline.com,2026-07-14 06:37:22+00:00,marketaux:thehindubusinessline.com,"TCS will power digital operations at New York's JFK New Terminal One with AI, cybersecurity and passenger systems under the airport's $19-billion overhaul.

Tata Consultancy Services (TCS) announced on Tuesday that it has been named the technology and innovation partner for New Terminal One at John F. Kennedy Intern...",0.7717481851577759,0.2205999791622162,0.007651813328266144,0.7640963718295097
TCS,gdelt:financialexpress.com,2026-07-14 07:30:00+00:00,gdelt:financialexpress.com,"Tech & AI News today : TCS is building AI army , Nadella shares new paradox , and Samsung hikes prices",0.741878867149353,0.23295745253562927,0.02516379952430725,0.7167150676250458
TCS,gdelt:financialexpress.com,2026-07-14 07:30:00+00:00,gdelt:financialexpress.com,HCLTech headcount sees steepest sequential fall in 2 years,0.010319256223738194,0.016183611005544662,0.9734970927238464,-0.9631778365001082
TCS,gdelt:moneycontrol.com,2026-07-14 07:30:00+00:00,gdelt:moneycontrol.com,TCS wins technology partnership deal for JFK airport new terminal in New York,0.9340953826904297,0.05047998204827309,0.01542462408542633,0.9186707586050034
TCS,gdelt:tribuneindia.com,2026-07-14 07:30:00+00:00,gdelt:tribuneindia.com,Markets tumble in early trade as rising oil prices dent sentiment ; Sensex drops 553 points,0.011387680657207966,0.019935863092541695,0.9686764478683472,-0.9572887672111392
TCS,gdelt:rediff.com,2026-07-14 08:15:00+00:00,gdelt:rediff.com,S & P Global : AI - native firms pose significant threat to Indian IT service providers,0.011997194029390812,0.04234135523438454,0.9456614255905151,-0.9336642315611243
TCS,gdelt:orissapost.com,2026-07-14 08:30:00+00:00,gdelt:orissapost.com,India - UK trade pact explainer : What changes from July 15 ?,0.02860272489488125,0.8744486570358276,0.09694862365722656,-0.06834589876234531
TCS,gdelt:indianexpress.com,2026-07-14 08:30:00+00:00,gdelt:indianexpress.com,Anthropic introduces India pricing for Claude as AI race heats up,0.32824522256851196,0.6533909440040588,0.018363870680332184,0.3098813518881798
TCS,gdelt:businesstoday.in,2026-07-14 09:00:00+00:00,gdelt:businesstoday.in,"Infosys , Coforge , TCS , Wipro , HCL , LTM , Persistent , Mphasis : Stock with highest St target",0.44030627608299255,0.5512998104095459,0.008393856696784496,0.43191241938620806
TCS,gdelt:dainiktribuneonline.com,2026-07-14 09:15:00+00:00,gdelt:dainiktribuneonline.com,"Stock Market Today : तेल कीमतों में उछाल से बाजार दबाव में , सेंसेक्स 553 अंक गिरा , रुपया 48 पैसे टूटा",0.06717412173748016,0.9101092219352722,0.022716673091053963,0.0444574486464262
TCS,gdelt:siasat.com,2026-07-14 09:15:00+00:00,gdelt:siasat.com,"India , united kingdom trade pact to come into force from July 15 : An Explainer",0.15488305687904358,0.8323900699615479,0.012726916000247002,0.14215614087879658
TCS,gdelt:economictimes.indiatimes.com,2026-07-14 09:45:00+00:00,gdelt:economictimes.indiatimes.com,"How TCS , India biggest IT company , will transform New York JFK Airport New Terminal One",0.12250648438930511,0.8686886429786682,0.008804906159639359,0.11370157822966576
TCS,gdelt:deccanchronicle.com,2026-07-14 09:45:00+00:00,gdelt:deccanchronicle.com,TCS is Tech & Innovation Partner to New York New Terminal One at JFK Airport,0.26439207792282104,0.7283852696418762,0.007222676649689674,0.25716940127313137
TCS,gdelt:moneycontrol.com,2026-07-14 09:45:00+00:00,gdelt:moneycontrol.com,TCS says no decision yet on FY27 promotions ; Wings program set for AI revamp,0.033655986189842224,0.9147045612335205,0.05163951218128204,-0.01798352599143982
TCS,marketaux:rediff.com,2026-07-14 10:53:21+00:00,marketaux:rediff.com,"Indian benchmark indices, Sensex and Nifty, experienced a significant downturn as escalating tensions in West Asia led to a sharp surge in crude oil prices, coupled with fresh foreign fund outflows and a weakening rupee.

Indian stock markets, including the Sensex and Nifty, witnessed a notable slump as escalating West Asia tensions drove crude oil prices sharply higher, alongsid...",0.01665916107594967,0.010047449730336666,0.9732933640480042,-0.9566342029720545
TCS,gdelt:it-online.co.za,2026-07-14 11:30:00+00:00,gdelt:it-online.co.za,TCS in new deal to transform ABB global network operations,0.4096982777118683,0.5817010998725891,0.008600609377026558,0.40109766833484173
TCS,gdelt:livemint.com,2026-07-14 12:15:00+00:00,gdelt:livemint.com,TCS secures tech contract for New York JFK Airport ₹1 . 8 lakh crore terminal project,0.942999541759491,0.04229101166129112,0.014709384180605412,0.9282901575788856
TCS,gdelt:domain-b.com,2026-07-14 12:15:00+00:00,gdelt:domain-b.com,TCS wins technology contract for New York JFK Airport $19 billion terminal,0.9187238812446594,0.06687494367361069,0.014401119202375412,0.904322762042284
TCS,gdelt:futuretravelexperience.com,2026-07-14 13:45:00+00:00,gdelt:futuretravelexperience.com,New Terminal One at JFK partners with TCS,0.6378927230834961,0.3528939187526703,0.00921341311186552,0.6286793099716306
TCS,gdelt:timesofindia.indiatimes.com,2026-07-14 16:00:00+00:00,gdelt:timesofindia.indiatimes.com,"Export boost , cheaper cars & whisky : India - UK trade deal comes into effect from July 15 - How India & Indians will benefit",0.33535078167915344,0.6543062329292297,0.01034302543848753,0.3250077562406659
TCS,gdelt:americanbazaaronline.com,2026-07-14 23:15:00+00:00,gdelt:americanbazaaronline.com,Meta layoff forces H - 1B worker to leave US,0.008297480642795563,0.03247220441699028,0.9592303037643433,-0.9509328231215477
TCS,gdelt:businesstoday.in,2026-07-15 03:00:00+00:00,gdelt:businesstoday.in,"IBM selloff : Infosys , Wipro ADRs tumble ; why Persistent Systems , other IT stocks are in focus",0.014300577342510223,0.04504632577300072,0.9406530857086182,-0.9263525083661079
TCS,gdelt:economictimes.indiatimes.com,2026-07-15 03:15:00+00:00,gdelt:economictimes.indiatimes.com,You cant spell chai latte without AI . That will hurt India,0.011826442554593086,0.04827100783586502,0.9399024844169617,-0.9280760418623686
TCS,gdelt:navbharattimes.indiatimes.com,2026-07-15 04:45:00+00:00,gdelt:navbharattimes.indiatimes.com,"Share Market Opening : शेयर बाजार में लौटी रौनक , सेंसेक्स 500 अंक उछला , इंडिगो और आयशर में सबसे ज्यादा तेजी",0.06583669036626816,0.9154058694839478,0.018757497891783714,0.047079192474484444
TCS,gdelt:newkerala.com,2026-07-15 05:00:00+00:00,gdelt:newkerala.com,Indian Markets Open Higher on Global Cues,0.9261608123779297,0.044821545481681824,0.029017560184001923,0.8971432521939278
TCS,gdelt:prokerala.com,2026-07-15 06:15:00+00:00,gdelt:prokerala.com,Indian equity markets open higher on positive global cues,0.9434874057769775,0.031071694567799568,0.025440922006964684,0.9180464837700129
TCS,gdelt:dailypioneer.com,2026-07-15 07:00:00+00:00,gdelt:dailypioneer.com,"Sensex , Nifty Fall as Crude Oil Surge and Rupee Weakness Hit Market Sentiment",0.01777428202331066,0.016366513445973396,0.9658592343330383,-0.9480849523097277
TCS,gdelt:rediff.com,2026-07-15 07:45:00+00:00,gdelt:rediff.com,"Indian Stock Markets Rebound : Sensex Nifty Up on US Inflation Data , Fed Policy Hopes",0.8742639422416687,0.044648174196481705,0.08108779788017273,0.793176144361496
TCS,gdelt:tribuneindia.com,2026-07-15 08:15:00+00:00,gdelt:tribuneindia.com,Stock markets rebound in early trade ; Sensex jumps 553 points,0.560570240020752,0.06164708361029625,0.3777826428413391,0.18278759717941284
TCS,gdelt:navbharattimes.indiatimes.com,2026-07-15 08:15:00+00:00,gdelt:navbharattimes.indiatimes.com,"BSNL New Tower :  भगवान से भी नहीं लगेगा  कहने के दिन गए , बीएसएनएल 19 हजार जगहों पर खड़े करेगी एडवांस मोबाइल टावर",0.08135517686605453,0.8992328643798828,0.01941193826496601,0.061943238601088524
TCS,gdelt:economictimes.indiatimes.com,2026-07-15 08:15:00+00:00,gdelt:economictimes.indiatimes.com,"Q1 results today : HDFC Life Insurance , HDB Financial , Jana SFB , ICICI Prudential among 43 companies to report earnings",0.07641932368278503,0.9067073464393616,0.01687336154282093,0.059545962139964104
TCS,gdelt:dainiktribuneonline.com,2026-07-15 08:30:00+00:00,gdelt:dainiktribuneonline.com,"Stock Market Today : शेयर बाजार में जोरदार वापसी , सेंसेक्स 553 अंक उछला ; रुपया भी डॉलर के मुकाबले मजबूत",0.04768293350934982,0.9220132827758789,0.03030374087393284,0.017379192635416985
TCS,gdelt:telecom.economictimes.indiatimes.com,2026-07-15 09:00:00+00:00,gdelt:telecom.economictimes.indiatimes.com,"Tata Consultancy Services : TCS Unveils Nvidia - Powered AI Lab in Bengaluru to Revolutionize Industrial Automation , ETTelecom",0.6452886462211609,0.34490352869033813,0.009807824157178402,0.6354808220639825
TCS,gdelt:khaskhabar.com,2026-07-15 09:15:00+00:00,gdelt:khaskhabar.com,"Hindustan Zinc is playing a vital role in skill training , from rural Rajasthan to global careers ., Udaipur News in Hindi",0.233894482254982,0.7574473023414612,0.008658126927912235,0.22523635532706976
TCS,gdelt:timesofindia.indiatimes.com,2026-07-15 09:30:00+00:00,gdelt:timesofindia.indiatimes.com,TCS launches Nvidia - powered autonomous engineering lab to accelerate AI - led mobility,0.505313515663147,0.4843260943889618,0.01036036852747202,0.49495314713567495
TCS,gdelt:ibtimes.co.uk,2026-07-15 12:00:00+00:00,gdelt:ibtimes.co.uk,"Laid - Off Meta Employee Gets 60 Days to Leave After 14 Years in the US , Says It Is a  Gut - Wrenching  Experience",0.009892166592180729,0.026772286742925644,0.9633355140686035,-0.9534433474764228
TCS,gdelt:indiaeducationdiary.in,2026-07-15 12:00:00+00:00,gdelt:indiaeducationdiary.in,"From Rural Rajasthan to Global Careers : Hindustan Zinc Zinc Kaushal Trains Over 10 , 000 Youth , Creates Pathways to Opportunity - India Education | Latest Education News | Global Educational News",0.17167331278324127,0.8169065117835999,0.01142014842480421,0.16025316435843706
TCS,gdelt:thehindubusinessline.com,2026-07-15 12:15:00+00:00,gdelt:thehindubusinessline.com,TCS launches NVIDIA - powered Autonomous Engineering Lab in Bengaluru,0.15476296842098236,0.8345432281494141,0.01069378200918436,0.144069186411798
TCS,gdelt:pressnote.in,2026-07-15 13:00:00+00:00,gdelt:pressnote.in,ग्रामीण राजस्थान से वैश्विक करियर तक कौशल प्रशिक्षण में महत्वपूर्ण भूमिका निभा रहा हिंदुस्तान जिंक Zinc _ News :: pressnote . in,0.04977286979556084,0.9274861812591553,0.022740907967090607,0.02703196182847023
TCS,gdelt:moneylife.in,2026-07-15 17:30:00+00:00,gdelt:moneylife.in,"Nifty , Sensex End Flat ; Broader Market Rallies",0.36301708221435547,0.0702020451426506,0.5667809247970581,-0.20376384258270264
TCS,gdelt:businessghana.com,2026-07-15 17:45:00+00:00,gdelt:businessghana.com,"Anthropic starts localizing Claude pricing for India , its biggest market after the US",0.4588261544704437,0.531878650188446,0.009295206516981125,0.4495309479534626
TCS,gdelt:thehindu.com,2026-07-15 18:15:00+00:00,gdelt:thehindu.com,TCS opens industrial AI solutions Lab in Bengaluru with NVIDIA,0.15923766791820526,0.8306869864463806,0.010075286030769348,0.1491623818874359
TCS,gdelt:prnewswire.com,2026-07-15 18:15:00+00:00,gdelt:prnewswire.com,LatentView Analytics Appoints Sonal Ramrakhiani as Chief Executive Officer to Accelerate Global AI - Led Growth,0.19566866755485535,0.7920394539833069,0.012291857041418552,0.1833768105134368
TCS,gdelt:chinatechnews.com,2026-07-16 02:30:00+00:00,gdelt:chinatechnews.com,Indian Companies Increasingly Turn To Chinese LLMs Due To  Unsustainable  US Token Bills,0.012096455320715904,0.03561926260590553,0.9522842168807983,-0.9401877615600824
TCS,gdelt:udaipurkiran.com,2026-07-16 06:00:00+00:00,gdelt:udaipurkiran.com,"From Rural Rajasthan to Global Careers : Hindustan Zinc Zinc Kaushal Trains Over 10 , 000 Youth , Creates Pathways to Opportunity",0.1961255967617035,0.7923633456230164,0.011511124670505524,0.18461447209119797
TCS,gdelt:moneycontrol.com,2026-07-16 08:00:00+00:00,gdelt:moneycontrol.com,IT shares snap two - day fall to rise up to 2 . 5 %: 3 key factors behind sharp buying,0.3785104751586914,0.052842941135168076,0.5686466097831726,-0.1901361346244812
TCS,gdelt:timesofindia.indiatimes.com,2026-07-16 12:15:00+00:00,gdelt:timesofindia.indiatimes.com,BDU to roll out industry certification programmes,0.16012418270111084,0.8322665691375732,0.0076092882081866264,0.1525148944929242
TCS,gdelt:freepressjournal.in,2026-07-16 12:45:00+00:00,gdelt:freepressjournal.in,Tech Mahindra Workforce Falls By 863 Employees In Q1 As Company Focuses On Margins,0.008079572580754757,0.01772722788155079,0.9741931557655334,-0.9661135831847787
TCS,gdelt:iraqsun.com,2026-07-16 17:00:00+00:00,gdelt:iraqsun.com,ITI wins BSNL 4G network expansion order worth Rs 856 crore,0.9046610593795776,0.08323246240615845,0.012106464244425297,0.8925545951351523
TCS,gdelt:equitybulls.com,2026-07-16 22:00:00+00:00,gdelt:equitybulls.com,TCS and Google Cloud launch Gemini Experience Center in Kolkata,0.09467568248510361,0.8952819108963013,0.010042375884950161,0.08463330660015345
TCS,gdelt:dailypioneer.com,2026-07-18 02:30:00+00:00,gdelt:dailypioneer.com,"Sensex Surges 965 Points , Nifty Tops 24 , 330 as Reliance , Banking and IT Stocks Rally",0.7844009399414062,0.12945111095905304,0.0861479863524437,0.6982529535889626
TCS,gdelt:navbharattimes.indiatimes.com,2026-07-18 16:00:00+00:00,gdelt:navbharattimes.indiatimes.com,"India Top Brands : टाटा 1 , इन्फोसिस 2 , LIC 3 , लिस्‍ट में अडानी की पहली बार एंट्री , इस स्‍थान पर मुकेश अंबानी की रिलायंस",0.0741695687174797,0.9106712341308594,0.015159206464886665,0.05901036225259304
TCS,gdelt:thehindu.com,2026-07-18 16:15:00+00:00,gdelt:thehindu.com,"India Inc CSR spend rises 17 % to ₹40 , 794 crore in FY25 : report",0.9409829378128052,0.029368337243795395,0.02964870259165764,0.9113342352211475
TCS,gdelt:educationtimes.com,2026-07-19 01:30:00+00:00,gdelt:educationtimes.com,Gaurav Gangwal,0.07320833206176758,0.8844338059425354,0.04235786572098732,0.030850466340780258
TCS,gdelt:tribuneindia.com,2026-07-19 07:00:00+00:00,gdelt:tribuneindia.com,Mcap of 5 of top - 10 most valued firms jumps Rs 1 . 54 lakh crore ; TCS biggest winner,0.9045255780220032,0.06972172111272812,0.025752780959010124,0.878772797062993
TCS,gdelt:prokerala.com,2026-07-19 07:30:00+00:00,gdelt:prokerala.com,Top - 10 firms add Rs 1 . 54 lakh crore in market value last week,0.7294120788574219,0.2531352639198303,0.01745263859629631,0.7119594402611256
TCS,gdelt:thehindubusinessline.com,2026-07-19 08:15:00+00:00,gdelt:thehindubusinessline.com,Mcap of five of top - 10 most valued firms jumps ₹1 . 54 lakh crore ; TCS lead gainers,0.933745801448822,0.03401019796729088,0.03224390372633934,0.9015018977224827
TCS,gdelt:orissapost.com,2026-07-19 09:30:00+00:00,gdelt:orissapost.com,Mcap of five of top - 10 most valued firms jumps Rs 1 . 54 lakh cr ; TCS biggest winner,0.9041669964790344,0.06197316199541092,0.03385987505316734,0.8703071214258671
TCS,gdelt:divyabhaskar.co.in,2026-07-19 10:00:00+00:00,gdelt:divyabhaskar.co.in,"TCS Top Gainer , Reliance & SBI Market Cap Surge | Indian Stock Market Update",0.7456094622612,0.1518678367137909,0.10252280533313751,0.6430866569280624
TCS,gdelt:navbharattimes.indiatimes.com,2026-07-19 10:30:00+00:00,gdelt:navbharattimes.indiatimes.com,"Mcap of Top Firms : शेयर मार्केट में मची धूम , एक हफ्ते में 5 कंपनियों ने कमाए ₹1 . 54 लाख करोड़ , टाटा की इस कंपनी ने काटा गदर",0.05253620445728302,0.9233471751213074,0.024116599932312965,0.028419604524970055
TCS,gdelt:freepressjournal.in,2026-07-19 12:00:00+00:00,gdelt:freepressjournal.in,13 TCS Employees Rescued After Losing Way During Irshalgad - Prabalgad Trek In Panvel,0.02804391086101532,0.06776367872953415,0.9041923880577087,-0.8761484771966934
TCS,gdelt:livemint.com,2026-07-19 12:30:00+00:00,gdelt:livemint.com,Mcap of five of top - 10 most valued firms jumps ₹1 . 54 lakh cr ; TCS biggest winner,0.9100881218910217,0.062268275767564774,0.027643583714962006,0.8824445381760597
TCS,gdelt:loksatta.com,2026-07-19 12:30:00+00:00,gdelt:loksatta.com,"Share Market Top 10 Companies Market Cap | शेअर बाजारात ५ कंपन्या मालामाल , TCS चा नफा वाढला",0.04471808671951294,0.9359623789787292,0.019319510087370872,0.025398576632142067
TCS,gdelt:timesofindia.indiatimes.com,2026-07-19 15:30:00+00:00,gdelt:timesofindia.indiatimes.com,Top - 5 valued firms add Rs 1 . 54 lakh crore in market cap ; TCS emerges biggest gainer,0.9255352020263672,0.05033841356635094,0.02412637509405613,0.9014088269323111
TCS,gdelt:thehindubusinessline.com,2026-07-19 15:45:00+00:00,gdelt:thehindubusinessline.com,India IT services sector hints at hiring stabilisation - The HinduBusinessLine,0.9086223840713501,0.07506593316793442,0.016311680898070335,0.8923107031732798
TCS,gdelt:ibtimes.co.in,2026-07-19 17:45:00+00:00,gdelt:ibtimes.co.in,"Top - 10 firms add Rs 1 . 54 lakh crore in market value ; Sensex may test 79 , 200 , Nifty eyes breakout above 24 , 500",0.911106526851654,0.05388840660452843,0.035004958510398865,0.8761015683412552
TCS,gdelt:hindi.business-standard.com,2026-07-19 18:00:00+00:00,gdelt:hindi.business-standard.com,"Q1 नतीजों की दमदार शुरुआत , कंपनियों की आय , मुनाफा दो अंक में बढ़े - strong start to q1 results companies revenue and profit grew in double digits",0.9502586722373962,0.022467996925115585,0.02727334387600422,0.922985328361392
TCS,gdelt:equitybulls.com,2026-07-19 19:00:00+00:00,gdelt:equitybulls.com,Tata Technologies Q1 FY27 Results : Net Income Surges to ₹181 Crore Fueled by Blockbuster $100 Million Tenneco Deal and Global Automotive Wins,0.9467926025390625,0.026011567562818527,0.027195816859602928,0.9195967856794596
TCS,gdelt:timesofindia.indiatimes.com,2026-07-20 02:00:00+00:00,gdelt:timesofindia.indiatimes.com,Vizag bets big on becoming  AI - Patnam  - The Times of India,0.23362544178962708,0.7541207671165466,0.012253773398697376,0.2213716683909297
TCS,gdelt:bhaskar.com,2026-07-20 05:15:00+00:00,gdelt:bhaskar.com,Meta Facebook Service Restored | Nvidia CEO Jensen Huang Jacket Auction,0.06761748343706131,0.8942101001739502,0.03817246854305267,0.029445014894008636
TCS,gdelt:livemint.com,2026-07-20 07:45:00+00:00,gdelt:livemint.com,AI meter is running . India IT clients are rethinking their models,0.08237910270690918,0.8646960854530334,0.05292482301592827,0.02945427969098091
TCS,gdelt:navabharat.com,2026-07-20 09:30:00+00:00,gdelt:navabharat.com,"शेयर बाजार में तूफानी तेजी : टॉप 10 में से 5 कंपनियों का मार्केट कैप 1 . 54 लाख करोड़ रुपये बढ़ा , टीसीएस और आईसीआईसीआई बैंक चमके",0.08912987262010574,0.886616051197052,0.024254053831100464,0.06487581878900528
TCS,marketaux:rediff.com,2026-07-20 12:27:29+00:00,marketaux:rediff.com,"Indian benchmark indices, Sensex and Nifty, closed lower due to significant selling in HDFC Bank and Axis Bank shares, driven by margin-related concerns and escalating US-Iran tensions, which also pushed crude oil prices higher.

Indian benchmark indices, Sensex and Nifty, experienced a notable decline, primarily driven by heavy selling in banking giants HDFC Bank and Axis Bank amidst ma...",0.01463120337575674,0.013203694485127926,0.972165048122406,-0.9575338447466493
TCS,gdelt:dailyexcelsior.com,2026-07-20 16:00:00+00:00,gdelt:dailyexcelsior.com,"Sensex declines by 443 pts on  heavy selling in HDFC Bank , Axis Bank",0.018959050998091698,0.020303310826420784,0.9607375860214233,-0.9417785350233316
TCS,gdelt:hindustantimes.com,2026-07-20 19:15:00+00:00,gdelt:hindustantimes.com,Microsoft backs AMD Helios AI system to challenge Nvidia dominance,0.7773008942604065,0.2086135745048523,0.01408547256141901,0.7632154216989875
TCS,gdelt:finanznachrichten.de,2026-07-20 23:00:00+00:00,gdelt:finanznachrichten.de,"AMD To Ship Helios AI Systems To Microsoft , Taking On Nvidia",0.11679357290267944,0.869804322719574,0.013402055948972702,0.10339151695370674
TCS,gdelt:tarunbharat.com,2026-07-21 02:15:00+00:00,gdelt:tarunbharat.com,Market capitalization of 5 companies rises by ₹1 . 54 lakh crore .,0.9437353610992432,0.03002173826098442,0.026242917403578758,0.9174924436956644
TCS,gdelt:dailypioneer.com,2026-07-21 02:15:00+00:00,gdelt:dailypioneer.com,"Sensex Falls 443 Points , Nifty Slips as Bank Stocks Tumble Amid US - Iran Tensions",0.020972315222024918,0.032053928822278976,0.9469737410545349,-0.92600142583251
TCS,gdelt:thehindubusinessline.com,2026-07-21 02:30:00+00:00,gdelt:thehindubusinessline.com,HCLTech CEO C Vijayakumar remuneration jumps 67 % to $18 . 13 million in FY26,0.939132034778595,0.024686099961400032,0.03618185967206955,0.9029501751065254
TCS,gdelt:economictimes.indiatimes.com,2026-07-21 03:15:00+00:00,gdelt:economictimes.indiatimes.com,"TCS acquires land in Vizag , Pune for OpenAI data sites",0.13823330402374268,0.8534301519393921,0.008336588740348816,0.12989671528339386
TCS,gdelt:timesofindia.indiatimes.com,2026-07-21 04:15:00+00:00,gdelt:timesofindia.indiatimes.com,"Stock Market Today Live Updates : Sensex trades flat at 77 , 710 in early session ; Nifty over 24 , 230",0.01605631224811077,0.03155015781521797,0.9523935317993164,-0.9363372195512056
TCS,gdelt:economictimes.indiatimes.com,2026-07-21 04:30:00+00:00,gdelt:economictimes.indiatimes.com,"Ships , Steel , Submarines and now , Servers : How Visakhapatnam is becoming India new AI gold rush",0.08854009956121445,0.8934878706932068,0.017972104251384735,0.07056799530982971
TCS,gdelt:telecom.economictimes.indiatimes.com,2026-07-21 05:00:00+00:00,gdelt:telecom.economictimes.indiatimes.com,"HCLTech CEO C Vijayakumar Receives 67 % Pay Increase to ₹175 Crore in FY26 , ETTelecom",0.9389742612838745,0.0437949113547802,0.017230862751603127,0.9217433985322714
TCS,gdelt:economictimes.indiatimes.com,2026-07-21 09:15:00+00:00,gdelt:economictimes.indiatimes.com,C Vijayakumar remuneration : HCLTech CEO C Vijayakumar remuneration jumps 67 % to $18 . 13 million in FY26,0.9487667083740234,0.0287307221442461,0.022502612322568893,0.9262640960514545
TCS,marketaux:rediff.com,2026-07-21 11:12:45+00:00,marketaux:rediff.com,"Indian benchmark indices, Sensex and Nifty, extended their losses for a second consecutive day, primarily due to HDFC Bank's disappointing quarterly earnings and escalating tensions in West Asia, coupled with persistent foreign fund outflows.

Indian benchmark indices, Sensex and Nifty, extended their decline for a second day, heavily influenced by HDFC Bank's underwhelming quarterly earnings and heig...",0.012006431818008423,0.014440512284636497,0.9735530018806458,-0.9615465700626373
TCS,gdelt:vccircle.com,2026-07-21 12:15:00+00:00,gdelt:vccircle.com,India push away from options fuels boom in leveraged stock bets,0.7554695010185242,0.14655770361423492,0.09797284752130508,0.6574966534972191
TCS,marketaux:thehindu.com,2026-07-21 12:43:46+00:00,marketaux:thehindu.com,"Stock markets decline for the second day, with HDFC Bank's drop and geopolitical tensions impacting investor sentiment.

Benchmark indices Sensex and Nifty closed lower on Tuesday (July 21, 2026), dragged by selling in HDFC Bank for the second day alongside risk-off sentiment amid...",0.007820209488272667,0.017562495544552803,0.9746173024177551,-0.9667970929294825
TCS,gdelt:manilatimes.net,2026-07-21 12:45:00+00:00,gdelt:manilatimes.net,Rezolve Ai Brings Agentic Commerce Infrastructure to Zilch Payments Platform Serving Nearly 6 Million Customers,0.446483850479126,0.5465335845947266,0.0069826515391469,0.4395011989399791
TCS,gdelt:nayaindia.com,2026-07-21 15:45:00+00:00,gdelt:nayaindia.com,"शेयर बाजार में लगातार दूसरे दिन गिरावट , सेंसेक्स 238 अंक और टूटा - Naya India - Hindi News , Latest Hindi News , Breaking News , Hindi Samachar",0.04625934362411499,0.9327231645584106,0.021017516031861305,0.025241827592253685
TCS,gdelt:indiainfoline.com,2026-07-21 16:00:00+00:00,gdelt:indiainfoline.com,"Closing Bell : Nifty Slips to 24 , 187 for Second Straight Day as Crude Nears $90 and Iran Tensions Escalate",0.015771759673953056,0.014453338459134102,0.9697749018669128,-0.9540031421929598
TCS,gdelt:freepressjournal.in,2026-07-21 16:45:00+00:00,gdelt:freepressjournal.in,"Mumbai : BMC To Empanel 29 Technical Consultants For Bridge , Flyover And Tunnel Projects With Penalty Clause",0.7631514668464661,0.12187101691961288,0.11497756838798523,0.6481738984584808
TCS,gdelt:timesofindia.indiatimes.com,2026-07-21 19:30:00+00:00,gdelt:timesofindia.indiatimes.com,"ED arrests key Falcon scam accused , probes $1 . 6 M aircraft deal",0.05980988219380379,0.6827624440193176,0.2574276328086853,-0.19761775061488152
TCS,gdelt:weeklyblitz.net,2026-07-21 21:15:00+00:00,gdelt:weeklyblitz.net,"The L - 1 visa program needs reform - not to restrict immigration , but to protect it",0.2821674346923828,0.7001326680183411,0.017699940130114555,0.26446749456226826
TCS,gdelt:livemint.com,2026-07-22 01:30:00+00:00,gdelt:livemint.com,Indian conglomerate new pitch to foreign investors : Build with us from day one,0.863226592540741,0.12640346586704254,0.010370055213570595,0.8528565373271704
TCS,gdelt:telecom.economictimes.indiatimes.com,2026-07-22 13:45:00+00:00,gdelt:telecom.economictimes.indiatimes.com,"26 % of Manufacturers to Boost Investment in Physical AI , TCS Study Reveals , ETTelecom",0.939961850643158,0.04917021468281746,0.010867972858250141,0.9290938777849078
TCS,gdelt:manilatimes.net,2026-07-22 15:00:00+00:00,gdelt:manilatimes.net,Global Sustainability Awards 2026 finalists revealed,0.2685939371585846,0.7185446619987488,0.012861349619925022,0.2557325875386596
TCS,gdelt:equitybulls.com,2026-07-22 21:15:00+00:00,gdelt:equitybulls.com,TCS study reveals Physical AI is now mainstream as manufacturers scale AI implementation,0.20194435119628906,0.7867744565010071,0.01128118485212326,0.1906631663441658
TCS,gdelt:hindi.business-standard.com,2026-07-22 22:15:00+00:00,gdelt:hindi.business-standard.com,"AI Jobs Hiring : AI स्किल्स को IT कंपनियों में सबसे ज्यादा तवज्जो , कैंपस भर्ती और वेतन रणनीति में बड़ा बदलाव - ai skills prioritized by it companies major shifts in campus hiring and salary strategies",0.10788053274154663,0.8281168341636658,0.0640026181936264,0.04387791454792023
TCS,gdelt:thehindu.com,2026-07-23 03:45:00+00:00,gdelt:thehindu.com,"Physical AI is now mainstream , reveals TCS survey",0.21790893375873566,0.774721622467041,0.007369494065642357,0.2105394396930933
TCS,gdelt:businesstoday.in,2026-07-23 10:00:00+00:00,gdelt:businesstoday.in,"Alphabet Q2 results : Key takeaways for TCS , Infosys , Wipro , HCL Tech and TechM",0.6439398527145386,0.3285519480705261,0.0275082066655159,0.6164316460490227
TCS,gdelt:rediff.com,2026-07-23 11:45:00+00:00,gdelt:rediff.com,"Indian Stock Markets Decline Fourth Day on Surging Crude Oil Prices , West Asia Tensions",0.021474258974194527,0.05079502984881401,0.9277307391166687,-0.9062564801424742
TCS,gdelt:punjabkesari.in,2026-07-23 12:00:00+00:00,gdelt:punjabkesari.in,"कच्चे तेल के दाम में उछाल से शेयर बाजार में चौथे दिन गिरावट , सेंसेक्स 364 अंक टूटा - stock market falls bse drops 363 66 points to close at 76 391",0.013865732587873936,0.03845776990056038,0.9476765394210815,-0.9338108068332076
TCS,gdelt:thehindu.com,2026-07-23 12:15:00+00:00,gdelt:thehindu.com,Stock markets extend losses to fourth day on surging crude oil prices,0.05686898157000542,0.04538331925868988,0.8977477550506592,-0.8408787734806538
TCS,gdelt:indianewengland.com,2026-07-23 16:45:00+00:00,gdelt:indianewengland.com,"Sensex , Nifty Fall for Fourth Straight Session as US - Iran Tensions Lift Oil Prices",0.02224353514611721,0.01569226197898388,0.9620642066001892,-0.939820671454072
TCS,gdelt:ibtimes.co.in,2026-07-23 17:30:00+00:00,gdelt:ibtimes.co.in,"Markets extend losses : Sensex drops 364 points , Nifty below 23 , 900 on oil price concerns",0.009861540980637074,0.01938197948038578,0.9707564115524292,-0.9608948705717921
TCS,gdelt:tribuneindia.com,2026-07-23 21:15:00+00:00,gdelt:tribuneindia.com,Residents seek shifting of TCS iON centre to Amritsar outskirts,0.1845984011888504,0.7931439280509949,0.022257734090089798,0.1623406670987606
TCS,marketaux:thehindubusinessline.com,2026-07-27 12:06:03+00:00,marketaux:thehindubusinessline.com,"Chandigarh University MBA Students Secure 2,605 Job Offers from 300+ Leading MNCs in 2025 & 2026; 196 Students Receive Multiple Offers

From Banking to IT, FinTech & FMCG: Students land in top MNCs with a highest package of ₹20.40 LPA

CHANDIGARH, India , July 27, 2026 /PRNewswire/ -- Chandiga...",0.5738322138786316,0.4145932197570801,0.011574582196772099,0.5622576316818595
TCS,gdelt:moneycontrol.com,2026-07-28 03:30:00+00:00,gdelt:moneycontrol.com,"Trade Spotlight : How should you trade United Breweries , Max Healthcare , ITC , Pidilite Industries , TCS , Colgate Palmolive , and others on July 28 ?",0.03442675992846489,0.9430602788925171,0.0225130096077919,0.011913750320672989
TCS,marketaux:rediff.com,2026-07-28 05:07:41+00:00,marketaux:rediff.com,"Indian benchmark indices Sensex and Nifty saw gains in early trade, driven by a decline in crude oil prices due to easing geopolitical tensions in West Asia and strong buying interest in the IT sector.

Indian stock markets, including the Sensex and Nifty, experienced an upward trend in early trading, buoyed by a significant drop in crude oil prices and robust ...",0.9365614652633667,0.016204461455345154,0.04723414033651352,0.8893273249268532
TCS,gdelt:thehindu.com,2026-07-28 05:15:00+00:00,gdelt:thehindu.com,"Tata Sons to focus on AI , semiconductors , aviation and advanced manufacturing : FY26 Annual Report",0.05636126920580864,0.9256647229194641,0.0179740060120821,0.03838726319372654
TCS,gdelt:thehindu.com,2026-07-28 05:45:00+00:00,gdelt:thehindu.com,Stock markets climb in early deals on lower crude oil prices,0.23069384694099426,0.04567496106028557,0.7236311435699463,-0.492937296628952
TCS,gdelt:freepressjournal.in,2026-07-28 06:15:00+00:00,gdelt:freepressjournal.in,"Sensex Sheds Losses After Declining 130 Points , Nifty Trades Marginally Down Amid Geopolitical Uncertainty",0.03310981020331383,0.01202999148517847,0.954860270023346,-0.9217504598200321
TCS,gdelt:bestmediainfo.com,2026-07-28 08:45:00+00:00,gdelt:bestmediainfo.com,Darwinbox appoints Akshay Murthy as Vice President and India Country Head,0.041577234864234924,0.935112714767456,0.023310014978051186,0.01826721988618374
TCS,gdelt:pradeshtoday.com,2026-07-28 09:30:00+00:00,gdelt:pradeshtoday.com,"भारतीय शेयर बाजार में तेजी की शुरुआत , आईटी सेक्टर में जोरदार उछाल – Pradesh Today",0.08638693392276764,0.879092812538147,0.03452017158269882,0.05186676234006882
TCS,marketaux:rediff.com,2026-07-28 11:26:31+00:00,marketaux:rediff.com,"Indian benchmark indices Sensex and Nifty ended flat on Tuesday, with the Sensex dipping nearly 70 points, as investor sentiment turned cautious ahead of crucial global central bank policy meetings and a significant sell-off in Asian markets.

Indian benchmark indices Sensex and Nifty concluded Tuesday's trading session largely flat, reflecting investor caution ahead of critical global central bank po...",0.008597747422754765,0.01727709360420704,0.9741252064704895,-0.9655274590477347
TCS,gdelt:3blmedia.com,2026-07-28 14:30:00+00:00,gdelt:3blmedia.com,TCS Wins Inaugural Points of Light Award for Volunteer Lead,0.8836863040924072,0.10175532102584839,0.014558418653905392,0.8691278854385018
TCS,gdelt:theindianawaaz.com,2026-07-28 16:15:00+00:00,gdelt:theindianawaaz.com,"Share Bazar July 28 : IT शेयरों की तेजी ने FMCG की कमजोरी को थामा , निफ्टी 24 , 000 के नीचे बंद – The Indian Awaaz",0.0562073290348053,0.9171741008758545,0.02661854773759842,0.02958878129720688
TCS,gdelt:dailymaverick.co.za,2026-07-28 21:00:00+00:00,gdelt:dailymaverick.co.za,"Unlike in India , SA young people misdirect their rage",0.028358012437820435,0.5104873180389404,0.4611547291278839,-0.4327967166900635
TCS,gdelt:rediff.com,2026-08-01 08:00:00+00:00,gdelt:rediff.com,Indian Markets Outperform Global Peers in July,0.8999948501586914,0.023142363876104355,0.07686275243759155,0.8231320977210999
TCS,marketaux:rediff.com,2026-08-03 04:56:58+00:00,marketaux:rediff.com,"Indian stock market benchmark indices, Sensex and Nifty, saw significant gains in early trade, driven by a sharp decline in crude oil prices and easing geopolitical tensions, alongside renewed foreign fund inflows.

Indian stock markets, including the Sensex and Nifty, experienced a robust surge in early trade, propelled by a sharp drop in crude oil prices and a significant...",0.9519218802452087,0.019679391756653786,0.028398802503943443,0.9235230777412653
TCS,marketaux:rediff.com,2026-08-03 12:16:37+00:00,marketaux:rediff.com,"Indian benchmark stock indices, Sensex and Nifty, extended their winning streak to a fourth day, with Nifty surging 1.60 per cent, driven by a sharp decline in crude oil prices and renewed foreign fund inflows.

Indian stock markets extended their winning run for a fourth consecutive day, with the Nifty surging 1.60 per cent, as a sharp decline in crude oil prices and r...",0.9149280190467834,0.022137362509965897,0.06293456256389618,0.8519934564828873
TCS,gdelt:timesofindia.indiatimes.com,2026-08-04 03:45:00+00:00,gdelt:timesofindia.indiatimes.com,Stock Market Today Live Updates : Where are NSE Nifty50 and BSE Sensex headed ?,0.024108149111270905,0.9202847480773926,0.055607061833143234,-0.03149891272187233
TCS,gdelt:moneycontrol.com,2026-08-04 04:00:00+00:00,gdelt:moneycontrol.com,"Trump admin plans H - 1B fee for visa extensions , Indian professionals likely to be hit",0.3137050271034241,0.6130836606025696,0.07321135699748993,0.24049367010593414
TCS,gdelt:tarunbharat.com,2026-08-04 05:15:00+00:00,gdelt:tarunbharat.com,Bullish sentiment in the market ahead of quarterly results .,0.03727858513593674,0.0360526479780674,0.9266687631607056,-0.8893901780247688
TCS,marketaux:rediff.com,2026-08-04 05:25:18+00:00,marketaux:rediff.com,"Indian benchmark stock indices, Sensex and Nifty, experienced mixed trading following the introduction of a new Closing Auction Session (CAS) for shares with futures and options (F&O) contracts, aimed at enhancing price discovery transparency. Track Sensex, Nifty on August 4

Indian stock markets are experiencing mixed trading following the implementation of a new Closing Auction Session for F&O shares, a move designed to bring great...",0.29891547560691833,0.06192823871970177,0.6391562819480896,-0.34024080634117126
TCS,gdelt:dailypioneer.com,2026-08-04 07:00:00+00:00,gdelt:dailypioneer.com,"Sensex Jumps 544 Points , Nifty Soars 1 . 6 % as Falling Crude Lifts Market Sentiment",0.676839292049408,0.041387178003787994,0.2817735970020294,0.39506569504737854
TCS,gdelt:thehindubusinessline.com,2026-08-04 17:45:00+00:00,gdelt:thehindubusinessline.com,LIC investment portfolio shifts decisively away from loans,0.05117233842611313,0.14543184638023376,0.8033957481384277,-0.7522234097123146
TCS,gdelt:economictimes.indiatimes.com,2026-08-05 04:00:00+00:00,gdelt:economictimes.indiatimes.com,Inside LIC Rs 16 lakh crore portfolio : Its biggest stock buys and sells in June quarter,0.13265585899353027,0.8521853089332581,0.015158861875534058,0.11749699711799622
TCS,gdelt:newkerala.com,2026-08-05 05:30:00+00:00,gdelt:newkerala.com,"Sensex , Nifty Up Ahead of RBI Policy Outcome",0.6593763828277588,0.3025940954685211,0.03802955895662308,0.6213468238711357
TCS,gdelt:punjabkesari.in,2026-08-05 05:30:00+00:00,gdelt:punjabkesari.in,कच्चे तेल की कीमतों में गिरावट से घरेलू शेयर बाजार में तेजी - domestic stock markets rally on falling crude oil prices,0.023450806736946106,0.013704882934689522,0.9628443121910095,-0.9393935054540634
TCS,gdelt:prokerala.com,2026-08-05 05:45:00+00:00,gdelt:prokerala.com,Indian equity markets open higher ahead of RBI policy outcome,0.940464437007904,0.03740275651216507,0.022132879123091698,0.9183315578848124
TCS,gdelt:thehindu.com,2026-08-05 06:15:00+00:00,gdelt:thehindu.com,Markets climb in early trade on falling crude oil prices ; RBI monetary policy decision awaited,0.03916475549340248,0.031349774450063705,0.9294854402542114,-0.890320684760809
TCS,gdelt:rediff.com,2026-08-05 12:45:00+00:00,gdelt:rediff.com,"Volatile trading session on RBI big day , Sensex holds steady with 152 - point gain",0.5805764198303223,0.17989403009414673,0.2395295351743698,0.34104688465595245
TCS,gdelt:moneycontrol.com,2026-08-05 17:45:00+00:00,gdelt:moneycontrol.com,"H - 1B visa shock for Indians ? Trump new fee plan could cost IT firms millions , here what it means",0.04599221795797348,0.8761418461799622,0.07786594331264496,-0.03187372535467148
TCS,gdelt:rediff.com,2026-08-05 22:00:00+00:00,gdelt:rediff.com,Air India picks leader who quadrupled Ethiopian Airline revenue,0.6846018433570862,0.29150640964508057,0.02389172650873661,0.6607101168483496
TCS,gdelt:channellife.news,2026-08-07 02:30:00+00:00,gdelt:channellife.news,SlateWorks wins ABBYY hackathon with mortgage auditor,0.7048091888427734,0.2125283032655716,0.08266247808933258,0.6221467107534409
TCS,gdelt:moneycontrol.com,2026-08-07 04:45:00+00:00,gdelt:moneycontrol.com,Tata Chemicals shares rise up to 5 % as RBI retains Tata Sons in the Upper Layer NBFC list : Here why,0.248671755194664,0.7405846118927002,0.010743668302893639,0.23792808689177036
TCS,gdelt:timesofindia.indiatimes.com,2026-08-07 06:00:00+00:00,gdelt:timesofindia.indiatimes.com,TCS Nashik case : AIMIM corporator arrested for sheltering accused female staffer,0.014276918023824692,0.06672239303588867,0.9190006852149963,-0.9047237671911716
TCS,gdelt:newsweek.com,2026-08-07 06:30:00+00:00,gdelt:newsweek.com,H - 1B Visa Renewal Change Could Cost Companies Millions,0.01057501882314682,0.04725222289562225,0.9421727657318115,-0.9315977469086647
TCS,gdelt:theweek.in,2026-08-09 04:00:00+00:00,gdelt:theweek.in,From IT to construction : How AI is reshaping India job market for Gen Z,0.10171380639076233,0.8706498742103577,0.027636293321847916,0.07407751306891441
TCS,marketaux:economictimes.indiatimes.com,2026-08-09 04:51:35+00:00,marketaux:economictimes.indiatimes.com,"In a notable surge, four leading Indian corporations experienced an impressive rise in market valuations, totaling Rs 1.43 lakh crore. The State Bank of India led the charge, boosting its valuation by Rs 63,922 crore. Other notable gainers included Reliance Industries, TCS, and Larsen & Toubro, while LIC, Bajaj Finance, and HDFC Bank suffered significant losses in their valuations.

Live Events



as a Reliable and Trusted News Source Addas a Reliable and Trusted News Source Add Now!

(You can now subscribe to our

(You can now subscribe to...",0.921798586845398,0.06412247568368912,0.014078957960009575,0.9077196288853884
TCS,marketaux:thehindubusinessline.com,2026-08-09 05:01:34+00:00,marketaux:thehindubusinessline.com,"The combined market valuation of four of the top-10 most valued firms jumped ₹1.43 lakh crore last week, with State Bank of India emerging as the biggest gainer.

The combined market valuation of four of the top-10 most valued firms jumped ₹1.43 lakh crore last week, with State Bank of India emerging as the biggest gain...",0.9328908920288086,0.05035405978560448,0.01675497740507126,0.9161359146237373
TCS,gdelt:tribuneindia.com,2026-08-09 06:00:00+00:00,gdelt:tribuneindia.com,Mcap of 4 of top - 10 most valued firms jumps Rs 1 . 43 lakh crore ; SBI biggest winner,0.9133093953132629,0.05983233079314232,0.026858212426304817,0.8864511828869581
TCS,gdelt:hindi.business-standard.com,2026-08-09 06:00:00+00:00,gdelt:hindi.business-standard.com,"MCap : शेयर बाजार में उछाल से चार कंपनियों का मार्केट कैप 1 . 43 लाख करोड़ बढ़ा , SBI रहा टॉप गैनर - sbi leads market cap gains among india s top companies",0.8957376480102539,0.08888082206249237,0.015381541103124619,0.8803561069071293
TCS,gdelt:livehindustan.com,2026-08-09 07:15:00+00:00,gdelt:livehindustan.com,"टॉप - 10 कंपनियों में बड़ा उलटफेर ! SBI समेत 4 को फायदा , इन 6 कंपनियों के ₹1 . 23 लाख करोड़ स्वाहा",0.0761549100279808,0.9010103344917297,0.022834813222289085,0.05332009680569172
TCS,gdelt:prokerala.com,2026-08-09 07:45:00+00:00,gdelt:prokerala.com,4 top - valued firms add Rs 1 . 43 lakh crore in market cap last week,0.8028077483177185,0.16116267442703247,0.03602958843111992,0.7667781598865986
TCS,gdelt:moneycontrol.com,2026-08-09 08:00:00+00:00,gdelt:moneycontrol.com,Mcap of four of top - 10 valued firms jumps Rs 1 . 43 lakh cr ; SBI biggest gainer,0.9161283373832703,0.04210323467850685,0.041768431663513184,0.8743599057197571
TCS,gdelt:economictimes.indiatimes.com,2026-08-09 08:45:00+00:00,gdelt:economictimes.indiatimes.com,"Q1 Results Tracker : Tata Motors , Vodafone Idea among 2 , 045 companies set to announce earnings this week",0.09461597353219986,0.882939875125885,0.022444164380431175,0.07217180915176868
TCS,gdelt:newkerala.com,2026-08-09 09:45:00+00:00,gdelt:newkerala.com,"Top Firms Add Rs 1 . 43 Lakh Crore ; SBI Leads , LIC Falls",0.9115942716598511,0.042589787393808365,0.04581597447395325,0.8657782971858978
TCS,gdelt:timesofindia.indiatimes.com,2026-08-09 10:00:00+00:00,gdelt:timesofindia.indiatimes.com,Market recap : Four of top 10 firms add Rs 1 . 43 lakh crore ; SBI bags biggest gains,0.9168612957000732,0.06068393960595131,0.02245466224849224,0.894406633451581
TCS,gdelt:hindi.business-standard.com,2026-08-09 11:00:00+00:00,gdelt:hindi.business-standard.com,"MCap : शेयर बाजार में उछाल से चार कंपनियों का मार्केट कैप 1 . 43 लाख करोड़ बढ़ा , SBI रहा टॉप गेनर - sbi leads market cap gains among india s top companies",0.8957376480102539,0.08888082206249237,0.015381541103124619,0.8803561069071293
TCS,gdelt:tarunmitra.in,2026-08-09 17:15:00+00:00,gdelt:tarunmitra.in,"मार्केट कैप में बड़ा उलटफेर , SBI और रिलायंस को हुआ फायदा",0.07706703245639801,0.9048473238945007,0.018085643649101257,0.05898138880729675
TCS,marketaux:rediff.com,2026-08-10 11:51:16+00:00,marketaux:rediff.com,"Indian benchmark indices closed marginally higher, with the Sensex gaining over 43 points and the Nifty remaining flat, as a spike in crude oil prices due to geopolitical uncertainties tempered risk appetite.

Indian stock markets saw marginal gains today, with the Sensex climbing over 43 points and the Nifty remaining flat, as a significant spike in crude oil prices,...",0.899178147315979,0.020450536161661148,0.08037139475345612,0.8188067525625229
