asset,date,interest
HDFCBANK,2024-01-01,37
HDFCBANK,2024-01-02,41
HDFCBANK,2024-01-03,39
HDFCBANK,2024-01-04,36
HDFCBANK,2024-01-05,42
HDFCBANK,2024-01-06,36
HDFCBANK,2024-01-07,19
HDFCBANK,2024-01-08,39
HDFCBANK,2024-01-09,39
HDFCBANK,2024-01-10,37
HDFCBANK,2024-01-11,36
HDFCBANK,2024-01-12,36
HDFCBANK,2024-01-13,22
HDFCBANK,2024-01-14,16
HDFCBANK,2024-01-15,40
HDFCBANK,2024-01-16,67
HDFCBANK,2024-01-17,99
HDFCBANK,2024-01-18,100
HDFCBANK,2024-01-19,78
HDFCBANK,2024-01-20,57
HDFCBANK,2024-01-21,22
HDFCBANK,2024-01-22,34
HDFCBANK,2024-01-23,72
HDFCBANK,2024-01-24,64
HDFCBANK,2024-01-25,54
HDFCBANK,2024-01-26,28
HDFCBANK,2024-01-27,28
HDFCBANK,2024-01-28,19
HDFCBANK,2024-01-29,58
HDFCBANK,2024-01-30,53
HDFCBANK,2024-01-31,54
HDFCBANK,2024-02-01,50
HDFCBANK,2024-02-02,52
HDFCBANK,2024-02-03,36
HDFCBANK,2024-02-04,21
HDFCBANK,2024-02-05,50
HDFCBANK,2024-02-06,51
HDFCBANK,2024-02-07,55
HDFCBANK,2024-02-08,54
HDFCBANK,2024-02-09,49
HDFCBANK,2024-02-10,27
HDFCBANK,2024-02-11,19
HDFCBANK,2024-02-12,49
HDFCBANK,2024-02-13,48
HDFCBANK,2024-02-14,51
HDFCBANK,2024-02-15,48
HDFCBANK,2024-02-16,47
HDFCBANK,2024-02-17,30
HDFCBANK,2024-02-18,18
HDFCBANK,2024-02-19,49
HDFCBANK,2024-02-20,51
HDFCBANK,2024-02-21,48
HDFCBANK,2024-02-22,44
HDFCBANK,2024-02-23,43
HDFCBANK,2024-02-24,23
HDFCBANK,2024-02-25,17
HDFCBANK,2024-02-26,43
HDFCBANK,2024-02-27,44
HDFCBANK,2024-02-28,44
HDFCBANK,2024-02-29,44
HDFCBANK,2024-03-01,47
HDFCBANK,2024-03-02,38
HDFCBANK,2024-03-03,20
HDFCBANK,2024-03-04,47
HDFCBANK,2024-03-05,42
HDFCBANK,2024-03-06,45
HDFCBANK,2024-03-07,42
HDFCBANK,2024-03-08,27
HDFCBANK,2024-03-09,22
HDFCBANK,2024-03-10,18
HDFCBANK,2024-03-11,45
HDFCBANK,2024-03-12,44
HDFCBANK,2024-03-13,48
HDFCBANK,2024-03-14,45
HDFCBANK,2024-03-15,43
HDFCBANK,2024-03-16,30
HDFCBANK,2024-03-17,17
HDFCBANK,2024-03-18,43
HDFCBANK,2024-03-19,42
HDFCBANK,2024-03-20,43
HDFCBANK,2024-03-21,40
HDFCBANK,2024-03-22,36
HDFCBANK,2024-03-23,21
HDFCBANK,2024-03-24,20
HDFCBANK,2024-03-25,22
HDFCBANK,2024-03-26,42
HDFCBANK,2024-03-27,36
HDFCBANK,2024-03-28,44
HDFCBANK,2024-03-29,31
HDFCBANK,2024-03-30,39
HDFCBANK,2024-03-31,24
HDFCBANK,2024-04-01,49
HDFCBANK,2024-04-02,51
HDFCBANK,2024-04-03,46
HDFCBANK,2024-04-04,53
HDFCBANK,2024-04-05,53
HDFCBANK,2024-04-06,34
HDFCBANK,2024-04-07,20
HDFCBANK,2024-04-08,46
HDFCBANK,2024-04-09,40
HDFCBANK,2024-04-10,46
HDFCBANK,2024-04-11,26
HDFCBANK,2024-04-12,43
HDFCBANK,2024-04-13,23
HDFCBANK,2024-04-14,17
HDFCBANK,2024-04-15,46
HDFCBANK,2024-04-16,41
HDFCBANK,2024-04-17,28
HDFCBANK,2024-04-18,40
HDFCBANK,2024-04-19,39
HDFCBANK,2024-04-20,38
HDFCBANK,2024-04-21,24
HDFCBANK,2024-04-22,51
HDFCBANK,2024-04-23,48
HDFCBANK,2024-04-24,41
HDFCBANK,2024-04-25,38
HDFCBANK,2024-04-26,34
HDFCBANK,2024-04-27,22
HDFCBANK,2024-04-28,24
HDFCBANK,2024-04-29,52
HDFCBANK,2024-04-30,48
HDFCBANK,2024-05-01,31
HDFCBANK,2024-05-02,42
HDFCBANK,2024-05-03,41
HDFCBANK,2024-05-04,34
HDFCBANK,2024-05-05,19
HDFCBANK,2024-05-06,41
HDFCBANK,2024-05-07,38
HDFCBANK,2024-05-08,41
HDFCBANK,2024-05-09,41
HDFCBANK,2024-05-10,41
HDFCBANK,2024-05-11,22
HDFCBANK,2024-05-12,16
HDFCBANK,2024-05-13,37
HDFCBANK,2024-05-14,39
HDFCBANK,2024-05-15,37
HDFCBANK,2024-05-16,38
HDFCBANK,2024-05-17,37
HDFCBANK,2024-05-18,26
HDFCBANK,2024-05-19,16
HDFCBANK,2024-05-20,31
HDFCBANK,2024-05-21,36
HDFCBANK,2024-05-22,34
HDFCBANK,2024-05-23,33
HDFCBANK,2024-05-24,39
HDFCBANK,2024-05-25,22
HDFCBANK,2024-05-26,15
HDFCBANK,2024-05-27,41
HDFCBANK,2024-05-28,37
HDFCBANK,2024-05-29,37
HDFCBANK,2024-05-30,37
HDFCBANK,2024-05-31,40
HDFCBANK,2024-06-01,31
HDFCBANK,2024-06-02,20
HDFCBANK,2024-06-03,48
HDFCBANK,2024-06-04,30
HDFCBANK,2024-06-05,39
HDFCBANK,2024-06-06,39
HDFCBANK,2024-06-07,41
HDFCBANK,2024-06-08,22
HDFCBANK,2024-06-09,16
HDFCBANK,2024-06-10,40
HDFCBANK,2024-06-11,40
HDFCBANK,2024-06-12,39
HDFCBANK,2024-06-13,37
HDFCBANK,2024-06-14,37
HDFCBANK,2024-06-15,28
HDFCBANK,2024-06-16,16
HDFCBANK,2024-06-17,24
HDFCBANK,2024-06-18,41
HDFCBANK,2024-06-19,43
HDFCBANK,2024-06-20,40
HDFCBANK,2024-06-21,39
HDFCBANK,2024-06-22,23
HDFCBANK,2024-06-23,16
HDFCBANK,2024-06-24,37
HDFCBANK,2024-06-25,41
HDFCBANK,2024-06-26,39
HDFCBANK,2024-06-27,35
HDFCBANK,2024-06-28,38
HDFCBANK,2024-06-29,26
HDFCBANK,2024-06-30,19
HDFCBANK,2024-07-01,79
HDFCBANK,2024-07-02,80
HDFCBANK,2024-07-03,94
HDFCBANK,2024-07-04,88
HDFCBANK,2024-07-05,100
HDFCBANK,2024-07-06,66
HDFCBANK,2024-07-07,38
HDFCBANK,2024-07-08,86
HDFCBANK,2024-07-09,80
HDFCBANK,2024-07-10,70
HDFCBANK,2024-07-11,74
HDFCBANK,2024-07-12,69
HDFCBANK,2024-07-13,45
HDFCBANK,2024-07-14,33
HDFCBANK,2024-07-15,75
HDFCBANK,2024-07-16,72
HDFCBANK,2024-07-17,49
HDFCBANK,2024-07-18,66
HDFCBANK,2024-07-19,69
HDFCBANK,2024-07-20,65
HDFCBANK,2024-07-21,37
HDFCBANK,2024-07-22,77
HDFCBANK,2024-07-23,71
HDFCBANK,2024-07-24,69
HDFCBANK,2024-07-25,67
HDFCBANK,2024-07-26,69
HDFCBANK,2024-07-27,41
HDFCBANK,2024-07-28,30
HDFCBANK,2024-07-29,73
HDFCBANK,2024-07-30,68
HDFCBANK,2024-07-31,75
HDFCBANK,2024-08-01,74
HDFCBANK,2024-08-02,68
HDFCBANK,2024-08-03,59
HDFCBANK,2024-08-04,32
HDFCBANK,2024-08-05,81
HDFCBANK,2024-08-06,69
HDFCBANK,2024-08-07,64
HDFCBANK,2024-08-08,64
HDFCBANK,2024-08-09,70
HDFCBANK,2024-08-10,44
HDFCBANK,2024-08-11,34
HDFCBANK,2024-08-12,73
HDFCBANK,2024-08-13,79
HDFCBANK,2024-08-14,73
HDFCBANK,2024-08-15,35
HDFCBANK,2024-08-16,70
HDFCBANK,2024-08-17,53
HDFCBANK,2024-08-18,32
HDFCBANK,2024-08-19,53
HDFCBANK,2024-08-20,68
HDFCBANK,2024-08-21,67
HDFCBANK,2024-08-22,63
HDFCBANK,2024-08-23,64
HDFCBANK,2024-08-24,40
HDFCBANK,2024-08-25,30
HDFCBANK,2024-08-26,56
HDFCBANK,2024-08-27,67
HDFCBANK,2024-08-28,67
HDFCBANK,2024-08-29,66
HDFCBANK,2024-08-30,73
HDFCBANK,2024-08-31,63
HDFCBANK,2024-09-01,36
HDFCBANK,2024-09-02,77
HDFCBANK,2024-09-03,72
HDFCBANK,2024-09-04,72
HDFCBANK,2024-09-05,69
HDFCBANK,2024-09-06,67
HDFCBANK,2024-09-07,46
HDFCBANK,2024-09-08,34
HDFCBANK,2024-09-09,75
HDFCBANK,2024-09-10,75
HDFCBANK,2024-09-11,68
HDFCBANK,2024-09-12,66
HDFCBANK,2024-09-13,64
HDFCBANK,2024-09-14,42
HDFCBANK,2024-09-15,31
HDFCBANK,2024-09-16,62
HDFCBANK,2024-09-17,61
HDFCBANK,2024-09-18,63
HDFCBANK,2024-09-19,66
HDFCBANK,2024-09-20,67
HDFCBANK,2024-09-21,53
HDFCBANK,2024-09-22,30
HDFCBANK,2024-09-23,70
HDFCBANK,2024-09-24,70
HDFCBANK,2024-09-25,70
HDFCBANK,2024-09-26,68
HDFCBANK,2024-09-27,64
HDFCBANK,2024-09-28,40
HDFCBANK,2024-09-29,33
HDFCBANK,2024-09-30,77
HDFCBANK,2024-10-01,75
HDFCBANK,2024-10-02,43
HDFCBANK,2024-10-03,72
HDFCBANK,2024-10-04,74
HDFCBANK,2024-10-05,60
HDFCBANK,2024-10-06,34
HDFCBANK,2024-10-07,82
HDFCBANK,2024-10-08,65
HDFCBANK,2024-10-09,71
HDFCBANK,2024-10-10,66
HDFCBANK,2024-10-11,49
HDFCBANK,2024-10-12,31
HDFCBANK,2024-10-13,29
HDFCBANK,2024-10-14,65
HDFCBANK,2024-10-15,62
HDFCBANK,2024-10-16,62
HDFCBANK,2024-10-17,57
HDFCBANK,2024-10-18,60
HDFCBANK,2024-10-19,52
HDFCBANK,2024-10-20,32
HDFCBANK,2024-10-21,73
HDFCBANK,2024-10-22,67
HDFCBANK,2024-10-23,66
HDFCBANK,2024-10-24,58
HDFCBANK,2024-10-25,60
HDFCBANK,2024-10-26,38
HDFCBANK,2024-10-27,29
HDFCBANK,2024-10-28,68
HDFCBANK,2024-10-29,66
HDFCBANK,2024-10-30,65
HDFCBANK,2024-10-31,44
HDFCBANK,2024-11-01,45
HDFCBANK,2024-11-02,42
HDFCBANK,2024-11-03,31
HDFCBANK,2024-11-04,72
HDFCBANK,2024-11-05,65
HDFCBANK,2024-11-06,63
HDFCBANK,2024-11-07,61
HDFCBANK,2024-11-08,55
HDFCBANK,2024-11-09,38
HDFCBANK,2024-11-10,27
HDFCBANK,2024-11-11,63
HDFCBANK,2024-11-12,62
HDFCBANK,2024-11-13,58
HDFCBANK,2024-11-14,56
HDFCBANK,2024-11-15,44
HDFCBANK,2024-11-16,47
HDFCBANK,2024-11-17,28
HDFCBANK,2024-11-18,57
HDFCBANK,2024-11-19,62
HDFCBANK,2024-11-20,47
HDFCBANK,2024-11-21,53
HDFCBANK,2024-11-22,50
HDFCBANK,2024-11-23,32
HDFCBANK,2024-11-24,22
HDFCBANK,2024-11-25,57
HDFCBANK,2024-11-26,55
HDFCBANK,2024-11-27,54
HDFCBANK,2024-11-28,60
HDFCBANK,2024-11-29,58
HDFCBANK,2024-11-30,48
HDFCBANK,2024-12-01,32
HDFCBANK,2024-12-02,69
HDFCBANK,2024-12-03,61
HDFCBANK,2024-12-04,61
HDFCBANK,2024-12-05,62
HDFCBANK,2024-12-06,53
HDFCBANK,2024-12-07,45
HDFCBANK,2024-12-08,28
HDFCBANK,2024-12-09,64
HDFCBANK,2024-12-10,59
HDFCBANK,2024-12-11,60
HDFCBANK,2024-12-12,59
HDFCBANK,2024-12-13,55
HDFCBANK,2024-12-14,38
HDFCBANK,2024-12-15,25
HDFCBANK,2024-12-16,63
HDFCBANK,2024-12-17,55
HDFCBANK,2024-12-18,53
HDFCBANK,2024-12-19,59
HDFCBANK,2024-12-20,57
HDFCBANK,2024-12-21,47
HDFCBANK,2024-12-22,27
HDFCBANK,2024-12-23,63
HDFCBANK,2024-12-24,55
HDFCBANK,2024-12-25,36
HDFCBANK,2024-12-26,55
HDFCBANK,2024-12-27,49
HDFCBANK,2024-12-28,37
HDFCBANK,2024-12-29,26
HDFCBANK,2024-12-30,58
HDFCBANK,2024-12-31,61
HDFCBANK,2025-01-01,59
HDFCBANK,2025-01-02,74
HDFCBANK,2025-01-03,67
HDFCBANK,2025-01-04,56
HDFCBANK,2025-01-05,37
HDFCBANK,2025-01-06,74
HDFCBANK,2025-01-07,67
HDFCBANK,2025-01-08,68
HDFCBANK,2025-01-09,64
HDFCBANK,2025-01-10,65
HDFCBANK,2025-01-11,43
HDFCBANK,2025-01-12,31
HDFCBANK,2025-01-13,70
HDFCBANK,2025-01-14,55
HDFCBANK,2025-01-15,59
HDFCBANK,2025-01-16,56
HDFCBANK,2025-01-17,60
HDFCBANK,2025-01-18,51
HDFCBANK,2025-01-19,30
HDFCBANK,2025-01-20,66
HDFCBANK,2025-01-21,63
HDFCBANK,2025-01-22,88
HDFCBANK,2025-01-23,63
HDFCBANK,2025-01-24,59
HDFCBANK,2025-01-25,41
HDFCBANK,2025-01-26,29
HDFCBANK,2025-01-27,61
HDFCBANK,2025-01-28,68
HDFCBANK,2025-01-29,57
HDFCBANK,2025-01-30,59
HDFCBANK,2025-01-31,61
HDFCBANK,2025-02-01,63
HDFCBANK,2025-02-02,34
HDFCBANK,2025-02-03,70
HDFCBANK,2025-02-04,61
HDFCBANK,2025-02-05,65
HDFCBANK,2025-02-06,58
HDFCBANK,2025-02-07,65
HDFCBANK,2025-02-08,43
HDFCBANK,2025-02-09,28
HDFCBANK,2025-02-10,61
HDFCBANK,2025-02-11,61
HDFCBANK,2025-02-12,51
HDFCBANK,2025-02-13,58
HDFCBANK,2025-02-14,57
HDFCBANK,2025-02-15,54
HDFCBANK,2025-02-16,29
HDFCBANK,2025-02-17,61
HDFCBANK,2025-02-18,61
HDFCBANK,2025-02-19,52
HDFCBANK,2025-02-20,54
HDFCBANK,2025-02-21,50
HDFCBANK,2025-02-22,40
HDFCBANK,2025-02-23,23
HDFCBANK,2025-02-24,58
HDFCBANK,2025-02-25,59
HDFCBANK,2025-02-26,43
HDFCBANK,2025-02-27,56
HDFCBANK,2025-02-28,61
HDFCBANK,2025-03-01,54
HDFCBANK,2025-03-02,30
HDFCBANK,2025-03-03,72
HDFCBANK,2025-03-04,55
HDFCBANK,2025-03-05,60
HDFCBANK,2025-03-06,62
HDFCBANK,2025-03-07,61
HDFCBANK,2025-03-08,44
HDFCBANK,2025-03-09,24
HDFCBANK,2025-03-10,67
HDFCBANK,2025-03-11,63
HDFCBANK,2025-03-12,60
HDFCBANK,2025-03-13,58
HDFCBANK,2025-03-14,35
HDFCBANK,2025-03-15,50
HDFCBANK,2025-03-16,28
HDFCBANK,2025-03-17,61
HDFCBANK,2025-03-18,60
HDFCBANK,2025-03-19,57
HDFCBANK,2025-03-20,59
HDFCBANK,2025-03-21,56
HDFCBANK,2025-03-22,38
HDFCBANK,2025-03-23,23
HDFCBANK,2025-03-24,58
HDFCBANK,2025-03-25,60
HDFCBANK,2025-03-26,60
HDFCBANK,2025-03-27,64
HDFCBANK,2025-03-28,58
HDFCBANK,2025-03-29,48
HDFCBANK,2025-03-30,28
HDFCBANK,2025-03-31,53
HDFCBANK,2025-04-01,60
HDFCBANK,2025-04-02,68
HDFCBANK,2025-04-03,66
HDFCBANK,2025-04-04,64
HDFCBANK,2025-04-05,48
HDFCBANK,2025-04-06,31
HDFCBANK,2025-04-07,69
HDFCBANK,2025-04-08,57
HDFCBANK,2025-04-09,56
HDFCBANK,2025-04-10,45
HDFCBANK,2025-04-11,55
HDFCBANK,2025-04-12,38
HDFCBANK,2025-04-13,25
HDFCBANK,2025-04-14,45
HDFCBANK,2025-04-15,61
HDFCBANK,2025-04-16,58
HDFCBANK,2025-04-17,63
HDFCBANK,2025-04-18,42
HDFCBANK,2025-04-19,62
HDFCBANK,2025-04-20,29
HDFCBANK,2025-04-21,72
HDFCBANK,2025-04-22,61
HDFCBANK,2025-04-23,58
HDFCBANK,2025-04-24,50
HDFCBANK,2025-04-25,52
HDFCBANK,2025-04-26,38
HDFCBANK,2025-04-27,24
HDFCBANK,2025-04-28,60
HDFCBANK,2025-04-29,59
HDFCBANK,2025-04-30,60
HDFCBANK,2025-05-01,46
HDFCBANK,2025-05-02,61
HDFCBANK,2025-05-03,48
HDFCBANK,2025-05-04,27
HDFCBANK,2025-05-05,59
HDFCBANK,2025-05-06,59
HDFCBANK,2025-05-07,52
HDFCBANK,2025-05-08,54
HDFCBANK,2025-05-09,55
HDFCBANK,2025-05-10,38
HDFCBANK,2025-05-11,27
HDFCBANK,2025-05-12,55
HDFCBANK,2025-05-13,59
HDFCBANK,2025-05-14,57
HDFCBANK,2025-05-15,54
HDFCBANK,2025-05-16,56
HDFCBANK,2025-05-17,49
HDFCBANK,2025-05-18,25
HDFCBANK,2025-05-19,59
HDFCBANK,2025-05-20,55
HDFCBANK,2025-05-21,54
HDFCBANK,2025-05-22,53
HDFCBANK,2025-05-23,55
HDFCBANK,2025-05-24,37
HDFCBANK,2025-05-25,26
HDFCBANK,2025-05-26,58
HDFCBANK,2025-05-27,55
HDFCBANK,2025-05-28,51
HDFCBANK,2025-05-29,54
HDFCBANK,2025-05-30,56
HDFCBANK,2025-05-31,54
HDFCBANK,2025-06-01,33
HDFCBANK,2025-06-02,67
HDFCBANK,2025-06-03,55
HDFCBANK,2025-06-04,58
HDFCBANK,2025-06-05,64
HDFCBANK,2025-06-06,68
HDFCBANK,2025-06-07,46
HDFCBANK,2025-06-08,47
HDFCBANK,2025-06-09,100
HDFCBANK,2025-06-10,71
HDFCBANK,2025-06-11,65
HDFCBANK,2025-06-12,58
HDFCBANK,2025-06-13,56
HDFCBANK,2025-06-14,40
HDFCBANK,2025-06-15,28
HDFCBANK,2025-06-16,61
HDFCBANK,2025-06-17,59
HDFCBANK,2025-06-18,56
HDFCBANK,2025-06-19,56
HDFCBANK,2025-06-20,56
HDFCBANK,2025-06-21,46
HDFCBANK,2025-06-22,28
HDFCBANK,2025-06-23,55
HDFCBANK,2025-06-24,54
HDFCBANK,2025-06-25,58
HDFCBANK,2025-06-26,66
HDFCBANK,2025-06-27,56
HDFCBANK,2025-06-28,42
HDFCBANK,2025-06-29,30
HDFCBANK,2025-06-30,70
HDFCBANK,2025-07-01,75
HDFCBANK,2025-07-02,67
HDFCBANK,2025-07-03,64
HDFCBANK,2025-07-04,60
HDFCBANK,2025-07-05,51
HDFCBANK,2025-07-06,31
HDFCBANK,2025-07-07,66
HDFCBANK,2025-07-08,62
HDFCBANK,2025-07-09,61
HDFCBANK,2025-07-10,56
HDFCBANK,2025-07-11,59
HDFCBANK,2025-07-12,39
HDFCBANK,2025-07-13,27
HDFCBANK,2025-07-14,62
HDFCBANK,2025-07-15,69
HDFCBANK,2025-07-16,79
HDFCBANK,2025-07-17,67
HDFCBANK,2025-07-18,65
HDFCBANK,2025-07-19,84
HDFCBANK,2025-07-20,52
HDFCBANK,2025-07-21,87
HDFCBANK,2025-07-22,68
HDFCBANK,2025-07-23,63
HDFCBANK,2025-07-24,58
HDFCBANK,2025-07-25,62
HDFCBANK,2025-07-26,39
HDFCBANK,2025-07-27,27
HDFCBANK,2025-07-28,67
HDFCBANK,2025-07-29,63
HDFCBANK,2025-07-30,62
HDFCBANK,2025-07-31,60
HDFCBANK,2025-08-01,70
HDFCBANK,2025-08-02,51
HDFCBANK,2025-08-03,32
HDFCBANK,2025-08-04,70
HDFCBANK,2025-08-05,69
HDFCBANK,2025-08-06,68
HDFCBANK,2025-08-07,74
HDFCBANK,2025-08-08,61
HDFCBANK,2025-08-09,39
HDFCBANK,2025-08-10,32
HDFCBANK,2025-08-11,73
HDFCBANK,2025-08-12,64
HDFCBANK,2025-08-13,65
HDFCBANK,2025-08-14,62
HDFCBANK,2025-08-15,33
HDFCBANK,2025-08-16,43
HDFCBANK,2025-08-17,30
HDFCBANK,2025-08-18,68
HDFCBANK,2025-08-19,62
HDFCBANK,2025-08-20,64
HDFCBANK,2025-08-21,67
HDFCBANK,2025-08-22,62
HDFCBANK,2025-08-23,46
HDFCBANK,2025-08-24,30
HDFCBANK,2025-08-25,71
HDFCBANK,2025-08-26,100
HDFCBANK,2025-08-27,56
HDFCBANK,2025-08-28,77
HDFCBANK,2025-08-29,75
HDFCBANK,2025-08-30,62
HDFCBANK,2025-08-31,38
HDFCBANK,2025-09-01,81
HDFCBANK,2025-09-02,74
HDFCBANK,2025-09-03,69
HDFCBANK,2025-09-04,70
HDFCBANK,2025-09-05,58
HDFCBANK,2025-09-06,55
HDFCBANK,2025-09-07,33
HDFCBANK,2025-09-08,68
HDFCBANK,2025-09-09,65
HDFCBANK,2025-09-10,62
HDFCBANK,2025-09-11,62
HDFCBANK,2025-09-12,65
HDFCBANK,2025-09-13,42
HDFCBANK,2025-09-14,33
HDFCBANK,2025-09-15,70
HDFCBANK,2025-09-16,64
HDFCBANK,2025-09-17,56
HDFCBANK,2025-09-18,58
HDFCBANK,2025-09-19,60
HDFCBANK,2025-09-20,52
HDFCBANK,2025-09-21,28
HDFCBANK,2025-09-22,61
HDFCBANK,2025-09-23,55
HDFCBANK,2025-09-24,57
HDFCBANK,2025-09-25,56
HDFCBANK,2025-09-26,54
HDFCBANK,2025-09-27,42
HDFCBANK,2025-09-28,28
HDFCBANK,2025-09-29,65
HDFCBANK,2025-09-30,68
HDFCBANK,2025-10-01,60
HDFCBANK,2025-10-02,37
HDFCBANK,2025-10-03,69
HDFCBANK,2025-10-04,54
HDFCBANK,2025-10-05,34
HDFCBANK,2025-10-06,71
HDFCBANK,2025-10-07,68
HDFCBANK,2025-10-08,66
HDFCBANK,2025-10-09,66
HDFCBANK,2025-10-10,63
HDFCBANK,2025-10-11,45
HDFCBANK,2025-10-12,29
HDFCBANK,2025-10-13,63
HDFCBANK,2025-10-14,64
HDFCBANK,2025-10-15,61
HDFCBANK,2025-10-16,67
HDFCBANK,2025-10-17,72
HDFCBANK,2025-10-18,58
HDFCBANK,2025-10-19,32
HDFCBANK,2025-10-20,49
HDFCBANK,2025-10-21,48
HDFCBANK,2025-10-22,48
HDFCBANK,2025-10-23,51
HDFCBANK,2025-10-24,60
HDFCBANK,2025-10-25,44
HDFCBANK,2025-10-26,29
HDFCBANK,2025-10-27,59
HDFCBANK,2025-10-28,53
HDFCBANK,2025-10-29,54
HDFCBANK,2025-10-30,62
HDFCBANK,2025-10-31,66
HDFCBANK,2025-11-01,57
HDFCBANK,2025-11-02,33
HDFCBANK,2025-11-03,72
HDFCBANK,2025-11-04,65
HDFCBANK,2025-11-05,50
HDFCBANK,2025-11-06,66
HDFCBANK,2025-11-07,69
HDFCBANK,2025-11-08,44
HDFCBANK,2025-11-09,30
HDFCBANK,2025-11-10,68
HDFCBANK,2025-11-11,64
HDFCBANK,2025-11-12,62
HDFCBANK,2025-11-13,63
HDFCBANK,2025-11-14,54
HDFCBANK,2025-11-15,52
HDFCBANK,2025-11-16,30
HDFCBANK,2025-11-17,63
HDFCBANK,2025-11-18,60
HDFCBANK,2025-11-19,58
HDFCBANK,2025-11-20,62
HDFCBANK,2025-11-21,65
HDFCBANK,2025-11-22,42
HDFCBANK,2025-11-23,27
HDFCBANK,2025-11-24,59
HDFCBANK,2025-11-25,56
HDFCBANK,2025-11-26,58
HDFCBANK,2025-11-27,61
HDFCBANK,2025-11-28,62
HDFCBANK,2025-11-29,55
HDFCBANK,2025-11-30,29
HDFCBANK,2025-12-01,69
HDFCBANK,2025-12-02,65
HDFCBANK,2025-12-03,59
HDFCBANK,2025-12-04,61
HDFCBANK,2025-12-05,63
HDFCBANK,2025-12-06,49
HDFCBANK,2025-12-07,31
HDFCBANK,2025-12-08,67
HDFCBANK,2025-12-09,61
HDFCBANK,2025-12-10,64
HDFCBANK,2025-12-11,55
HDFCBANK,2025-12-12,60
HDFCBANK,2025-12-13,43
HDFCBANK,2025-12-14,29
HDFCBANK,2025-12-15,73
HDFCBANK,2025-12-16,63
HDFCBANK,2025-12-17,53
HDFCBANK,2025-12-18,57
HDFCBANK,2025-12-19,55
HDFCBANK,2025-12-20,50
HDFCBANK,2025-12-21,30
HDFCBANK,2025-12-22,65
HDFCBANK,2025-12-23,57
HDFCBANK,2025-12-24,56
HDFCBANK,2025-12-25,37
HDFCBANK,2025-12-26,55
HDFCBANK,2025-12-27,39
HDFCBANK,2025-12-28,27
HDFCBANK,2025-12-29,59
HDFCBANK,2025-12-30,61
HDFCBANK,2025-12-31,60
HDFCBANK,2026-01-01,49
HDFCBANK,2026-01-02,56
HDFCBANK,2026-01-03,45
HDFCBANK,2026-01-04,32
HDFCBANK,2026-01-05,67
HDFCBANK,2026-01-06,56
HDFCBANK,2026-01-07,63
HDFCBANK,2026-01-08,54
HDFCBANK,2026-01-09,53
HDFCBANK,2026-01-10,36
HDFCBANK,2026-01-11,23
HDFCBANK,2026-01-12,57
HDFCBANK,2026-01-13,51
HDFCBANK,2026-01-14,43
HDFCBANK,2026-01-15,36
HDFCBANK,2026-01-16,50
HDFCBANK,2026-01-17,51
HDFCBANK,2026-01-18,28
HDFCBANK,2026-01-19,57
HDFCBANK,2026-01-20,53
HDFCBANK,2026-01-21,51
HDFCBANK,2026-01-22,51
HDFCBANK,2026-01-23,41
HDFCBANK,2026-01-24,36
HDFCBANK,2026-01-25,21
HDFCBANK,2026-01-26,27
HDFCBANK,2026-01-27,55
HDFCBANK,2026-01-28,46
HDFCBANK,2026-01-29,48
HDFCBANK,2026-01-30,50
HDFCBANK,2026-01-31,44
HDFCBANK,2026-02-01,31
HDFCBANK,2026-02-02,55
HDFCBANK,2026-02-03,55
HDFCBANK,2026-02-04,48
HDFCBANK,2026-02-05,48
HDFCBANK,2026-02-06,47
HDFCBANK,2026-02-07,41
HDFCBANK,2026-02-08,24
HDFCBANK,2026-02-09,50
HDFCBANK,2026-02-10,49
HDFCBANK,2026-02-11,46
HDFCBANK,2026-02-12,46
HDFCBANK,2026-02-13,46
HDFCBANK,2026-02-14,36
HDFCBANK,2026-02-15,22
HDFCBANK,2026-02-16,46
HDFCBANK,2026-02-17,45
HDFCBANK,2026-02-18,40
HDFCBANK,2026-02-19,42
HDFCBANK,2026-02-20,49
HDFCBANK,2026-02-21,41
HDFCBANK,2026-02-22,22
HDFCBANK,2026-02-23,48
HDFCBANK,2026-02-24,45
HDFCBANK,2026-02-25,49
HDFCBANK,2026-02-26,49
HDFCBANK,2026-02-27,52
HDFCBANK,2026-02-28,38
HDFCBANK,2026-03-01,25
HDFCBANK,2026-03-02,64
HDFCBANK,2026-03-03,40
HDFCBANK,2026-03-04,49
HDFCBANK,2026-03-05,47
HDFCBANK,2026-03-06,53
HDFCBANK,2026-03-07,46
HDFCBANK,2026-03-08,21
HDFCBANK,2026-03-09,58
HDFCBANK,2026-03-10,55
HDFCBANK,2026-03-11,51
HDFCBANK,2026-03-12,50
HDFCBANK,2026-03-13,48
HDFCBANK,2026-03-14,34
HDFCBANK,2026-03-15,24
HDFCBANK,2026-03-16,54
HDFCBANK,2026-03-17,50
HDFCBANK,2026-03-18,48
HDFCBANK,2026-03-19,100
HDFCBANK,2026-03-20,96
HDFCBANK,2026-03-21,44
HDFCBANK,2026-03-22,32
HDFCBANK,2026-03-23,85
HDFCBANK,2026-03-24,76
HDFCBANK,2026-03-25,72
HDFCBANK,2026-03-26,49
HDFCBANK,2026-03-27,68
HDFCBANK,2026-03-28,37
HDFCBANK,2026-03-29,30
HDFCBANK,2026-03-30,78
HDFCBANK,2026-03-31,57
HDFCBANK,2026-04-01,63
HDFCBANK,2026-04-02,63
HDFCBANK,2026-04-03,39
HDFCBANK,2026-04-04,45
HDFCBANK,2026-04-05,27
HDFCBANK,2026-04-06,64
HDFCBANK,2026-04-07,59
HDFCBANK,2026-04-08,63
HDFCBANK,2026-04-09,64
HDFCBANK,2026-04-10,53
HDFCBANK,2026-04-11,31
HDFCBANK,2026-04-12,21
HDFCBANK,2026-04-13,57
HDFCBANK,2026-04-14,34
HDFCBANK,2026-04-15,50
HDFCBANK,2026-04-16,49
HDFCBANK,2026-04-17,53
HDFCBANK,2026-04-18,50
HDFCBANK,2026-04-19,27
HDFCBANK,2026-04-20,59
HDFCBANK,2026-04-21,52
HDFCBANK,2026-04-22,47
HDFCBANK,2026-04-23,46
HDFCBANK,2026-04-24,45
HDFCBANK,2026-04-25,29
HDFCBANK,2026-04-26,20
HDFCBANK,2026-04-27,51
HDFCBANK,2026-04-28,45
HDFCBANK,2026-04-29,43
HDFCBANK,2026-04-30,57
HDFCBANK,2026-05-01,36
HDFCBANK,2026-05-02,42
HDFCBANK,2026-05-03,22
HDFCBANK,2026-05-04,43
HDFCBANK,2026-05-05,51
HDFCBANK,2026-05-06,49
HDFCBANK,2026-05-07,48
HDFCBANK,2026-05-08,47
HDFCBANK,2026-05-09,33
HDFCBANK,2026-05-10,22
HDFCBANK,2026-05-11,51
HDFCBANK,2026-05-12,51
HDFCBANK,2026-05-13,43
HDFCBANK,2026-05-14,48
HDFCBANK,2026-05-15,47
HDFCBANK,2026-05-16,39
HDFCBANK,2026-05-17,20
HDFCBANK,2026-05-18,53
HDFCBANK,2026-05-19,44
HDFCBANK,2026-05-20,46
HDFCBANK,2026-05-21,46
HDFCBANK,2026-05-22,44
HDFCBANK,2026-05-23,28
HDFCBANK,2026-05-24,20
HDFCBANK,2026-05-25,51
HDFCBANK,2026-05-26,41
HDFCBANK,2026-05-27,58
HDFCBANK,2026-05-28,37
HDFCBANK,2026-05-29,50
HDFCBANK,2026-05-30,39
HDFCBANK,2026-05-31,23
HDFCBANK,2026-06-01,63
HDFCBANK,2026-06-02,53
HDFCBANK,2026-06-03,53
HDFCBANK,2026-06-04,52
HDFCBANK,2026-06-05,49
HDFCBANK,2026-06-06,42
HDFCBANK,2026-06-07,23
HDFCBANK,2026-06-08,50
HDFCBANK,2026-06-09,54
HDFCBANK,2026-06-10,52
HDFCBANK,2026-06-11,48
HDFCBANK,2026-06-12,51
HDFCBANK,2026-06-13,30
HDFCBANK,2026-06-14,22
HDFCBANK,2026-06-15,53
HDFCBANK,2026-06-16,48
HDFCBANK,2026-06-17,49
HDFCBANK,2026-06-18,47
HDFCBANK,2026-06-19,46
HDFCBANK,2026-06-20,38
HDFCBANK,2026-06-21,22
HDFCBANK,2026-06-22,51
HDFCBANK,2026-06-23,54
HDFCBANK,2026-06-24,50
HDFCBANK,2026-06-25,50
HDFCBANK,2026-06-26,35
HDFCBANK,2026-06-27,30
HDFCBANK,2026-06-28,20
HDFCBANK,2026-06-29,53
HDFCBANK,2026-06-30,61
HDFCBANK,2026-07-01,75
HDFCBANK,2026-07-02,68
HDFCBANK,2026-07-03,59
HDFCBANK,2026-07-04,54
HDFCBANK,2026-07-05,35
HDFCBANK,2026-07-06,71
HDFCBANK,2026-07-07,65
HDFCBANK,2026-07-08,59
HDFCBANK,2026-07-09,60
HDFCBANK,2026-07-10,57
HDFCBANK,2026-07-11,41
HDFCBANK,2026-07-12,36
HDFCBANK,2026-07-13,90
HDFCBANK,2026-07-14,61
HDFCBANK,2026-07-15,59
HDFCBANK,2026-07-16,56
HDFCBANK,2026-07-17,56
HDFCBANK,2026-07-18,58
HDFCBANK,2026-07-19,47
HDFCBANK,2026-07-20,79
HDFCBANK,2026-07-21,76
HDFCBANK,2026-07-22,65
HDFCBANK,2026-07-23,63
HDFCBANK,2026-07-24,65
HDFCBANK,2026-07-25,41
HDFCBANK,2026-07-26,31
HDFCBANK,2026-07-27,75
HDFCBANK,2026-07-28,66
HDFCBANK,2026-07-29,59
HDFCBANK,2026-07-30,64
HDFCBANK,2026-07-31,73
HDFCBANK,2026-08-01,56
HDFCBANK,2026-08-02,29
HDFCBANK,2026-08-03,64
HDFCBANK,2026-08-04,65
HDFCBANK,2026-08-05,67
HDFCBANK,2026-08-06,66
HDFCBANK,2026-08-07,65
HDFCBANK,2026-08-08,40
HDFCBANK,2026-08-09,30
HDFCBANK,2026-08-10,65
HDFCBANK,2026-08-11,68
HDFCBANK,2026-08-12,66
HDFCBANK,2026-08-13,62
HDFCBANK,2026-08-14,55
HDFCBANK,2026-08-15,27
HDFCBANK,2026-08-16,26
HDFCBANK,2026-08-17,66
HDFCBANK,2026-08-18,59
HDFCBANK,2026-08-19,63
HDFCBANK,2026-08-20,62
HDFCBANK,2026-08-21,59
HDFCBANK,2026-08-22,41
HDFCBANK,2026-08-23,29
HDFCBANK,2026-08-24,69
HDFCBANK,2026-08-25,61
HDFCBANK,2026-08-26,54
HDFCBANK,2026-08-27,73
HDFCBANK,2026-08-28,55
HDFCBANK,2026-08-29,55
HDFCBANK,2026-08-30,38
HDFCBANK,2026-08-31,100
HDFCBANK,2026-09-01,80
HDFCBANK,2026-09-02,77
HDFCBANK,2026-09-03,74
HDFCBANK,2026-09-04,56
HDFCBANK,2026-09-05,50
HDFCBANK,2026-09-06,29
HDFCBANK,2026-09-07,67
HDFCBANK,2026-09-08,65
HDFCBANK,2026-09-09,73
HDFCBANK,2026-09-10,65
HDFCBANK,2026-09-11,56
HDFCBANK,2026-09-12,37
HDFCBANK,2026-09-13,28
HDFCBANK,2026-09-14,44
HDFCBANK,2026-09-15,61
HDFCBANK,2026-09-16,55
HDFCBANK,2026-09-17,52
HDFCBANK,2026-09-18,55
HDFCBANK,2026-09-19,53
HDFCBANK,2026-09-20,29
HDFCBANK,2026-09-21,88
HDFCBANK,2026-09-22,58
HDFCBANK,2026-09-23,52
HDFCBANK,2026-09-24,56
HDFCBANK,2026-09-25,56
HDFCBANK,2026-09-26,37
HDFCBANK,2026-09-27,37
ICICIBANK,2024-01-01,64
ICICIBANK,2024-01-02,82
ICICIBANK,2024-01-03,75
ICICIBANK,2024-01-04,75
ICICIBANK,2024-01-05,76
ICICIBANK,2024-01-06,68
ICICIBANK,2024-01-07,41
ICICIBANK,2024-01-08,80
ICICIBANK,2024-01-09,74
ICICIBANK,2024-01-10,71
ICICIBANK,2024-01-11,69
ICICIBANK,2024-01-12,70
ICICIBANK,2024-01-13,48
ICICIBANK,2024-01-14,36
ICICIBANK,2024-01-15,68
ICICIBANK,2024-01-16,74
ICICIBANK,2024-01-17,82
ICICIBANK,2024-01-18,76
ICICIBANK,2024-01-19,85
ICICIBANK,2024-01-20,93
ICICIBANK,2024-01-21,47
ICICIBANK,2024-01-22,67
ICICIBANK,2024-01-23,87
ICICIBANK,2024-01-24,85
ICICIBANK,2024-01-25,69
ICICIBANK,2024-01-26,38
ICICIBANK,2024-01-27,52
ICICIBANK,2024-01-28,35
ICICIBANK,2024-01-29,86
ICICIBANK,2024-01-30,82
ICICIBANK,2024-01-31,93
ICICIBANK,2024-02-01,84
ICICIBANK,2024-02-02,82
ICICIBANK,2024-02-03,62
ICICIBANK,2024-02-04,42
ICICIBANK,2024-02-05,81
ICICIBANK,2024-02-06,76
ICICIBANK,2024-02-07,81
ICICIBANK,2024-02-08,79
ICICIBANK,2024-02-09,74
ICICIBANK,2024-02-10,53
ICICIBANK,2024-02-11,36
ICICIBANK,2024-02-12,77
ICICIBANK,2024-02-13,67
ICICIBANK,2024-02-14,68
ICICIBANK,2024-02-15,66
ICICIBANK,2024-02-16,65
ICICIBANK,2024-02-17,56
ICICIBANK,2024-02-18,33
ICICIBANK,2024-02-19,70
ICICIBANK,2024-02-20,71
ICICIBANK,2024-02-21,66
ICICIBANK,2024-02-22,68
ICICIBANK,2024-02-23,68
ICICIBANK,2024-02-24,51
ICICIBANK,2024-02-25,34
ICICIBANK,2024-02-26,77
ICICIBANK,2024-02-27,74
ICICIBANK,2024-02-28,77
ICICIBANK,2024-02-29,81
ICICIBANK,2024-03-01,86
ICICIBANK,2024-03-02,66
ICICIBANK,2024-03-03,45
ICICIBANK,2024-03-04,91
ICICIBANK,2024-03-05,78
ICICIBANK,2024-03-06,78
ICICIBANK,2024-03-07,77
ICICIBANK,2024-03-08,56
ICICIBANK,2024-03-09,52
ICICIBANK,2024-03-10,38
ICICIBANK,2024-03-11,83
ICICIBANK,2024-03-12,77
ICICIBANK,2024-03-13,77
ICICIBANK,2024-03-14,75
ICICIBANK,2024-03-15,73
ICICIBANK,2024-03-16,60
ICICIBANK,2024-03-17,36
ICICIBANK,2024-03-18,75
ICICIBANK,2024-03-19,72
ICICIBANK,2024-03-20,73
ICICIBANK,2024-03-21,71
ICICIBANK,2024-03-22,73
ICICIBANK,2024-03-23,50
ICICIBANK,2024-03-24,35
ICICIBANK,2024-03-25,45
ICICIBANK,2024-03-26,80
ICICIBANK,2024-03-27,78
ICICIBANK,2024-03-28,88
ICICIBANK,2024-03-29,66
ICICIBANK,2024-03-30,79
ICICIBANK,2024-03-31,52
ICICIBANK,2024-04-01,87
ICICIBANK,2024-04-02,100
ICICIBANK,2024-04-03,80
ICICIBANK,2024-04-04,86
ICICIBANK,2024-04-05,81
ICICIBANK,2024-04-06,72
ICICIBANK,2024-04-07,42
ICICIBANK,2024-04-08,86
ICICIBANK,2024-04-09,69
ICICIBANK,2024-04-10,78
ICICIBANK,2024-04-11,56
ICICIBANK,2024-04-12,73
ICICIBANK,2024-04-13,53
ICICIBANK,2024-04-14,34
ICICIBANK,2024-04-15,72
ICICIBANK,2024-04-16,65
ICICIBANK,2024-04-17,55
ICICIBANK,2024-04-18,70
ICICIBANK,2024-04-19,63
ICICIBANK,2024-04-20,56
ICICIBANK,2024-04-21,33
ICICIBANK,2024-04-22,67
ICICIBANK,2024-04-23,66
ICICIBANK,2024-04-24,68
ICICIBANK,2024-04-25,71
ICICIBANK,2024-04-26,72
ICICIBANK,2024-04-27,54
ICICIBANK,2024-04-28,38
ICICIBANK,2024-04-29,88
ICICIBANK,2024-04-30,93
ICICIBANK,2024-05-01,60
ICICIBANK,2024-05-02,80
ICICIBANK,2024-05-03,77
ICICIBANK,2024-05-04,61
ICICIBANK,2024-05-05,41
ICICIBANK,2024-05-06,75
ICICIBANK,2024-05-07,67
ICICIBANK,2024-05-08,71
ICICIBANK,2024-05-09,65
ICICIBANK,2024-05-10,65
ICICIBANK,2024-05-11,48
ICICIBANK,2024-05-12,32
ICICIBANK,2024-05-13,64
ICICIBANK,2024-05-14,67
ICICIBANK,2024-05-15,63
ICICIBANK,2024-05-16,66
ICICIBANK,2024-05-17,60
ICICIBANK,2024-05-18,56
ICICIBANK,2024-05-19,36
ICICIBANK,2024-05-20,59
ICICIBANK,2024-05-21,61
ICICIBANK,2024-05-22,62
ICICIBANK,2024-05-23,63
ICICIBANK,2024-05-24,62
ICICIBANK,2024-05-25,48
ICICIBANK,2024-05-26,30
ICICIBANK,2024-05-27,67
ICICIBANK,2024-05-28,72
ICICIBANK,2024-05-29,66
ICICIBANK,2024-05-30,63
ICICIBANK,2024-05-31,70
ICICIBANK,2024-06-01,62
ICICIBANK,2024-06-02,41
ICICIBANK,2024-06-03,77
ICICIBANK,2024-06-04,46
ICICIBANK,2024-06-05,68
ICICIBANK,2024-06-06,71
ICICIBANK,2024-06-07,72
ICICIBANK,2024-06-08,51
ICICIBANK,2024-06-09,32
ICICIBANK,2024-06-10,76
ICICIBANK,2024-06-11,71
ICICIBANK,2024-06-12,67
ICICIBANK,2024-06-13,65
ICICIBANK,2024-06-14,68
ICICIBANK,2024-06-15,61
ICICIBANK,2024-06-16,35
ICICIBANK,2024-06-17,54
ICICIBANK,2024-06-18,69
ICICIBANK,2024-06-19,68
ICICIBANK,2024-06-20,64
ICICIBANK,2024-06-21,73
ICICIBANK,2024-06-22,51
ICICIBANK,2024-06-23,35
ICICIBANK,2024-06-24,70
ICICIBANK,2024-06-25,68
ICICIBANK,2024-06-26,70
ICICIBANK,2024-06-27,63
ICICIBANK,2024-06-28,72
ICICIBANK,2024-06-29,63
ICICIBANK,2024-06-30,42
ICICIBANK,2024-07-01,92
ICICIBANK,2024-07-02,91
ICICIBANK,2024-07-03,83
ICICIBANK,2024-07-04,83
ICICIBANK,2024-07-05,83
ICICIBANK,2024-07-06,68
ICICIBANK,2024-07-07,46
ICICIBANK,2024-07-08,87
ICICIBANK,2024-07-09,89
ICICIBANK,2024-07-10,78
ICICIBANK,2024-07-11,79
ICICIBANK,2024-07-12,82
ICICIBANK,2024-07-13,58
ICICIBANK,2024-07-14,45
ICICIBANK,2024-07-15,88
ICICIBANK,2024-07-16,85
ICICIBANK,2024-07-17,63
ICICIBANK,2024-07-18,80
ICICIBANK,2024-07-19,83
ICICIBANK,2024-07-20,72
ICICIBANK,2024-07-21,50
ICICIBANK,2024-07-22,80
ICICIBANK,2024-07-23,81
ICICIBANK,2024-07-24,82
ICICIBANK,2024-07-25,79
ICICIBANK,2024-07-26,81
ICICIBANK,2024-07-27,64
ICICIBANK,2024-07-28,44
ICICIBANK,2024-07-29,99
ICICIBANK,2024-07-30,86
ICICIBANK,2024-07-31,100
ICICIBANK,2024-08-01,88
ICICIBANK,2024-08-02,75
ICICIBANK,2024-08-03,66
ICICIBANK,2024-08-04,42
ICICIBANK,2024-08-05,90
ICICIBANK,2024-08-06,80
ICICIBANK,2024-08-07,77
ICICIBANK,2024-08-08,69
ICICIBANK,2024-08-09,76
ICICIBANK,2024-08-10,62
ICICIBANK,2024-08-11,40
ICICIBANK,2024-08-12,85
ICICIBANK,2024-08-13,75
ICICIBANK,2024-08-14,74
ICICIBANK,2024-08-15,40
ICICIBANK,2024-08-16,74
ICICIBANK,2024-08-17,65
ICICIBANK,2024-08-18,38
ICICIBANK,2024-08-19,65
ICICIBANK,2024-08-20,73
ICICIBANK,2024-08-21,69
ICICIBANK,2024-08-22,73
ICICIBANK,2024-08-23,70
ICICIBANK,2024-08-24,53
ICICIBANK,2024-08-25,37
ICICIBANK,2024-08-26,65
ICICIBANK,2024-08-27,72
ICICIBANK,2024-08-28,76
ICICIBANK,2024-08-29,74
ICICIBANK,2024-08-30,76
ICICIBANK,2024-08-31,67
ICICIBANK,2024-09-01,46
ICICIBANK,2024-09-02,90
ICICIBANK,2024-09-03,84
ICICIBANK,2024-09-04,77
ICICIBANK,2024-09-05,73
ICICIBANK,2024-09-06,74
ICICIBANK,2024-09-07,57
ICICIBANK,2024-09-08,40
ICICIBANK,2024-09-09,91
ICICIBANK,2024-09-10,84
ICICIBANK,2024-09-11,73
ICICIBANK,2024-09-12,72
ICICIBANK,2024-09-13,71
ICICIBANK,2024-09-14,56
ICICIBANK,2024-09-15,37
ICICIBANK,2024-09-16,69
ICICIBANK,2024-09-17,69
ICICIBANK,2024-09-18,72
ICICIBANK,2024-09-19,66
ICICIBANK,2024-09-20,71
ICICIBANK,2024-09-21,68
ICICIBANK,2024-09-22,36
ICICIBANK,2024-09-23,77
ICICIBANK,2024-09-24,71
ICICIBANK,2024-09-25,72
ICICIBANK,2024-09-26,68
ICICIBANK,2024-09-27,69
ICICIBANK,2024-09-28,53
ICICIBANK,2024-09-29,39
ICICIBANK,2024-09-30,89
ICICIBANK,2024-10-01,81
ICICIBANK,2024-10-02,52
ICICIBANK,2024-10-03,75
ICICIBANK,2024-10-04,79
ICICIBANK,2024-10-05,70
ICICIBANK,2024-10-06,42
ICICIBANK,2024-10-07,84
ICICIBANK,2024-10-08,70
ICICIBANK,2024-10-09,71
ICICIBANK,2024-10-10,70
ICICIBANK,2024-10-11,67
ICICIBANK,2024-10-12,36
ICICIBANK,2024-10-13,34
ICICIBANK,2024-10-14,77
ICICIBANK,2024-10-15,68
ICICIBANK,2024-10-16,68
ICICIBANK,2024-10-17,64
ICICIBANK,2024-10-18,66
ICICIBANK,2024-10-19,61
ICICIBANK,2024-10-20,36
ICICIBANK,2024-10-21,71
ICICIBANK,2024-10-22,75
ICICIBANK,2024-10-23,71
ICICIBANK,2024-10-24,67
ICICIBANK,2024-10-25,65
ICICIBANK,2024-10-26,63
ICICIBANK,2024-10-27,40
ICICIBANK,2024-10-28,86
ICICIBANK,2024-10-29,80
ICICIBANK,2024-10-30,79
ICICIBANK,2024-10-31,55
ICICIBANK,2024-11-01,54
ICICIBANK,2024-11-02,52
ICICIBANK,2024-11-03,36
ICICIBANK,2024-11-04,79
ICICIBANK,2024-11-05,74
ICICIBANK,2024-11-06,69
ICICIBANK,2024-11-07,80
ICICIBANK,2024-11-08,74
ICICIBANK,2024-11-09,53
ICICIBANK,2024-11-10,34
ICICIBANK,2024-11-11,71
ICICIBANK,2024-11-12,68
ICICIBANK,2024-11-13,71
ICICIBANK,2024-11-14,68
ICICIBANK,2024-11-15,55
ICICIBANK,2024-11-16,58
ICICIBANK,2024-11-17,33
ICICIBANK,2024-11-18,70
ICICIBANK,2024-11-19,73
ICICIBANK,2024-11-20,60
ICICIBANK,2024-11-21,72
ICICIBANK,2024-11-22,63
ICICIBANK,2024-11-23,41
ICICIBANK,2024-11-24,26
ICICIBANK,2024-11-25,70
ICICIBANK,2024-11-26,69
ICICIBANK,2024-11-27,67
ICICIBANK,2024-11-28,72
ICICIBANK,2024-11-29,70
ICICIBANK,2024-11-30,65
ICICIBANK,2024-12-01,39
ICICIBANK,2024-12-02,75
ICICIBANK,2024-12-03,74
ICICIBANK,2024-12-04,70
ICICIBANK,2024-12-05,78
ICICIBANK,2024-12-06,66
ICICIBANK,2024-12-07,61
ICICIBANK,2024-12-08,35
ICICIBANK,2024-12-09,70
ICICIBANK,2024-12-10,71
ICICIBANK,2024-12-11,73
ICICIBANK,2024-12-12,72
ICICIBANK,2024-12-13,73
ICICIBANK,2024-12-14,52
ICICIBANK,2024-12-15,34
ICICIBANK,2024-12-16,76
ICICIBANK,2024-12-17,69
ICICIBANK,2024-12-18,67
ICICIBANK,2024-12-19,66
ICICIBANK,2024-12-20,69
ICICIBANK,2024-12-21,63
ICICIBANK,2024-12-22,35
ICICIBANK,2024-12-23,74
ICICIBANK,2024-12-24,67
ICICIBANK,2024-12-25,47
ICICIBANK,2024-12-26,72
ICICIBANK,2024-12-27,63
ICICIBANK,2024-12-28,53
ICICIBANK,2024-12-29,31
ICICIBANK,2024-12-30,73
ICICIBANK,2024-12-31,82
ICICIBANK,2025-01-01,88
ICICIBANK,2025-01-02,91
ICICIBANK,2025-01-03,85
ICICIBANK,2025-01-04,74
ICICIBANK,2025-01-05,47
ICICIBANK,2025-01-06,91
ICICIBANK,2025-01-07,85
ICICIBANK,2025-01-08,86
ICICIBANK,2025-01-09,88
ICICIBANK,2025-01-10,87
ICICIBANK,2025-01-11,62
ICICIBANK,2025-01-12,37
ICICIBANK,2025-01-13,86
ICICIBANK,2025-01-14,79
ICICIBANK,2025-01-15,80
ICICIBANK,2025-01-16,74
ICICIBANK,2025-01-17,81
ICICIBANK,2025-01-18,67
ICICIBANK,2025-01-19,38
ICICIBANK,2025-01-20,87
ICICIBANK,2025-01-21,77
ICICIBANK,2025-01-22,76
ICICIBANK,2025-01-23,76
ICICIBANK,2025-01-24,83
ICICIBANK,2025-01-25,71
ICICIBANK,2025-01-26,40
ICICIBANK,2025-01-27,91
ICICIBANK,2025-01-28,84
ICICIBANK,2025-01-29,78
ICICIBANK,2025-01-30,75
ICICIBANK,2025-01-31,84
ICICIBANK,2025-02-01,83
ICICIBANK,2025-02-02,44
ICICIBANK,2025-02-03,87
ICICIBANK,2025-02-04,83
ICICIBANK,2025-02-05,81
ICICIBANK,2025-02-06,75
ICICIBANK,2025-02-07,84
ICICIBANK,2025-02-08,57
ICICIBANK,2025-02-09,36
ICICIBANK,2025-02-10,88
ICICIBANK,2025-02-11,81
ICICIBANK,2025-02-12,77
ICICIBANK,2025-02-13,87
ICICIBANK,2025-02-14,84
ICICIBANK,2025-02-15,72
ICICIBANK,2025-02-16,38
ICICIBANK,2025-02-17,86
ICICIBANK,2025-02-18,85
ICICIBANK,2025-02-19,69
ICICIBANK,2025-02-20,66
ICICIBANK,2025-02-21,72
ICICIBANK,2025-02-22,57
ICICIBANK,2025-02-23,32
ICICIBANK,2025-02-24,83
ICICIBANK,2025-02-25,79
ICICIBANK,2025-02-26,60
ICICIBANK,2025-02-27,78
ICICIBANK,2025-02-28,80
ICICIBANK,2025-03-01,75
ICICIBANK,2025-03-02,45
ICICIBANK,2025-03-03,95
ICICIBANK,2025-03-04,73
ICICIBANK,2025-03-05,84
ICICIBANK,2025-03-06,83
ICICIBANK,2025-03-07,84
ICICIBANK,2025-03-08,63
ICICIBANK,2025-03-09,37
ICICIBANK,2025-03-10,88
ICICIBANK,2025-03-11,86
ICICIBANK,2025-03-12,90
ICICIBANK,2025-03-13,85
ICICIBANK,2025-03-14,47
ICICIBANK,2025-03-15,74
ICICIBANK,2025-03-16,40
ICICIBANK,2025-03-17,82
ICICIBANK,2025-03-18,81
ICICIBANK,2025-03-19,79
ICICIBANK,2025-03-20,83
ICICIBANK,2025-03-21,78
ICICIBANK,2025-03-22,55
ICICIBANK,2025-03-23,34
ICICIBANK,2025-03-24,100
ICICIBANK,2025-03-25,77
ICICIBANK,2025-03-26,77
ICICIBANK,2025-03-27,78
ICICIBANK,2025-03-28,79
ICICIBANK,2025-03-29,75
ICICIBANK,2025-03-30,42
ICICIBANK,2025-03-31,80
ICICIBANK,2025-04-01,81
ICICIBANK,2025-04-02,80
ICICIBANK,2025-04-03,85
ICICIBANK,2025-04-04,82
ICICIBANK,2025-04-05,69
ICICIBANK,2025-04-06,40
ICICIBANK,2025-04-07,85
ICICIBANK,2025-04-08,76
ICICIBANK,2025-04-09,79
ICICIBANK,2025-04-10,64
ICICIBANK,2025-04-11,75
ICICIBANK,2025-04-12,53
ICICIBANK,2025-04-13,33
ICICIBANK,2025-04-14,58
ICICIBANK,2025-04-15,81
ICICIBANK,2025-04-16,75
ICICIBANK,2025-04-17,74
ICICIBANK,2025-04-18,62
ICICIBANK,2025-04-19,84
ICICIBANK,2025-04-20,39
ICICIBANK,2025-04-21,86
ICICIBANK,2025-04-22,80
ICICIBANK,2025-04-23,75
ICICIBANK,2025-04-24,69
ICICIBANK,2025-04-25,72
ICICIBANK,2025-04-26,55
ICICIBANK,2025-04-27,34
ICICIBANK,2025-04-28,72
ICICIBANK,2025-04-29,76
ICICIBANK,2025-04-30,83
ICICIBANK,2025-05-01,66
ICICIBANK,2025-05-02,79
ICICIBANK,2025-05-03,71
ICICIBANK,2025-05-04,39
ICICIBANK,2025-05-05,86
ICICIBANK,2025-05-06,71
ICICIBANK,2025-05-07,68
ICICIBANK,2025-05-08,70
ICICIBANK,2025-05-09,69
ICICIBANK,2025-05-10,53
ICICIBANK,2025-05-11,32
ICICIBANK,2025-05-12,76
ICICIBANK,2025-05-13,74
ICICIBANK,2025-05-14,84
ICICIBANK,2025-05-15,82
ICICIBANK,2025-05-16,73
ICICIBANK,2025-05-17,64
ICICIBANK,2025-05-18,33
ICICIBANK,2025-05-19,74
ICICIBANK,2025-05-20,71
ICICIBANK,2025-05-21,71
ICICIBANK,2025-05-22,69
ICICIBANK,2025-05-23,73
ICICIBANK,2025-05-24,53
ICICIBANK,2025-05-25,32
ICICIBANK,2025-05-26,74
ICICIBANK,2025-05-27,73
ICICIBANK,2025-05-28,71
ICICIBANK,2025-05-29,71
ICICIBANK,2025-05-30,77
ICICIBANK,2025-05-31,75
ICICIBANK,2025-06-01,40
ICICIBANK,2025-06-02,87
ICICIBANK,2025-06-03,81
ICICIBANK,2025-06-04,82
ICICIBANK,2025-06-05,82
ICICIBANK,2025-06-06,92
ICICIBANK,2025-06-07,70
ICICIBANK,2025-06-08,43
ICICIBANK,2025-06-09,96
ICICIBANK,2025-06-10,85
ICICIBANK,2025-06-11,79
ICICIBANK,2025-06-12,70
ICICIBANK,2025-06-13,72
ICICIBANK,2025-06-14,55
ICICIBANK,2025-06-15,35
ICICIBANK,2025-06-16,74
ICICIBANK,2025-06-17,80
ICICIBANK,2025-06-18,74
ICICIBANK,2025-06-19,77
ICICIBANK,2025-06-20,74
ICICIBANK,2025-06-21,65
ICICIBANK,2025-06-22,36
ICICIBANK,2025-06-23,74
ICICIBANK,2025-06-24,73
ICICIBANK,2025-06-25,75
ICICIBANK,2025-06-26,83
ICICIBANK,2025-06-27,82
ICICIBANK,2025-06-28,62
ICICIBANK,2025-06-29,40
ICICIBANK,2025-06-30,94
ICICIBANK,2025-07-01,94
ICICIBANK,2025-07-02,84
ICICIBANK,2025-07-03,85
ICICIBANK,2025-07-04,78
ICICIBANK,2025-07-05,74
ICICIBANK,2025-07-06,41
ICICIBANK,2025-07-07,86
ICICIBANK,2025-07-08,76
ICICIBANK,2025-07-09,79
ICICIBANK,2025-07-10,70
ICICIBANK,2025-07-11,76
ICICIBANK,2025-07-12,57
ICICIBANK,2025-07-13,36
ICICIBANK,2025-07-14,78
ICICIBANK,2025-07-15,84
ICICIBANK,2025-07-16,76
ICICIBANK,2025-07-17,78
ICICIBANK,2025-07-18,76
ICICIBANK,2025-07-19,92
ICICIBANK,2025-07-20,42
ICICIBANK,2025-07-21,82
ICICIBANK,2025-07-22,77
ICICIBANK,2025-07-23,83
ICICIBANK,2025-07-24,74
ICICIBANK,2025-07-25,76
ICICIBANK,2025-07-26,55
ICICIBANK,2025-07-27,36
ICICIBANK,2025-07-28,80
ICICIBANK,2025-07-29,76
ICICIBANK,2025-07-30,80
ICICIBANK,2025-07-31,85
ICICIBANK,2025-08-01,83
ICICIBANK,2025-08-02,71
ICICIBANK,2025-08-03,42
ICICIBANK,2025-08-04,82
ICICIBANK,2025-08-05,77
ICICIBANK,2025-08-06,83
ICICIBANK,2025-08-07,84
ICICIBANK,2025-08-08,76
ICICIBANK,2025-08-09,84
ICICIBANK,2025-08-10,93
ICICIBANK,2025-08-11,100
ICICIBANK,2025-08-12,86
ICICIBANK,2025-08-13,84
ICICIBANK,2025-08-14,79
ICICIBANK,2025-08-15,46
ICICIBANK,2025-08-16,59
ICICIBANK,2025-08-17,38
ICICIBANK,2025-08-18,78
ICICIBANK,2025-08-19,76
ICICIBANK,2025-08-20,81
ICICIBANK,2025-08-21,81
ICICIBANK,2025-08-22,76
ICICIBANK,2025-08-23,58
ICICIBANK,2025-08-24,36
ICICIBANK,2025-08-25,80
ICICIBANK,2025-08-26,76
ICICIBANK,2025-08-27,62
ICICIBANK,2025-08-28,79
ICICIBANK,2025-08-29,90
ICICIBANK,2025-08-30,75
ICICIBANK,2025-08-31,48
ICICIBANK,2025-09-01,85
ICICIBANK,2025-09-02,83
ICICIBANK,2025-09-03,79
ICICIBANK,2025-09-04,80
ICICIBANK,2025-09-05,73
ICICIBANK,2025-09-06,74
ICICIBANK,2025-09-07,42
ICICIBANK,2025-09-08,82
ICICIBANK,2025-09-09,79
ICICIBANK,2025-09-10,72
ICICIBANK,2025-09-11,74
ICICIBANK,2025-09-12,84
ICICIBANK,2025-09-13,65
ICICIBANK,2025-09-14,42
ICICIBANK,2025-09-15,80
ICICIBANK,2025-09-16,73
ICICIBANK,2025-09-17,67
ICICIBANK,2025-09-18,70
ICICIBANK,2025-09-19,69
ICICIBANK,2025-09-20,68
ICICIBANK,2025-09-21,36
ICICIBANK,2025-09-22,85
ICICIBANK,2025-09-23,76
ICICIBANK,2025-09-24,73
ICICIBANK,2025-09-25,73
ICICIBANK,2025-09-26,74
ICICIBANK,2025-09-27,62
ICICIBANK,2025-09-28,34
ICICIBANK,2025-09-29,84
ICICIBANK,2025-09-30,90
ICICIBANK,2025-10-01,82
ICICIBANK,2025-10-02,46
ICICIBANK,2025-10-03,80
ICICIBANK,2025-10-04,73
ICICIBANK,2025-10-05,41
ICICIBANK,2025-10-06,88
ICICIBANK,2025-10-07,85
ICICIBANK,2025-10-08,84
ICICIBANK,2025-10-09,81
ICICIBANK,2025-10-10,74
ICICIBANK,2025-10-11,61
ICICIBANK,2025-10-12,37
ICICIBANK,2025-10-13,85
ICICIBANK,2025-10-14,78
ICICIBANK,2025-10-15,74
ICICIBANK,2025-10-16,84
ICICIBANK,2025-10-17,82
ICICIBANK,2025-10-18,73
ICICIBANK,2025-10-19,41
ICICIBANK,2025-10-20,59
ICICIBANK,2025-10-21,62
ICICIBANK,2025-10-22,59
ICICIBANK,2025-10-23,63
ICICIBANK,2025-10-24,77
ICICIBANK,2025-10-25,52
ICICIBANK,2025-10-26,35
ICICIBANK,2025-10-27,76
ICICIBANK,2025-10-28,73
ICICIBANK,2025-10-29,69
ICICIBANK,2025-10-30,75
ICICIBANK,2025-10-31,77
ICICIBANK,2025-11-01,77
ICICIBANK,2025-11-02,37
ICICIBANK,2025-11-03,77
ICICIBANK,2025-11-04,78
ICICIBANK,2025-11-05,70
ICICIBANK,2025-11-06,81
ICICIBANK,2025-11-07,85
ICICIBANK,2025-11-08,55
ICICIBANK,2025-11-09,38
ICICIBANK,2025-11-10,83
ICICIBANK,2025-11-11,76
ICICIBANK,2025-11-12,78
ICICIBANK,2025-11-13,76
ICICIBANK,2025-11-14,69
ICICIBANK,2025-11-15,67
ICICIBANK,2025-11-16,36
ICICIBANK,2025-11-17,82
ICICIBANK,2025-11-18,72
ICICIBANK,2025-11-19,74
ICICIBANK,2025-11-20,75
ICICIBANK,2025-11-21,75
ICICIBANK,2025-11-22,52
ICICIBANK,2025-11-23,31
ICICIBANK,2025-11-24,78
ICICIBANK,2025-11-25,80
ICICIBANK,2025-11-26,77
ICICIBANK,2025-11-27,76
ICICIBANK,2025-11-28,80
ICICIBANK,2025-11-29,73
ICICIBANK,2025-11-30,39
ICICIBANK,2025-12-01,82
ICICIBANK,2025-12-02,81
ICICIBANK,2025-12-03,75
ICICIBANK,2025-12-04,81
ICICIBANK,2025-12-05,81
ICICIBANK,2025-12-06,67
ICICIBANK,2025-12-07,41
ICICIBANK,2025-12-08,76
ICICIBANK,2025-12-09,83
ICICIBANK,2025-12-10,79
ICICIBANK,2025-12-11,74
ICICIBANK,2025-12-12,78
ICICIBANK,2025-12-13,55
ICICIBANK,2025-12-14,35
ICICIBANK,2025-12-15,79
ICICIBANK,2025-12-16,79
ICICIBANK,2025-12-17,73
ICICIBANK,2025-12-18,73
ICICIBANK,2025-12-19,75
ICICIBANK,2025-12-20,64
ICICIBANK,2025-12-21,32
ICICIBANK,2025-12-22,72
ICICIBANK,2025-12-23,72
ICICIBANK,2025-12-24,72
ICICIBANK,2025-12-25,46
ICICIBANK,2025-12-26,75
ICICIBANK,2025-12-27,55
ICICIBANK,2025-12-28,33
ICICIBANK,2025-12-29,79
ICICIBANK,2025-12-30,71
ICICIBANK,2025-12-31,78
ICICIBANK,2026-01-01,86
ICICIBANK,2026-01-02,95
ICICIBANK,2026-01-03,84
ICICIBANK,2026-01-04,48
ICICIBANK,2026-01-05,95
ICICIBANK,2026-01-06,92
ICICIBANK,2026-01-07,94
ICICIBANK,2026-01-08,89
ICICIBANK,2026-01-09,87
ICICIBANK,2026-01-10,64
ICICIBANK,2026-01-11,37
ICICIBANK,2026-01-12,95
ICICIBANK,2026-01-13,90
ICICIBANK,2026-01-14,77
ICICIBANK,2026-01-15,66
ICICIBANK,2026-01-16,79
ICICIBANK,2026-01-17,81
ICICIBANK,2026-01-18,40
ICICIBANK,2026-01-19,91
ICICIBANK,2026-01-20,89
ICICIBANK,2026-01-21,78
ICICIBANK,2026-01-22,79
ICICIBANK,2026-01-23,75
ICICIBANK,2026-01-24,59
ICICIBANK,2026-01-25,34
ICICIBANK,2026-01-26,40
ICICIBANK,2026-01-27,80
ICICIBANK,2026-01-28,79
ICICIBANK,2026-01-29,78
ICICIBANK,2026-01-30,80
ICICIBANK,2026-01-31,70
ICICIBANK,2026-02-01,48
ICICIBANK,2026-02-02,86
ICICIBANK,2026-02-03,84
ICICIBANK,2026-02-04,77
ICICIBANK,2026-02-05,81
ICICIBANK,2026-02-06,77
ICICIBANK,2026-02-07,69
ICICIBANK,2026-02-08,37
ICICIBANK,2026-02-09,89
ICICIBANK,2026-02-10,79
ICICIBANK,2026-02-11,77
ICICIBANK,2026-02-12,80
ICICIBANK,2026-02-13,77
ICICIBANK,2026-02-14,50
ICICIBANK,2026-02-15,34
ICICIBANK,2026-02-16,78
ICICIBANK,2026-02-17,75
ICICIBANK,2026-02-18,71
ICICIBANK,2026-02-19,72
ICICIBANK,2026-02-20,78
ICICIBANK,2026-02-21,67
ICICIBANK,2026-02-22,38
ICICIBANK,2026-02-23,85
ICICIBANK,2026-02-24,73
ICICIBANK,2026-02-25,86
ICICIBANK,2026-02-26,79
ICICIBANK,2026-02-27,84
ICICIBANK,2026-02-28,69
ICICIBANK,2026-03-01,41
ICICIBANK,2026-03-02,100
ICICIBANK,2026-03-03,66
ICICIBANK,2026-03-04,72
ICICIBANK,2026-03-05,81
ICICIBANK,2026-03-06,85
ICICIBANK,2026-03-07,73
ICICIBANK,2026-03-08,34
ICICIBANK,2026-03-09,96
ICICIBANK,2026-03-10,86
ICICIBANK,2026-03-11,79
ICICIBANK,2026-03-12,75
ICICIBANK,2026-03-13,88
ICICIBANK,2026-03-14,60
ICICIBANK,2026-03-15,39
ICICIBANK,2026-03-16,86
ICICIBANK,2026-03-17,77
ICICIBANK,2026-03-18,75
ICICIBANK,2026-03-19,74
ICICIBANK,2026-03-20,81
ICICIBANK,2026-03-21,53
ICICIBANK,2026-03-22,34
ICICIBANK,2026-03-23,86
ICICIBANK,2026-03-24,77
ICICIBANK,2026-03-25,74
ICICIBANK,2026-03-26,79
ICICIBANK,2026-03-27,85
ICICIBANK,2026-03-28,58
ICICIBANK,2026-03-29,39
ICICIBANK,2026-03-30,93
ICICIBANK,2026-03-31,86
ICICIBANK,2026-04-01,89
ICICIBANK,2026-04-02,86
ICICIBANK,2026-04-03,66
ICICIBANK,2026-04-04,76
ICICIBANK,2026-04-05,39
ICICIBANK,2026-04-06,85
ICICIBANK,2026-04-07,78
ICICIBANK,2026-04-08,81
ICICIBANK,2026-04-09,77
ICICIBANK,2026-04-10,76
ICICIBANK,2026-04-11,52
ICICIBANK,2026-04-12,33
ICICIBANK,2026-04-13,80
ICICIBANK,2026-04-14,59
ICICIBANK,2026-04-15,72
ICICIBANK,2026-04-16,84
ICICIBANK,2026-04-17,80
ICICIBANK,2026-04-18,76
ICICIBANK,2026-04-19,38
ICICIBANK,2026-04-20,85
ICICIBANK,2026-04-21,76
ICICIBANK,2026-04-22,74
ICICIBANK,2026-04-23,72
ICICIBANK,2026-04-24,76
ICICIBANK,2026-04-25,50
ICICIBANK,2026-04-26,31
ICICIBANK,2026-04-27,77
ICICIBANK,2026-04-28,72
ICICIBANK,2026-04-29,72
ICICIBANK,2026-04-30,79
ICICIBANK,2026-05-01,67
ICICIBANK,2026-05-02,69
ICICIBANK,2026-05-03,36
ICICIBANK,2026-05-04,66
ICICIBANK,2026-05-05,76
ICICIBANK,2026-05-06,75
ICICIBANK,2026-05-07,74
ICICIBANK,2026-05-08,76
ICICIBANK,2026-05-09,54
ICICIBANK,2026-05-10,30
ICICIBANK,2026-05-11,81
ICICIBANK,2026-05-12,71
ICICIBANK,2026-05-13,74
ICICIBANK,2026-05-14,74
ICICIBANK,2026-05-15,73
ICICIBANK,2026-05-16,61
ICICIBANK,2026-05-17,29
ICICIBANK,2026-05-18,73
ICICIBANK,2026-05-19,70
ICICIBANK,2026-05-20,73
ICICIBANK,2026-05-21,75
ICICIBANK,2026-05-22,76
ICICIBANK,2026-05-23,50
ICICIBANK,2026-05-24,28
ICICIBANK,2026-05-25,74
ICICIBANK,2026-05-26,77
ICICIBANK,2026-05-27,73
ICICIBANK,2026-05-28,59
ICICIBANK,2026-05-29,73
ICICIBANK,2026-05-30,71
ICICIBANK,2026-05-31,38
ICICIBANK,2026-06-01,92
ICICIBANK,2026-06-02,73
ICICIBANK,2026-06-03,80
ICICIBANK,2026-06-04,83
ICICIBANK,2026-06-05,78
ICICIBANK,2026-06-06,71
ICICIBANK,2026-06-07,38
ICICIBANK,2026-06-08,79
ICICIBANK,2026-06-09,87
ICICIBANK,2026-06-10,90
ICICIBANK,2026-06-11,79
ICICIBANK,2026-06-12,79
ICICIBANK,2026-06-13,54
ICICIBANK,2026-06-14,35
ICICIBANK,2026-06-15,89
ICICIBANK,2026-06-16,81
ICICIBANK,2026-06-17,74
ICICIBANK,2026-06-18,79
ICICIBANK,2026-06-19,74
ICICIBANK,2026-06-20,66
ICICIBANK,2026-06-21,32
ICICIBANK,2026-06-22,82
ICICIBANK,2026-06-23,88
ICICIBANK,2026-06-24,76
ICICIBANK,2026-06-25,82
ICICIBANK,2026-06-26,64
ICICIBANK,2026-06-27,54
ICICIBANK,2026-06-28,34
ICICIBANK,2026-06-29,87
ICICIBANK,2026-06-30,92
ICICIBANK,2026-07-01,94
ICICIBANK,2026-07-02,87
ICICIBANK,2026-07-03,92
ICICIBANK,2026-07-04,71
ICICIBANK,2026-07-05,42
ICICIBANK,2026-07-06,88
ICICIBANK,2026-07-07,83
ICICIBANK,2026-07-08,82
ICICIBANK,2026-07-09,80
ICICIBANK,2026-07-10,85
ICICIBANK,2026-07-11,58
ICICIBANK,2026-07-12,37
ICICIBANK,2026-07-13,91
ICICIBANK,2026-07-14,80
ICICIBANK,2026-07-15,78
ICICIBANK,2026-07-16,77
ICICIBANK,2026-07-17,78
ICICIBANK,2026-07-18,80
ICICIBANK,2026-07-19,69
ICICIBANK,2026-07-20,86
ICICIBANK,2026-07-21,80
ICICIBANK,2026-07-22,76
ICICIBANK,2026-07-23,72
ICICIBANK,2026-07-24,76
ICICIBANK,2026-07-25,56
ICICIBANK,2026-07-26,40
ICICIBANK,2026-07-27,85
ICICIBANK,2026-07-28,78
ICICIBANK,2026-07-29,79
ICICIBANK,2026-07-30,84
ICICIBANK,2026-07-31,89
ICICIBANK,2026-08-01,79
ICICIBANK,2026-08-02,38
ICICIBANK,2026-08-03,82
ICICIBANK,2026-08-04,77
ICICIBANK,2026-08-05,82
ICICIBANK,2026-08-06,76
ICICIBANK,2026-08-07,78
ICICIBANK,2026-08-08,60
ICICIBANK,2026-08-09,37
ICICIBANK,2026-08-10,84
ICICIBANK,2026-08-11,75
ICICIBANK,2026-08-12,85
ICICIBANK,2026-08-13,74
ICICIBANK,2026-08-14,71
ICICIBANK,2026-08-15,37
ICICIBANK,2026-08-16,35
ICICIBANK,2026-08-17,82
ICICIBANK,2026-08-18,79
ICICIBANK,2026-08-19,87
ICICIBANK,2026-08-20,80
ICICIBANK,2026-08-21,78
ICICIBANK,2026-08-22,55
ICICIBANK,2026-08-23,32
ICICIBANK,2026-08-24,85
ICICIBANK,2026-08-25,81
ICICIBANK,2026-08-26,70
ICICIBANK,2026-08-27,81
ICICIBANK,2026-08-28,62
ICICIBANK,2026-08-29,71
ICICIBANK,2026-08-30,40
ICICIBANK,2026-08-31,93
ICICIBANK,2026-09-01,88
ICICIBANK,2026-09-02,80
ICICIBANK,2026-09-03,79
ICICIBANK,2026-09-04,73
ICICIBANK,2026-09-05,69
ICICIBANK,2026-09-06,37
ICICIBANK,2026-09-07,83
ICICIBANK,2026-09-08,88
ICICIBANK,2026-09-09,84
ICICIBANK,2026-09-10,75
ICICIBANK,2026-09-11,66
ICICIBANK,2026-09-12,44
ICICIBANK,2026-09-13,31
ICICIBANK,2026-09-14,48
ICICIBANK,2026-09-15,63
ICICIBANK,2026-09-16,60
ICICIBANK,2026-09-17,59
ICICIBANK,2026-09-18,60
ICICIBANK,2026-09-19,60
ICICIBANK,2026-09-20,44
ICICIBANK,2026-09-21,100
ICICIBANK,2026-09-22,55
ICICIBANK,2026-09-23,61
ICICIBANK,2026-09-24,59
ICICIBANK,2026-09-25,59
ICICIBANK,2026-09-26,45
ICICIBANK,2026-09-27,38
INFY,2024-01-01,31
INFY,2024-01-02,37
INFY,2024-01-03,41
INFY,2024-01-04,41
INFY,2024-01-05,40
INFY,2024-01-06,19
INFY,2024-01-07,17
INFY,2024-01-08,40
INFY,2024-01-09,39
INFY,2024-01-10,40
INFY,2024-01-11,92
INFY,2024-01-12,100
INFY,2024-01-13,34
INFY,2024-01-14,22
INFY,2024-01-15,52
INFY,2024-01-16,46
INFY,2024-01-17,45
INFY,2024-01-18,43
INFY,2024-01-19,42
INFY,2024-01-20,31
INFY,2024-01-21,19
INFY,2024-01-22,25
INFY,2024-01-23,41
INFY,2024-01-24,38
INFY,2024-01-25,34
INFY,2024-01-26,17
INFY,2024-01-27,15
INFY,2024-01-28,15
INFY,2024-01-29,40
INFY,2024-01-30,39
INFY,2024-01-31,37
INFY,2024-02-01,36
INFY,2024-02-02,37
INFY,2024-02-03,18
INFY,2024-02-04,15
INFY,2024-02-05,37
INFY,2024-02-06,41
INFY,2024-02-07,42
INFY,2024-02-08,35
INFY,2024-02-09,35
INFY,2024-02-10,18
INFY,2024-02-11,17
INFY,2024-02-12,36
INFY,2024-02-13,35
INFY,2024-02-14,34
INFY,2024-02-15,33
INFY,2024-02-16,35
INFY,2024-02-17,20
INFY,2024-02-18,18
INFY,2024-02-19,35
INFY,2024-02-20,35
INFY,2024-02-21,34
INFY,2024-02-22,36
INFY,2024-02-23,32
INFY,2024-02-24,18
INFY,2024-02-25,16
INFY,2024-02-26,33
INFY,2024-02-27,36
INFY,2024-02-28,33
INFY,2024-02-29,33
INFY,2024-03-01,32
INFY,2024-03-02,20
INFY,2024-03-03,16
INFY,2024-03-04,34
INFY,2024-03-05,34
INFY,2024-03-06,36
INFY,2024-03-07,32
INFY,2024-03-08,23
INFY,2024-03-09,16
INFY,2024-03-10,16
INFY,2024-03-11,34
INFY,2024-03-12,33
INFY,2024-03-13,32
INFY,2024-03-14,34
INFY,2024-03-15,31
INFY,2024-03-16,18
INFY,2024-03-17,16
INFY,2024-03-18,50
INFY,2024-03-19,49
INFY,2024-03-20,39
INFY,2024-03-21,42
INFY,2024-03-22,39
INFY,2024-03-23,18
INFY,2024-03-24,14
INFY,2024-03-25,23
INFY,2024-03-26,39
INFY,2024-03-27,34
INFY,2024-03-28,34
INFY,2024-03-29,22
INFY,2024-03-30,16
INFY,2024-03-31,15
INFY,2024-04-01,42
INFY,2024-04-02,37
INFY,2024-04-03,35
INFY,2024-04-04,37
INFY,2024-04-05,34
INFY,2024-04-06,20
INFY,2024-04-07,16
INFY,2024-04-08,35
INFY,2024-04-09,31
INFY,2024-04-10,34
INFY,2024-04-11,20
INFY,2024-04-12,36
INFY,2024-04-13,19
INFY,2024-04-14,15
INFY,2024-04-15,35
INFY,2024-04-16,47
INFY,2024-04-17,32
INFY,2024-04-18,96
INFY,2024-04-19,72
INFY,2024-04-20,22
INFY,2024-04-21,16
INFY,2024-04-22,41
INFY,2024-04-23,38
INFY,2024-04-24,35
INFY,2024-04-25,36
INFY,2024-04-26,30
INFY,2024-04-27,18
INFY,2024-04-28,15
INFY,2024-04-29,36
INFY,2024-04-30,34
INFY,2024-05-01,18
INFY,2024-05-02,33
INFY,2024-05-03,33
INFY,2024-05-04,17
INFY,2024-05-05,14
INFY,2024-05-06,32
INFY,2024-05-07,31
INFY,2024-05-08,30
INFY,2024-05-09,31
INFY,2024-05-10,29
INFY,2024-05-11,15
INFY,2024-05-12,13
INFY,2024-05-13,29
INFY,2024-05-14,32
INFY,2024-05-15,29
INFY,2024-05-16,34
INFY,2024-05-17,32
INFY,2024-05-18,18
INFY,2024-05-19,14
INFY,2024-05-20,24
INFY,2024-05-21,31
INFY,2024-05-22,29
INFY,2024-05-23,34
INFY,2024-05-24,30
INFY,2024-05-25,17
INFY,2024-05-26,14
INFY,2024-05-27,34
INFY,2024-05-28,33
INFY,2024-05-29,32
INFY,2024-05-30,33
INFY,2024-05-31,36
INFY,2024-06-01,17
INFY,2024-06-02,14
INFY,2024-06-03,42
INFY,2024-06-04,25
INFY,2024-06-05,29
INFY,2024-06-06,34
INFY,2024-06-07,37
INFY,2024-06-08,17
INFY,2024-06-09,13
INFY,2024-06-10,35
INFY,2024-06-11,34
INFY,2024-06-12,34
INFY,2024-06-13,32
INFY,2024-06-14,32
INFY,2024-06-15,17
INFY,2024-06-16,15
INFY,2024-06-17,26
INFY,2024-06-18,38
INFY,2024-06-19,38
INFY,2024-06-20,36
INFY,2024-06-21,36
INFY,2024-06-22,18
INFY,2024-06-23,14
INFY,2024-06-24,32
INFY,2024-06-25,33
INFY,2024-06-26,35
INFY,2024-06-27,32
INFY,2024-06-28,33
INFY,2024-06-29,13
INFY,2024-06-30,14
INFY,2024-07-01,47
INFY,2024-07-02,42
INFY,2024-07-03,44
INFY,2024-07-04,47
INFY,2024-07-05,47
INFY,2024-07-06,30
INFY,2024-07-07,24
INFY,2024-07-08,43
INFY,2024-07-09,42
INFY,2024-07-10,39
INFY,2024-07-11,46
INFY,2024-07-12,53
INFY,2024-07-13,25
INFY,2024-07-14,19
INFY,2024-07-15,50
INFY,2024-07-16,50
INFY,2024-07-17,37
INFY,2024-07-18,97
INFY,2024-07-19,100
INFY,2024-07-20,36
INFY,2024-07-21,28
INFY,2024-07-22,56
INFY,2024-07-23,56
INFY,2024-07-24,49
INFY,2024-07-25,48
INFY,2024-07-26,50
INFY,2024-07-27,25
INFY,2024-07-28,22
INFY,2024-07-29,47
INFY,2024-07-30,44
INFY,2024-07-31,61
INFY,2024-08-01,80
INFY,2024-08-02,62
INFY,2024-08-03,44
INFY,2024-08-04,42
INFY,2024-08-05,63
INFY,2024-08-06,57
INFY,2024-08-07,51
INFY,2024-08-08,47
INFY,2024-08-09,48
INFY,2024-08-10,25
INFY,2024-08-11,24
INFY,2024-08-12,48
INFY,2024-08-13,44
INFY,2024-08-14,44
INFY,2024-08-15,22
INFY,2024-08-16,41
INFY,2024-08-17,22
INFY,2024-08-18,20
INFY,2024-08-19,45
INFY,2024-08-20,51
INFY,2024-08-21,48
INFY,2024-08-22,43
INFY,2024-08-23,42
INFY,2024-08-24,24
INFY,2024-08-25,21
INFY,2024-08-26,40
INFY,2024-08-27,44
INFY,2024-08-28,51
INFY,2024-08-29,47
INFY,2024-08-30,46
INFY,2024-08-31,25
INFY,2024-09-01,19
INFY,2024-09-02,43
INFY,2024-09-03,48
INFY,2024-09-04,44
INFY,2024-09-05,40
INFY,2024-09-06,38
INFY,2024-09-07,19
INFY,2024-09-08,20
INFY,2024-09-09,44
INFY,2024-09-10,46
INFY,2024-09-11,46
INFY,2024-09-12,45
INFY,2024-09-13,44
INFY,2024-09-14,25
INFY,2024-09-15,19
INFY,2024-09-16,41
INFY,2024-09-17,40
INFY,2024-09-18,50
INFY,2024-09-19,49
INFY,2024-09-20,46
INFY,2024-09-21,25
INFY,2024-09-22,24
INFY,2024-09-23,49
INFY,2024-09-24,46
INFY,2024-09-25,45
INFY,2024-09-26,44
INFY,2024-09-27,41
INFY,2024-09-28,24
INFY,2024-09-29,19
INFY,2024-09-30,45
INFY,2024-10-01,44
INFY,2024-10-02,26
INFY,2024-10-03,46
INFY,2024-10-04,45
INFY,2024-10-05,25
INFY,2024-10-06,19
INFY,2024-10-07,45
INFY,2024-10-08,41
INFY,2024-10-09,40
INFY,2024-10-10,44
INFY,2024-10-11,37
INFY,2024-10-12,18
INFY,2024-10-13,18
INFY,2024-10-14,48
INFY,2024-10-15,44
INFY,2024-10-16,44
INFY,2024-10-17,69
INFY,2024-10-18,78
INFY,2024-10-19,29
INFY,2024-10-20,23
INFY,2024-10-21,50
INFY,2024-10-22,46
INFY,2024-10-23,44
INFY,2024-10-24,42
INFY,2024-10-25,42
INFY,2024-10-26,25
INFY,2024-10-27,20
INFY,2024-10-28,43
INFY,2024-10-29,39
INFY,2024-10-30,38
INFY,2024-10-31,32
INFY,2024-11-01,26
INFY,2024-11-02,18
INFY,2024-11-03,17
INFY,2024-11-04,44
INFY,2024-11-05,43
INFY,2024-11-06,48
INFY,2024-11-07,46
INFY,2024-11-08,43
INFY,2024-11-09,26
INFY,2024-11-10,27
INFY,2024-11-11,46
INFY,2024-11-12,43
INFY,2024-11-13,43
INFY,2024-11-14,44
INFY,2024-11-15,33
INFY,2024-11-16,25
INFY,2024-11-17,22
INFY,2024-11-18,46
INFY,2024-11-19,42
INFY,2024-11-20,31
INFY,2024-11-21,41
INFY,2024-11-22,38
INFY,2024-11-23,20
INFY,2024-11-24,18
INFY,2024-11-25,38
INFY,2024-11-26,40
INFY,2024-11-27,49
INFY,2024-11-28,42
INFY,2024-11-29,38
INFY,2024-11-30,21
INFY,2024-12-01,26
INFY,2024-12-02,41
INFY,2024-12-03,43
INFY,2024-12-04,41
INFY,2024-12-05,40
INFY,2024-12-06,37
INFY,2024-12-07,23
INFY,2024-12-08,18
INFY,2024-12-09,39
INFY,2024-12-10,42
INFY,2024-12-11,43
INFY,2024-12-12,44
INFY,2024-12-13,40
INFY,2024-12-14,21
INFY,2024-12-15,20
INFY,2024-12-16,42
INFY,2024-12-17,36
INFY,2024-12-18,38
INFY,2024-12-19,40
INFY,2024-12-20,40
INFY,2024-12-21,23
INFY,2024-12-22,19
INFY,2024-12-23,38
INFY,2024-12-24,37
INFY,2024-12-25,22
INFY,2024-12-26,33
INFY,2024-12-27,30
INFY,2024-12-28,20
INFY,2024-12-29,16
INFY,2024-12-30,33
INFY,2024-12-31,35
INFY,2025-01-01,43
INFY,2025-01-02,60
INFY,2025-01-03,52
INFY,2025-01-04,30
INFY,2025-01-05,28
INFY,2025-01-06,72
INFY,2025-01-07,63
INFY,2025-01-08,58
INFY,2025-01-09,59
INFY,2025-01-10,60
INFY,2025-01-11,48
INFY,2025-01-12,33
INFY,2025-01-13,58
INFY,2025-01-14,46
INFY,2025-01-15,53
INFY,2025-01-16,98
INFY,2025-01-17,100
INFY,2025-01-18,48
INFY,2025-01-19,79
INFY,2025-01-20,70
INFY,2025-01-21,65
INFY,2025-01-22,64
INFY,2025-01-23,60
INFY,2025-01-24,54
INFY,2025-01-25,34
INFY,2025-01-26,31
INFY,2025-01-27,63
INFY,2025-01-28,65
INFY,2025-01-29,57
INFY,2025-01-30,53
INFY,2025-01-31,48
INFY,2025-02-01,38
INFY,2025-02-02,26
INFY,2025-02-03,56
INFY,2025-02-04,55
INFY,2025-02-05,59
INFY,2025-02-06,59
INFY,2025-02-07,66
INFY,2025-02-08,37
INFY,2025-02-09,30
INFY,2025-02-10,60
INFY,2025-02-11,65
INFY,2025-02-12,59
INFY,2025-02-13,63
INFY,2025-02-14,55
INFY,2025-02-15,30
INFY,2025-02-16,27
INFY,2025-02-17,54
INFY,2025-02-18,53
INFY,2025-02-19,50
INFY,2025-02-20,48
INFY,2025-02-21,48
INFY,2025-02-22,27
INFY,2025-02-23,21
INFY,2025-02-24,54
INFY,2025-02-25,55
INFY,2025-02-26,42
INFY,2025-02-27,55
INFY,2025-02-28,59
INFY,2025-03-01,35
INFY,2025-03-02,26
INFY,2025-03-03,54
INFY,2025-03-04,46
INFY,2025-03-05,49
INFY,2025-03-06,72
INFY,2025-03-07,64
INFY,2025-03-08,30
INFY,2025-03-09,21
INFY,2025-03-10,55
INFY,2025-03-11,52
INFY,2025-03-12,67
INFY,2025-03-13,59
INFY,2025-03-14,36
INFY,2025-03-15,30
INFY,2025-03-16,29
INFY,2025-03-17,56
INFY,2025-03-18,60
INFY,2025-03-19,58
INFY,2025-03-20,63
INFY,2025-03-21,56
INFY,2025-03-22,26
INFY,2025-03-23,22
INFY,2025-03-24,57
INFY,2025-03-25,51
INFY,2025-03-26,49
INFY,2025-03-27,51
INFY,2025-03-28,45
INFY,2025-03-29,23
INFY,2025-03-30,19
INFY,2025-03-31,28
INFY,2025-04-01,53
INFY,2025-04-02,51
INFY,2025-04-03,62
INFY,2025-04-04,63
INFY,2025-04-05,33
INFY,2025-04-06,27
INFY,2025-04-07,75
INFY,2025-04-08,57
INFY,2025-04-09,54
INFY,2025-04-10,39
INFY,2025-04-11,54
INFY,2025-04-12,24
INFY,2025-04-13,22
INFY,2025-04-14,37
INFY,2025-04-15,51
INFY,2025-04-16,56
INFY,2025-04-17,100
INFY,2025-04-18,59
INFY,2025-04-19,47
INFY,2025-04-20,28
INFY,2025-04-21,64
INFY,2025-04-22,58
INFY,2025-04-23,56
INFY,2025-04-24,50
INFY,2025-04-25,45
INFY,2025-04-26,24
INFY,2025-04-27,22
INFY,2025-04-28,49
INFY,2025-04-29,48
INFY,2025-04-30,43
INFY,2025-05-01,25
INFY,2025-05-02,41
INFY,2025-05-03,22
INFY,2025-05-04,21
INFY,2025-05-05,47
INFY,2025-05-06,45
INFY,2025-05-07,37
INFY,2025-05-08,37
INFY,2025-05-09,37
INFY,2025-05-10,21
INFY,2025-05-11,19
INFY,2025-05-12,49
INFY,2025-05-13,49
INFY,2025-05-14,52
INFY,2025-05-15,52
INFY,2025-05-16,49
INFY,2025-05-17,26
INFY,2025-05-18,22
INFY,2025-05-19,48
INFY,2025-05-20,43
INFY,2025-05-21,46
INFY,2025-05-22,44
INFY,2025-05-23,45
INFY,2025-05-24,23
INFY,2025-05-25,19
INFY,2025-05-26,42
INFY,2025-05-27,45
INFY,2025-05-28,51
INFY,2025-05-29,59
INFY,2025-05-30,61
INFY,2025-05-31,48
INFY,2025-06-01,39
INFY,2025-06-02,70
INFY,2025-06-03,55
INFY,2025-06-04,53
INFY,2025-06-05,53
INFY,2025-06-06,53
INFY,2025-06-07,36
INFY,2025-06-08,32
INFY,2025-06-09,62
INFY,2025-06-10,53
INFY,2025-06-11,61
INFY,2025-06-12,53
INFY,2025-06-13,51
INFY,2025-06-14,33
INFY,2025-06-15,31
INFY,2025-06-16,53
INFY,2025-06-17,53
INFY,2025-06-18,51
INFY,2025-06-19,49
INFY,2025-06-20,48
INFY,2025-06-21,33
INFY,2025-06-22,29
INFY,2025-06-23,56
INFY,2025-06-24,56
INFY,2025-06-25,58
INFY,2025-06-26,61
INFY,2025-06-27,52
INFY,2025-06-28,34
INFY,2025-06-29,31
INFY,2025-06-30,59
INFY,2025-07-01,45
INFY,2025-07-02,49
INFY,2025-07-03,52
INFY,2025-07-04,42
INFY,2025-07-05,29
INFY,2025-07-06,23
INFY,2025-07-07,50
INFY,2025-07-08,50
INFY,2025-07-09,47
INFY,2025-07-10,49
INFY,2025-07-11,48
INFY,2025-07-12,31
INFY,2025-07-13,28
INFY,2025-07-14,46
INFY,2025-07-15,45
INFY,2025-07-16,47
INFY,2025-07-17,45
INFY,2025-07-18,42
INFY,2025-07-19,30
INFY,2025-07-20,23
INFY,2025-07-21,44
INFY,2025-07-22,48
INFY,2025-07-23,93
INFY,2025-07-24,61
INFY,2025-07-25,51
INFY,2025-07-26,27
INFY,2025-07-27,23
INFY,2025-07-28,52
INFY,2025-07-29,48
INFY,2025-07-30,51
INFY,2025-07-31,50
INFY,2025-08-01,44
INFY,2025-08-02,29
INFY,2025-08-03,22
INFY,2025-08-04,45
INFY,2025-08-05,44
INFY,2025-08-06,50
INFY,2025-08-07,49
INFY,2025-08-08,40
INFY,2025-08-09,22
INFY,2025-08-10,23
INFY,2025-08-11,46
INFY,2025-08-12,45
INFY,2025-08-13,44
INFY,2025-08-14,44
INFY,2025-08-15,23
INFY,2025-08-16,21
INFY,2025-08-17,21
INFY,2025-08-18,46
INFY,2025-08-19,43
INFY,2025-08-20,50
INFY,2025-08-21,45
INFY,2025-08-22,42
INFY,2025-08-23,30
INFY,2025-08-24,23
INFY,2025-08-25,50
INFY,2025-08-26,42
INFY,2025-08-27,24
INFY,2025-08-28,43
INFY,2025-08-29,44
INFY,2025-08-30,29
INFY,2025-08-31,23
INFY,2025-09-01,43
INFY,2025-09-02,41
INFY,2025-09-03,43
INFY,2025-09-04,42
INFY,2025-09-05,40
INFY,2025-09-06,27
INFY,2025-09-07,21
INFY,2025-09-08,50
INFY,2025-09-09,75
INFY,2025-09-10,56
INFY,2025-09-11,74
INFY,2025-09-12,100
INFY,2025-09-13,41
INFY,2025-09-14,29
INFY,2025-09-15,61
INFY,2025-09-16,55
INFY,2025-09-17,52
INFY,2025-09-18,55
INFY,2025-09-19,50
INFY,2025-09-20,41
INFY,2025-09-21,27
INFY,2025-09-22,72
INFY,2025-09-23,55
INFY,2025-09-24,51
INFY,2025-09-25,56
INFY,2025-09-26,51
INFY,2025-09-27,27
INFY,2025-09-28,23
INFY,2025-09-29,51
INFY,2025-09-30,46
INFY,2025-10-01,42
INFY,2025-10-02,23
INFY,2025-10-03,45
INFY,2025-10-04,29
INFY,2025-10-05,24
INFY,2025-10-06,53
INFY,2025-10-07,51
INFY,2025-10-08,55
INFY,2025-10-09,59
INFY,2025-10-10,52
INFY,2025-10-11,34
INFY,2025-10-12,25
INFY,2025-10-13,53
INFY,2025-10-14,53
INFY,2025-10-15,62
INFY,2025-10-16,83
INFY,2025-10-17,89
INFY,2025-10-18,31
INFY,2025-10-19,23
INFY,2025-10-20,41
INFY,2025-10-21,41
INFY,2025-10-22,37
INFY,2025-10-23,71
INFY,2025-10-24,64
INFY,2025-10-25,29
INFY,2025-10-26,26
INFY,2025-10-27,55
INFY,2025-10-28,54
INFY,2025-10-29,50
INFY,2025-10-30,54
INFY,2025-10-31,49
INFY,2025-11-01,30
INFY,2025-11-02,27
INFY,2025-11-03,63
INFY,2025-11-04,68
INFY,2025-11-05,45
INFY,2025-11-06,56
INFY,2025-11-07,65
INFY,2025-11-08,32
INFY,2025-11-09,34
INFY,2025-11-10,68
INFY,2025-11-11,63
INFY,2025-11-12,69
INFY,2025-11-13,68
INFY,2025-11-14,62
INFY,2025-11-15,33
INFY,2025-11-16,27
INFY,2025-11-17,59
INFY,2025-11-18,58
INFY,2025-11-19,73
INFY,2025-11-20,79
INFY,2025-11-21,59
INFY,2025-11-22,31
INFY,2025-11-23,24
INFY,2025-11-24,58
INFY,2025-11-25,55
INFY,2025-11-26,61
INFY,2025-11-27,52
INFY,2025-11-28,47
INFY,2025-11-29,27
INFY,2025-11-30,23
INFY,2025-12-01,53
INFY,2025-12-02,55
INFY,2025-12-03,52
INFY,2025-12-04,53
INFY,2025-12-05,50
INFY,2025-12-06,26
INFY,2025-12-07,25
INFY,2025-12-08,52
INFY,2025-12-09,46
INFY,2025-12-10,46
INFY,2025-12-11,42
INFY,2025-12-12,42
INFY,2025-12-13,21
INFY,2025-12-14,24
INFY,2025-12-15,43
INFY,2025-12-16,39
INFY,2025-12-17,41
INFY,2025-12-18,45
INFY,2025-12-19,70
INFY,2025-12-20,69
INFY,2025-12-21,32
INFY,2025-12-22,58
INFY,2025-12-23,50
INFY,2025-12-24,41
INFY,2025-12-25,25
INFY,2025-12-26,40
INFY,2025-12-27,30
INFY,2025-12-28,24
INFY,2025-12-29,55
INFY,2025-12-30,46
INFY,2025-12-31,40
INFY,2026-01-01,42
INFY,2026-01-02,53
INFY,2026-01-03,32
INFY,2026-01-04,33
INFY,2026-01-05,53
INFY,2026-01-06,51
INFY,2026-01-07,50
INFY,2026-01-08,50
INFY,2026-01-09,42
INFY,2026-01-10,26
INFY,2026-01-11,25
INFY,2026-01-12,51
INFY,2026-01-13,46
INFY,2026-01-14,62
INFY,2026-01-15,42
INFY,2026-01-16,64
INFY,2026-01-17,31
INFY,2026-01-18,26
INFY,2026-01-19,55
INFY,2026-01-20,50
INFY,2026-01-21,48
INFY,2026-01-22,48
INFY,2026-01-23,42
INFY,2026-01-24,34
INFY,2026-01-25,23
INFY,2026-01-26,29
INFY,2026-01-27,52
INFY,2026-01-28,47
INFY,2026-01-29,45
INFY,2026-01-30,41
INFY,2026-01-31,21
INFY,2026-02-01,33
INFY,2026-02-02,50
INFY,2026-02-03,51
INFY,2026-02-04,87
INFY,2026-02-05,66
INFY,2026-02-06,57
INFY,2026-02-07,28
INFY,2026-02-08,26
INFY,2026-02-09,56
INFY,2026-02-10,55
INFY,2026-02-11,50
INFY,2026-02-12,81
INFY,2026-02-13,95
INFY,2026-02-14,31
INFY,2026-02-15,25
INFY,2026-02-16,66
INFY,2026-02-17,75
INFY,2026-02-18,68
INFY,2026-02-19,63
INFY,2026-02-20,64
INFY,2026-02-21,28
INFY,2026-02-22,22
INFY,2026-02-23,62
INFY,2026-02-24,83
INFY,2026-02-25,75
INFY,2026-02-26,61
INFY,2026-02-27,61
INFY,2026-02-28,27
INFY,2026-03-01,19
INFY,2026-03-02,62
INFY,2026-03-03,35
INFY,2026-03-04,60
INFY,2026-03-05,51
INFY,2026-03-06,52
INFY,2026-03-07,26
INFY,2026-03-08,19
INFY,2026-03-09,56
INFY,2026-03-10,51
INFY,2026-03-11,53
INFY,2026-03-12,52
INFY,2026-03-13,52
INFY,2026-03-14,25
INFY,2026-03-15,24
INFY,2026-03-16,55
INFY,2026-03-17,53
INFY,2026-03-18,51
INFY,2026-03-19,46
INFY,2026-03-20,44
INFY,2026-03-21,35
INFY,2026-03-22,26
INFY,2026-03-23,58
INFY,2026-03-24,56
INFY,2026-03-25,55
INFY,2026-03-26,40
INFY,2026-03-27,56
INFY,2026-03-28,29
INFY,2026-03-29,27
INFY,2026-03-30,52
INFY,2026-03-31,43
INFY,2026-04-01,53
INFY,2026-04-02,48
INFY,2026-04-03,30
INFY,2026-04-04,27
INFY,2026-04-05,23
INFY,2026-04-06,49
INFY,2026-04-07,46
INFY,2026-04-08,49
INFY,2026-04-09,49
INFY,2026-04-10,53
INFY,2026-04-11,22
INFY,2026-04-12,21
INFY,2026-04-13,47
INFY,2026-04-14,34
INFY,2026-04-15,47
INFY,2026-04-16,47
INFY,2026-04-17,43
INFY,2026-04-18,24
INFY,2026-04-19,23
INFY,2026-04-20,45
INFY,2026-04-21,47
INFY,2026-04-22,62
INFY,2026-04-23,95
INFY,2026-04-24,100
INFY,2026-04-25,38
INFY,2026-04-26,42
INFY,2026-04-27,73
INFY,2026-04-28,66
INFY,2026-04-29,62
INFY,2026-04-30,51
INFY,2026-05-01,31
INFY,2026-05-02,29
INFY,2026-05-03,25
INFY,2026-05-04,43
INFY,2026-05-05,43
INFY,2026-05-06,44
INFY,2026-05-07,43
INFY,2026-05-08,44
INFY,2026-05-09,24
INFY,2026-05-10,20
INFY,2026-05-11,46
INFY,2026-05-12,54
INFY,2026-05-13,47
INFY,2026-05-14,54
INFY,2026-05-15,54
INFY,2026-05-16,31
INFY,2026-05-17,37
INFY,2026-05-18,49
INFY,2026-05-19,54
INFY,2026-05-20,45
INFY,2026-05-21,45
INFY,2026-05-22,44
INFY,2026-05-23,23
INFY,2026-05-24,24
INFY,2026-05-25,45
INFY,2026-05-26,42
INFY,2026-05-27,44
INFY,2026-05-28,33
INFY,2026-05-29,47
INFY,2026-05-30,24
INFY,2026-05-31,21
INFY,2026-06-01,55
INFY,2026-06-02,60
INFY,2026-06-03,58
INFY,2026-06-04,48
INFY,2026-06-05,48
INFY,2026-06-06,24
INFY,2026-06-07,22
INFY,2026-06-08,49
INFY,2026-06-09,50
INFY,2026-06-10,50
INFY,2026-06-11,48
INFY,2026-06-12,48
INFY,2026-06-13,24
INFY,2026-06-14,24
INFY,2026-06-15,55
INFY,2026-06-16,46
INFY,2026-06-17,44
INFY,2026-06-18,54
INFY,2026-06-19,87
INFY,2026-06-20,30
INFY,2026-06-21,24
INFY,2026-06-22,63
INFY,2026-06-23,72
INFY,2026-06-24,66
INFY,2026-06-25,63
INFY,2026-06-26,36
INFY,2026-06-27,26
INFY,2026-06-28,24
INFY,2026-06-29,55
INFY,2026-06-30,62
INFY,2026-07-01,74
INFY,2026-07-02,76
INFY,2026-07-03,61
INFY,2026-07-04,30
INFY,2026-07-05,28
INFY,2026-07-06,62
INFY,2026-07-07,59
INFY,2026-07-08,58
INFY,2026-07-09,62
INFY,2026-07-10,56
INFY,2026-07-11,31
INFY,2026-07-12,25
INFY,2026-07-13,73
INFY,2026-07-14,62
INFY,2026-07-15,62
INFY,2026-07-16,58
INFY,2026-07-17,57
INFY,2026-07-18,32
INFY,2026-07-19,18
INFY,2026-07-20,62
INFY,2026-07-21,61
INFY,2026-07-22,57
INFY,2026-07-23,100
INFY,2026-07-24,75
INFY,2026-07-25,33
INFY,2026-07-26,37
INFY,2026-07-27,68
INFY,2026-07-28,73
INFY,2026-07-29,67
INFY,2026-07-30,63
INFY,2026-07-31,63
INFY,2026-08-01,39
INFY,2026-08-02,29
INFY,2026-08-03,55
INFY,2026-08-04,57
INFY,2026-08-05,54
INFY,2026-08-06,54
INFY,2026-08-07,47
INFY,2026-08-08,31
INFY,2026-08-09,25
INFY,2026-08-10,53
INFY,2026-08-11,53
INFY,2026-08-12,50
INFY,2026-08-13,47
INFY,2026-08-14,43
INFY,2026-08-15,22
INFY,2026-08-16,22
INFY,2026-08-17,50
INFY,2026-08-18,49
INFY,2026-08-19,54
INFY,2026-08-20,49
INFY,2026-08-21,38
INFY,2026-08-22,27
INFY,2026-08-23,22
INFY,2026-08-24,46
INFY,2026-08-25,50
INFY,2026-08-26,46
INFY,2026-08-27,45
INFY,2026-08-28,42
INFY,2026-08-29,57
INFY,2026-08-30,46
INFY,2026-08-31,61
INFY,2026-09-01,51
INFY,2026-09-02,52
INFY,2026-09-03,48
INFY,2026-09-04,43
INFY,2026-09-05,27
INFY,2026-09-06,23
INFY,2026-09-07,57
INFY,2026-09-08,51
INFY,2026-09-09,55
INFY,2026-09-10,48
INFY,2026-09-11,45
INFY,2026-09-12,23
INFY,2026-09-13,20
INFY,2026-09-14,26
INFY,2026-09-15,51
INFY,2026-09-16,48
INFY,2026-09-17,46
INFY,2026-09-18,47
INFY,2026-09-19,24
INFY,2026-09-20,18
INFY,2026-09-21,43
INFY,2026-09-22,45
INFY,2026-09-23,50
INFY,2026-09-24,49
INFY,2026-09-25,53
INFY,2026-09-26,28
INFY,2026-09-27,21
RELIANCE,2024-01-01,54
RELIANCE,2024-01-02,58
RELIANCE,2024-01-03,65
RELIANCE,2024-01-04,60
RELIANCE,2024-01-05,70
RELIANCE,2024-01-06,30
RELIANCE,2024-01-07,28
RELIANCE,2024-01-08,75
RELIANCE,2024-01-09,67
RELIANCE,2024-01-10,67
RELIANCE,2024-01-11,77
RELIANCE,2024-01-12,75
RELIANCE,2024-01-13,29
RELIANCE,2024-01-14,25
RELIANCE,2024-01-15,76
RELIANCE,2024-01-16,67
RELIANCE,2024-01-17,67
RELIANCE,2024-01-18,69
RELIANCE,2024-01-19,100
RELIANCE,2024-01-20,58
RELIANCE,2024-01-21,25
RELIANCE,2024-01-22,25
RELIANCE,2024-01-23,68
RELIANCE,2024-01-24,59
RELIANCE,2024-01-25,50
RELIANCE,2024-01-26,18
RELIANCE,2024-01-27,20
RELIANCE,2024-01-28,13
RELIANCE,2024-01-29,83
RELIANCE,2024-01-30,76
RELIANCE,2024-01-31,63
RELIANCE,2024-02-01,55
RELIANCE,2024-02-02,60
RELIANCE,2024-02-03,24
RELIANCE,2024-02-04,20
RELIANCE,2024-02-05,58
RELIANCE,2024-02-06,53
RELIANCE,2024-02-07,54
RELIANCE,2024-02-08,56
RELIANCE,2024-02-09,53
RELIANCE,2024-02-10,18
RELIANCE,2024-02-11,17
RELIANCE,2024-02-12,51
RELIANCE,2024-02-13,53
RELIANCE,2024-02-14,53
RELIANCE,2024-02-15,51
RELIANCE,2024-02-16,47
RELIANCE,2024-02-17,20
RELIANCE,2024-02-18,17
RELIANCE,2024-02-19,53
RELIANCE,2024-02-20,46
RELIANCE,2024-02-21,45
RELIANCE,2024-02-22,45
RELIANCE,2024-02-23,52
RELIANCE,2024-02-24,21
RELIANCE,2024-02-25,14
RELIANCE,2024-02-26,49
RELIANCE,2024-02-27,45
RELIANCE,2024-02-28,65
RELIANCE,2024-02-29,61
RELIANCE,2024-03-01,61
RELIANCE,2024-03-02,46
RELIANCE,2024-03-03,41
RELIANCE,2024-03-04,80
RELIANCE,2024-03-05,65
RELIANCE,2024-03-06,62
RELIANCE,2024-03-07,55
RELIANCE,2024-03-08,35
RELIANCE,2024-03-09,29
RELIANCE,2024-03-10,23
RELIANCE,2024-03-11,57
RELIANCE,2024-03-12,55
RELIANCE,2024-03-13,54
RELIANCE,2024-03-14,51
RELIANCE,2024-03-15,47
RELIANCE,2024-03-16,18
RELIANCE,2024-03-17,19
RELIANCE,2024-03-18,49
RELIANCE,2024-03-19,46
RELIANCE,2024-03-20,43
RELIANCE,2024-03-21,45
RELIANCE,2024-03-22,42
RELIANCE,2024-03-23,15
RELIANCE,2024-03-24,11
RELIANCE,2024-03-25,18
RELIANCE,2024-03-26,48
RELIANCE,2024-03-27,54
RELIANCE,2024-03-28,50
RELIANCE,2024-03-29,53
RELIANCE,2024-03-30,40
RELIANCE,2024-03-31,15
RELIANCE,2024-04-01,50
RELIANCE,2024-04-02,41
RELIANCE,2024-04-03,45
RELIANCE,2024-04-04,52
RELIANCE,2024-04-05,44
RELIANCE,2024-04-06,15
RELIANCE,2024-04-07,15
RELIANCE,2024-04-08,52
RELIANCE,2024-04-09,42
RELIANCE,2024-04-10,49
RELIANCE,2024-04-11,21
RELIANCE,2024-04-12,53
RELIANCE,2024-04-13,16
RELIANCE,2024-04-14,15
RELIANCE,2024-04-15,46
RELIANCE,2024-04-16,45
RELIANCE,2024-04-17,23
RELIANCE,2024-04-18,46
RELIANCE,2024-04-19,44
RELIANCE,2024-04-20,15
RELIANCE,2024-04-21,13
RELIANCE,2024-04-22,69
RELIANCE,2024-04-23,60
RELIANCE,2024-04-24,53
RELIANCE,2024-04-25,45
RELIANCE,2024-04-26,39
RELIANCE,2024-04-27,14
RELIANCE,2024-04-28,16
RELIANCE,2024-04-29,44
RELIANCE,2024-04-30,40
RELIANCE,2024-05-01,19
RELIANCE,2024-05-02,39
RELIANCE,2024-05-03,39
RELIANCE,2024-05-04,16
RELIANCE,2024-05-05,13
RELIANCE,2024-05-06,44
RELIANCE,2024-05-07,39
RELIANCE,2024-05-08,39
RELIANCE,2024-05-09,40
RELIANCE,2024-05-10,33
RELIANCE,2024-05-11,15
RELIANCE,2024-05-12,10
RELIANCE,2024-05-13,41
RELIANCE,2024-05-14,42
RELIANCE,2024-05-15,38
RELIANCE,2024-05-16,39
RELIANCE,2024-05-17,35
RELIANCE,2024-05-18,18
RELIANCE,2024-05-19,12
RELIANCE,2024-05-20,22
RELIANCE,2024-05-21,41
RELIANCE,2024-05-22,37
RELIANCE,2024-05-23,49
RELIANCE,2024-05-24,40
RELIANCE,2024-05-25,17
RELIANCE,2024-05-26,14
RELIANCE,2024-05-27,49
RELIANCE,2024-05-28,44
RELIANCE,2024-05-29,41
RELIANCE,2024-05-30,38
RELIANCE,2024-05-31,38
RELIANCE,2024-06-01,16
RELIANCE,2024-06-02,15
RELIANCE,2024-06-03,62
RELIANCE,2024-06-04,46
RELIANCE,2024-06-05,46
RELIANCE,2024-06-06,43
RELIANCE,2024-06-07,43
RELIANCE,2024-06-08,12
RELIANCE,2024-06-09,13
RELIANCE,2024-06-10,45
RELIANCE,2024-06-11,45
RELIANCE,2024-06-12,43
RELIANCE,2024-06-13,43
RELIANCE,2024-06-14,46
RELIANCE,2024-06-15,17
RELIANCE,2024-06-16,16
RELIANCE,2024-06-17,20
RELIANCE,2024-06-18,50
RELIANCE,2024-06-19,44
RELIANCE,2024-06-20,38
RELIANCE,2024-06-21,46
RELIANCE,2024-06-22,17
RELIANCE,2024-06-23,12
RELIANCE,2024-06-24,40
RELIANCE,2024-06-25,38
RELIANCE,2024-06-26,56
RELIANCE,2024-06-27,54
RELIANCE,2024-06-28,62
RELIANCE,2024-06-29,21
RELIANCE,2024-06-30,18
RELIANCE,2024-07-01,32
RELIANCE,2024-07-02,32
RELIANCE,2024-07-03,33
RELIANCE,2024-07-04,30
RELIANCE,2024-07-05,33
RELIANCE,2024-07-06,13
RELIANCE,2024-07-07,13
RELIANCE,2024-07-08,32
RELIANCE,2024-07-09,31
RELIANCE,2024-07-10,31
RELIANCE,2024-07-11,31
RELIANCE,2024-07-12,36
RELIANCE,2024-07-13,20
RELIANCE,2024-07-14,22
RELIANCE,2024-07-15,41
RELIANCE,2024-07-16,40
RELIANCE,2024-07-17,25
RELIANCE,2024-07-18,39
RELIANCE,2024-07-19,47
RELIANCE,2024-07-20,19
RELIANCE,2024-07-21,17
RELIANCE,2024-07-22,44
RELIANCE,2024-07-23,37
RELIANCE,2024-07-24,37
RELIANCE,2024-07-25,32
RELIANCE,2024-07-26,30
RELIANCE,2024-07-27,13
RELIANCE,2024-07-28,11
RELIANCE,2024-07-29,33
RELIANCE,2024-07-30,27
RELIANCE,2024-07-31,28
RELIANCE,2024-08-01,28
RELIANCE,2024-08-02,25
RELIANCE,2024-08-03,13
RELIANCE,2024-08-04,11
RELIANCE,2024-08-05,37
RELIANCE,2024-08-06,28
RELIANCE,2024-08-07,32
RELIANCE,2024-08-08,28
RELIANCE,2024-08-09,53
RELIANCE,2024-08-10,20
RELIANCE,2024-08-11,14
RELIANCE,2024-08-12,36
RELIANCE,2024-08-13,36
RELIANCE,2024-08-14,26
RELIANCE,2024-08-15,10
RELIANCE,2024-08-16,27
RELIANCE,2024-08-17,12
RELIANCE,2024-08-18,10
RELIANCE,2024-08-19,28
RELIANCE,2024-08-20,26
RELIANCE,2024-08-21,29
RELIANCE,2024-08-22,30
RELIANCE,2024-08-23,33
RELIANCE,2024-08-24,13
RELIANCE,2024-08-25,12
RELIANCE,2024-08-26,31
RELIANCE,2024-08-27,31
RELIANCE,2024-08-28,29
RELIANCE,2024-08-29,99
RELIANCE,2024-08-30,95
RELIANCE,2024-08-31,35
RELIANCE,2024-09-01,21
RELIANCE,2024-09-02,52
RELIANCE,2024-09-03,44
RELIANCE,2024-09-04,38
RELIANCE,2024-09-05,70
RELIANCE,2024-09-06,77
RELIANCE,2024-09-07,26
RELIANCE,2024-09-08,18
RELIANCE,2024-09-09,47
RELIANCE,2024-09-10,42
RELIANCE,2024-09-11,35
RELIANCE,2024-09-12,44
RELIANCE,2024-09-13,34
RELIANCE,2024-09-14,14
RELIANCE,2024-09-15,14
RELIANCE,2024-09-16,39
RELIANCE,2024-09-17,36
RELIANCE,2024-09-18,35
RELIANCE,2024-09-19,37
RELIANCE,2024-09-20,39
RELIANCE,2024-09-21,18
RELIANCE,2024-09-22,13
RELIANCE,2024-09-23,49
RELIANCE,2024-09-24,38
RELIANCE,2024-09-25,37
RELIANCE,2024-09-26,36
RELIANCE,2024-09-27,37
RELIANCE,2024-09-28,14
RELIANCE,2024-09-29,14
RELIANCE,2024-09-30,40
RELIANCE,2024-10-01,40
RELIANCE,2024-10-02,17
RELIANCE,2024-10-03,63
RELIANCE,2024-10-04,57
RELIANCE,2024-10-05,24
RELIANCE,2024-10-06,17
RELIANCE,2024-10-07,55
RELIANCE,2024-10-08,40
RELIANCE,2024-10-09,41
RELIANCE,2024-10-10,48
RELIANCE,2024-10-11,42
RELIANCE,2024-10-12,15
RELIANCE,2024-10-13,19
RELIANCE,2024-10-14,75
RELIANCE,2024-10-15,69
RELIANCE,2024-10-16,70
RELIANCE,2024-10-17,54
RELIANCE,2024-10-18,49
RELIANCE,2024-10-19,16
RELIANCE,2024-10-20,14
RELIANCE,2024-10-21,46
RELIANCE,2024-10-22,48
RELIANCE,2024-10-23,43
RELIANCE,2024-10-24,45
RELIANCE,2024-10-25,50
RELIANCE,2024-10-26,17
RELIANCE,2024-10-27,18
RELIANCE,2024-10-28,100
RELIANCE,2024-10-29,66
RELIANCE,2024-10-30,68
RELIANCE,2024-10-31,48
RELIANCE,2024-11-01,45
RELIANCE,2024-11-02,21
RELIANCE,2024-11-03,14
RELIANCE,2024-11-04,68
RELIANCE,2024-11-05,56
RELIANCE,2024-11-06,53
RELIANCE,2024-11-07,51
RELIANCE,2024-11-08,51
RELIANCE,2024-11-09,23
RELIANCE,2024-11-10,19
RELIANCE,2024-11-11,51
RELIANCE,2024-11-12,46
RELIANCE,2024-11-13,54
RELIANCE,2024-11-14,50
RELIANCE,2024-11-15,23
RELIANCE,2024-11-16,13
RELIANCE,2024-11-17,12
RELIANCE,2024-11-18,49
RELIANCE,2024-11-19,45
RELIANCE,2024-11-20,21
RELIANCE,2024-11-21,50
RELIANCE,2024-11-22,43
RELIANCE,2024-11-23,11
RELIANCE,2024-11-24,10
RELIANCE,2024-11-25,50
RELIANCE,2024-11-26,42
RELIANCE,2024-11-27,40
RELIANCE,2024-11-28,39
RELIANCE,2024-11-29,42
RELIANCE,2024-11-30,14
RELIANCE,2024-12-01,11
RELIANCE,2024-12-02,46
RELIANCE,2024-12-03,43
RELIANCE,2024-12-04,42
RELIANCE,2024-12-05,40
RELIANCE,2024-12-06,34
RELIANCE,2024-12-07,13
RELIANCE,2024-12-08,10
RELIANCE,2024-12-09,44
RELIANCE,2024-12-10,44
RELIANCE,2024-12-11,42
RELIANCE,2024-12-12,39
RELIANCE,2024-12-13,40
RELIANCE,2024-12-14,13
RELIANCE,2024-12-15,12
RELIANCE,2024-12-16,42
RELIANCE,2024-12-17,39
RELIANCE,2024-12-18,37
RELIANCE,2024-12-19,40
RELIANCE,2024-12-20,40
RELIANCE,2024-12-21,17
RELIANCE,2024-12-22,13
RELIANCE,2024-12-23,40
RELIANCE,2024-12-24,37
RELIANCE,2024-12-25,15
RELIANCE,2024-12-26,39
RELIANCE,2024-12-27,34
RELIANCE,2024-12-28,10
RELIANCE,2024-12-29,9
RELIANCE,2024-12-30,33
RELIANCE,2024-12-31,31
RELIANCE,2025-01-01,53
RELIANCE,2025-01-02,54
RELIANCE,2025-01-03,50
RELIANCE,2025-01-04,20
RELIANCE,2025-01-05,18
RELIANCE,2025-01-06,57
RELIANCE,2025-01-07,49
RELIANCE,2025-01-08,50
RELIANCE,2025-01-09,49
RELIANCE,2025-01-10,45
RELIANCE,2025-01-11,17
RELIANCE,2025-01-12,13
RELIANCE,2025-01-13,53
RELIANCE,2025-01-14,52
RELIANCE,2025-01-15,48
RELIANCE,2025-01-16,100
RELIANCE,2025-01-17,78
RELIANCE,2025-01-18,21
RELIANCE,2025-01-19,18
RELIANCE,2025-01-20,58
RELIANCE,2025-01-21,50
RELIANCE,2025-01-22,47
RELIANCE,2025-01-23,43
RELIANCE,2025-01-24,47
RELIANCE,2025-01-25,16
RELIANCE,2025-01-26,17
RELIANCE,2025-01-27,58
RELIANCE,2025-01-28,55
RELIANCE,2025-01-29,44
RELIANCE,2025-01-30,46
RELIANCE,2025-01-31,47
RELIANCE,2025-02-01,35
RELIANCE,2025-02-02,14
RELIANCE,2025-02-03,49
RELIANCE,2025-02-04,48
RELIANCE,2025-02-05,40
RELIANCE,2025-02-06,45
RELIANCE,2025-02-07,39
RELIANCE,2025-02-08,13
RELIANCE,2025-02-09,13
RELIANCE,2025-02-10,44
RELIANCE,2025-02-11,43
RELIANCE,2025-02-12,45
RELIANCE,2025-02-13,39
RELIANCE,2025-02-14,44
RELIANCE,2025-02-15,19
RELIANCE,2025-02-16,13
RELIANCE,2025-02-17,48
RELIANCE,2025-02-18,44
RELIANCE,2025-02-19,41
RELIANCE,2025-02-20,36
RELIANCE,2025-02-21,35
RELIANCE,2025-02-22,14
RELIANCE,2025-02-23,9
RELIANCE,2025-02-24,44
RELIANCE,2025-02-25,37
RELIANCE,2025-02-26,18
RELIANCE,2025-02-27,39
RELIANCE,2025-02-28,42
RELIANCE,2025-03-01,16
RELIANCE,2025-03-02,12
RELIANCE,2025-03-03,59
RELIANCE,2025-03-04,47
RELIANCE,2025-03-05,48
RELIANCE,2025-03-06,53
RELIANCE,2025-03-07,44
RELIANCE,2025-03-08,17
RELIANCE,2025-03-09,10
RELIANCE,2025-03-10,47
RELIANCE,2025-03-11,45
RELIANCE,2025-03-12,57
RELIANCE,2025-03-13,54
RELIANCE,2025-03-14,18
RELIANCE,2025-03-15,14
RELIANCE,2025-03-16,15
RELIANCE,2025-03-17,46
RELIANCE,2025-03-18,40
RELIANCE,2025-03-19,41
RELIANCE,2025-03-20,42
RELIANCE,2025-03-21,42
RELIANCE,2025-03-22,14
RELIANCE,2025-03-23,9
RELIANCE,2025-03-24,46
RELIANCE,2025-03-25,40
RELIANCE,2025-03-26,39
RELIANCE,2025-03-27,38
RELIANCE,2025-03-28,37
RELIANCE,2025-03-29,11
RELIANCE,2025-03-30,10
RELIANCE,2025-03-31,15
RELIANCE,2025-04-01,39
RELIANCE,2025-04-02,35
RELIANCE,2025-04-03,36
RELIANCE,2025-04-04,43
RELIANCE,2025-04-05,13
RELIANCE,2025-04-06,9
RELIANCE,2025-04-07,61
RELIANCE,2025-04-08,46
RELIANCE,2025-04-09,41
RELIANCE,2025-04-10,22
RELIANCE,2025-04-11,44
RELIANCE,2025-04-12,12
RELIANCE,2025-04-13,9
RELIANCE,2025-04-14,16
RELIANCE,2025-04-15,41
RELIANCE,2025-04-16,39
RELIANCE,2025-04-17,40
RELIANCE,2025-04-18,18
RELIANCE,2025-04-19,14
RELIANCE,2025-04-20,14
RELIANCE,2025-04-21,48
RELIANCE,2025-04-22,45
RELIANCE,2025-04-23,38
RELIANCE,2025-04-24,38
RELIANCE,2025-04-25,75
RELIANCE,2025-04-26,74
RELIANCE,2025-04-27,25
RELIANCE,2025-04-28,65
RELIANCE,2025-04-29,55
RELIANCE,2025-04-30,47
RELIANCE,2025-05-01,18
RELIANCE,2025-05-02,49
RELIANCE,2025-05-03,11
RELIANCE,2025-05-04,12
RELIANCE,2025-05-05,45
RELIANCE,2025-05-06,40
RELIANCE,2025-05-07,34
RELIANCE,2025-05-08,34
RELIANCE,2025-05-09,36
RELIANCE,2025-05-10,13
RELIANCE,2025-05-11,10
RELIANCE,2025-05-12,50
RELIANCE,2025-05-13,40
RELIANCE,2025-05-14,42
RELIANCE,2025-05-15,47
RELIANCE,2025-05-16,43
RELIANCE,2025-05-17,13
RELIANCE,2025-05-18,12
RELIANCE,2025-05-19,43
RELIANCE,2025-05-20,37
RELIANCE,2025-05-21,39
RELIANCE,2025-05-22,34
RELIANCE,2025-05-23,40
RELIANCE,2025-05-24,12
RELIANCE,2025-05-25,10
RELIANCE,2025-05-26,46
RELIANCE,2025-05-27,33
RELIANCE,2025-05-28,37
RELIANCE,2025-05-29,35
RELIANCE,2025-05-30,34
RELIANCE,2025-05-31,13
RELIANCE,2025-06-01,10
RELIANCE,2025-06-02,44
RELIANCE,2025-06-03,36
RELIANCE,2025-06-04,39
RELIANCE,2025-06-05,49
RELIANCE,2025-06-06,46
RELIANCE,2025-06-07,17
RELIANCE,2025-06-08,15
RELIANCE,2025-06-09,45
RELIANCE,2025-06-10,43
RELIANCE,2025-06-11,49
RELIANCE,2025-06-12,39
RELIANCE,2025-06-13,40
RELIANCE,2025-06-14,13
RELIANCE,2025-06-15,10
RELIANCE,2025-06-16,45
RELIANCE,2025-06-17,37
RELIANCE,2025-06-18,38
RELIANCE,2025-06-19,41
RELIANCE,2025-06-20,37
RELIANCE,2025-06-21,16
RELIANCE,2025-06-22,11
RELIANCE,2025-06-23,40
RELIANCE,2025-06-24,40
RELIANCE,2025-06-25,44
RELIANCE,2025-06-26,50
RELIANCE,2025-06-27,48
RELIANCE,2025-06-28,13
RELIANCE,2025-06-29,12
RELIANCE,2025-06-30,47
RELIANCE,2025-07-01,31
RELIANCE,2025-07-02,27
RELIANCE,2025-07-03,29
RELIANCE,2025-07-04,26
RELIANCE,2025-07-05,11
RELIANCE,2025-07-06,8
RELIANCE,2025-07-07,27
RELIANCE,2025-07-08,28
RELIANCE,2025-07-09,31
RELIANCE,2025-07-10,25
RELIANCE,2025-07-11,24
RELIANCE,2025-07-12,9
RELIANCE,2025-07-13,6
RELIANCE,2025-07-14,26
RELIANCE,2025-07-15,25
RELIANCE,2025-07-16,24
RELIANCE,2025-07-17,28
RELIANCE,2025-07-18,69
RELIANCE,2025-07-19,100
RELIANCE,2025-07-20,34
RELIANCE,2025-07-21,52
RELIANCE,2025-07-22,37
RELIANCE,2025-07-23,29
RELIANCE,2025-07-24,33
RELIANCE,2025-07-25,30
RELIANCE,2025-07-26,11
RELIANCE,2025-07-27,10
RELIANCE,2025-07-28,31
RELIANCE,2025-07-29,28
RELIANCE,2025-07-30,25
RELIANCE,2025-07-31,30
RELIANCE,2025-08-01,24
RELIANCE,2025-08-02,9
RELIANCE,2025-08-03,8
RELIANCE,2025-08-04,29
RELIANCE,2025-08-05,26
RELIANCE,2025-08-06,27
RELIANCE,2025-08-07,30
RELIANCE,2025-08-08,27
RELIANCE,2025-08-09,9
RELIANCE,2025-08-10,9
RELIANCE,2025-08-11,30
RELIANCE,2025-08-12,24
RELIANCE,2025-08-13,24
RELIANCE,2025-08-14,20
RELIANCE,2025-08-15,7
RELIANCE,2025-08-16,8
RELIANCE,2025-08-17,6
RELIANCE,2025-08-18,28
RELIANCE,2025-08-19,27
RELIANCE,2025-08-20,27
RELIANCE,2025-08-21,26
RELIANCE,2025-08-22,25
RELIANCE,2025-08-23,8
RELIANCE,2025-08-24,8
RELIANCE,2025-08-25,26
RELIANCE,2025-08-26,23
RELIANCE,2025-08-27,10
RELIANCE,2025-08-28,26
RELIANCE,2025-08-29,98
RELIANCE,2025-08-30,56
RELIANCE,2025-08-31,17
RELIANCE,2025-09-01,36
RELIANCE,2025-09-02,29
RELIANCE,2025-09-03,23
RELIANCE,2025-09-04,28
RELIANCE,2025-09-05,22
RELIANCE,2025-09-06,10
RELIANCE,2025-09-07,9
RELIANCE,2025-09-08,25
RELIANCE,2025-09-09,23
RELIANCE,2025-09-10,22
RELIANCE,2025-09-11,21
RELIANCE,2025-09-12,21
RELIANCE,2025-09-13,9
RELIANCE,2025-09-14,7
RELIANCE,2025-09-15,24
RELIANCE,2025-09-16,19
RELIANCE,2025-09-17,20
RELIANCE,2025-09-18,21
RELIANCE,2025-09-19,21
RELIANCE,2025-09-20,8
RELIANCE,2025-09-21,7
RELIANCE,2025-09-22,22
RELIANCE,2025-09-23,19
RELIANCE,2025-09-24,18
RELIANCE,2025-09-25,18
RELIANCE,2025-09-26,17
RELIANCE,2025-09-27,7
RELIANCE,2025-09-28,6
RELIANCE,2025-09-29,19
RELIANCE,2025-09-30,18
RELIANCE,2025-10-01,18
RELIANCE,2025-10-02,9
RELIANCE,2025-10-03,21
RELIANCE,2025-10-04,8
RELIANCE,2025-10-05,7
RELIANCE,2025-10-06,23
RELIANCE,2025-10-07,20
RELIANCE,2025-10-08,21
RELIANCE,2025-10-09,19
RELIANCE,2025-10-10,23
RELIANCE,2025-10-11,8
RELIANCE,2025-10-12,6
RELIANCE,2025-10-13,21
RELIANCE,2025-10-14,19
RELIANCE,2025-10-15,23
RELIANCE,2025-10-16,21
RELIANCE,2025-10-17,49
RELIANCE,2025-10-18,39
RELIANCE,2025-10-19,12
RELIANCE,2025-10-20,31
RELIANCE,2025-10-21,20
RELIANCE,2025-10-22,11
RELIANCE,2025-10-23,24
RELIANCE,2025-10-24,23
RELIANCE,2025-10-25,9
RELIANCE,2025-10-26,8
RELIANCE,2025-10-27,29
RELIANCE,2025-10-28,22
RELIANCE,2025-10-29,22
RELIANCE,2025-10-30,25
RELIANCE,2025-10-31,19
RELIANCE,2025-11-01,13
RELIANCE,2025-11-02,8
RELIANCE,2025-11-03,25
RELIANCE,2025-11-04,22
RELIANCE,2025-11-05,14
RELIANCE,2025-11-06,25
RELIANCE,2025-11-07,22
RELIANCE,2025-11-08,10
RELIANCE,2025-11-09,10
RELIANCE,2025-11-10,26
RELIANCE,2025-11-11,22
RELIANCE,2025-11-12,29
RELIANCE,2025-11-13,26
RELIANCE,2025-11-14,23
RELIANCE,2025-11-15,9
RELIANCE,2025-11-16,9
RELIANCE,2025-11-17,28
RELIANCE,2025-11-18,24
RELIANCE,2025-11-19,24
RELIANCE,2025-11-20,30
RELIANCE,2025-11-21,26
RELIANCE,2025-11-22,10
RELIANCE,2025-11-23,9
RELIANCE,2025-11-24,23
RELIANCE,2025-11-25,27
RELIANCE,2025-11-26,31
RELIANCE,2025-11-27,29
RELIANCE,2025-11-28,28
RELIANCE,2025-11-29,12
RELIANCE,2025-11-30,7
RELIANCE,2025-12-01,29
RELIANCE,2025-12-02,26
RELIANCE,2025-12-03,21
RELIANCE,2025-12-04,26
RELIANCE,2025-12-05,24
RELIANCE,2025-12-06,10
RELIANCE,2025-12-07,11
RELIANCE,2025-12-08,23
RELIANCE,2025-12-09,22
RELIANCE,2025-12-10,21
RELIANCE,2025-12-11,18
RELIANCE,2025-12-12,21
RELIANCE,2025-12-13,8
RELIANCE,2025-12-14,8
RELIANCE,2025-12-15,24
RELIANCE,2025-12-16,19
RELIANCE,2025-12-17,19
RELIANCE,2025-12-18,21
RELIANCE,2025-12-19,20
RELIANCE,2025-12-20,11
RELIANCE,2025-12-21,8
RELIANCE,2025-12-22,25
RELIANCE,2025-12-23,19
RELIANCE,2025-12-24,18
RELIANCE,2025-12-25,8
RELIANCE,2025-12-26,19
RELIANCE,2025-12-27,7
RELIANCE,2025-12-28,9
RELIANCE,2025-12-29,21
RELIANCE,2025-12-30,19
RELIANCE,2025-12-31,21
RELIANCE,2026-01-01,34
RELIANCE,2026-01-02,39
RELIANCE,2026-01-03,14
RELIANCE,2026-01-04,16
RELIANCE,2026-01-05,46
RELIANCE,2026-01-06,79
RELIANCE,2026-01-07,55
RELIANCE,2026-01-08,50
RELIANCE,2026-01-09,49
RELIANCE,2026-01-10,21
RELIANCE,2026-01-11,15
RELIANCE,2026-01-12,51
RELIANCE,2026-01-13,47
RELIANCE,2026-01-14,38
RELIANCE,2026-01-15,20
RELIANCE,2026-01-16,77
RELIANCE,2026-01-17,28
RELIANCE,2026-01-18,16
RELIANCE,2026-01-19,56
RELIANCE,2026-01-20,49
RELIANCE,2026-01-21,45
RELIANCE,2026-01-22,41
RELIANCE,2026-01-23,38
RELIANCE,2026-01-24,14
RELIANCE,2026-01-25,12
RELIANCE,2026-01-26,15
RELIANCE,2026-01-27,47
RELIANCE,2026-01-28,39
RELIANCE,2026-01-29,39
RELIANCE,2026-01-30,36
RELIANCE,2026-01-31,13
RELIANCE,2026-02-01,39
RELIANCE,2026-02-02,47
RELIANCE,2026-02-03,50
RELIANCE,2026-02-04,42
RELIANCE,2026-02-05,37
RELIANCE,2026-02-06,38
RELIANCE,2026-02-07,12
RELIANCE,2026-02-08,12
RELIANCE,2026-02-09,45
RELIANCE,2026-02-10,39
RELIANCE,2026-02-11,35
RELIANCE,2026-02-12,31
RELIANCE,2026-02-13,37
RELIANCE,2026-02-14,15
RELIANCE,2026-02-15,13
RELIANCE,2026-02-16,35
RELIANCE,2026-02-17,35
RELIANCE,2026-02-18,30
RELIANCE,2026-02-19,35
RELIANCE,2026-02-20,37
RELIANCE,2026-02-21,13
RELIANCE,2026-02-22,12
RELIANCE,2026-02-23,39
RELIANCE,2026-02-24,33
RELIANCE,2026-02-25,37
RELIANCE,2026-02-26,30
RELIANCE,2026-02-27,31
RELIANCE,2026-02-28,13
RELIANCE,2026-03-01,13
RELIANCE,2026-03-02,46
RELIANCE,2026-03-03,21
RELIANCE,2026-03-04,39
RELIANCE,2026-03-05,41
RELIANCE,2026-03-06,42
RELIANCE,2026-03-07,17
RELIANCE,2026-03-08,12
RELIANCE,2026-03-09,51
RELIANCE,2026-03-10,39
RELIANCE,2026-03-11,100
RELIANCE,2026-03-12,58
RELIANCE,2026-03-13,50
RELIANCE,2026-03-14,18
RELIANCE,2026-03-15,16
RELIANCE,2026-03-16,48
RELIANCE,2026-03-17,43
RELIANCE,2026-03-18,39
RELIANCE,2026-03-19,41
RELIANCE,2026-03-20,41
RELIANCE,2026-03-21,16
RELIANCE,2026-03-22,14
RELIANCE,2026-03-23,40
RELIANCE,2026-03-24,35
RELIANCE,2026-03-25,35
RELIANCE,2026-03-26,17
RELIANCE,2026-03-27,48
RELIANCE,2026-03-28,16
RELIANCE,2026-03-29,13
RELIANCE,2026-03-30,41
RELIANCE,2026-03-31,22
RELIANCE,2026-04-01,37
RELIANCE,2026-04-02,35
RELIANCE,2026-04-03,14
RELIANCE,2026-04-04,11
RELIANCE,2026-04-05,11
RELIANCE,2026-04-06,56
RELIANCE,2026-04-07,47
RELIANCE,2026-04-08,43
RELIANCE,2026-04-09,39
RELIANCE,2026-04-10,39
RELIANCE,2026-04-11,11
RELIANCE,2026-04-12,13
RELIANCE,2026-04-13,39
RELIANCE,2026-04-14,17
RELIANCE,2026-04-15,39
RELIANCE,2026-04-16,36
RELIANCE,2026-04-17,38
RELIANCE,2026-04-18,14
RELIANCE,2026-04-19,12
RELIANCE,2026-04-20,62
RELIANCE,2026-04-21,37
RELIANCE,2026-04-22,34
RELIANCE,2026-04-23,37
RELIANCE,2026-04-24,78
RELIANCE,2026-04-25,26
RELIANCE,2026-04-26,16
RELIANCE,2026-04-27,46
RELIANCE,2026-04-28,36
RELIANCE,2026-04-29,39
RELIANCE,2026-04-30,33
RELIANCE,2026-05-01,15
RELIANCE,2026-05-02,10
RELIANCE,2026-05-03,10
RELIANCE,2026-05-04,29
RELIANCE,2026-05-05,30
RELIANCE,2026-05-06,40
RELIANCE,2026-05-07,33
RELIANCE,2026-05-08,31
RELIANCE,2026-05-09,10
RELIANCE,2026-05-10,8
RELIANCE,2026-05-11,36
RELIANCE,2026-05-12,37
RELIANCE,2026-05-13,30
RELIANCE,2026-05-14,31
RELIANCE,2026-05-15,32
RELIANCE,2026-05-16,10
RELIANCE,2026-05-17,10
RELIANCE,2026-05-18,34
RELIANCE,2026-05-19,27
RELIANCE,2026-05-20,32
RELIANCE,2026-05-21,30
RELIANCE,2026-05-22,31
RELIANCE,2026-05-23,15
RELIANCE,2026-05-24,10
RELIANCE,2026-05-25,35
RELIANCE,2026-05-26,29
RELIANCE,2026-05-27,37
RELIANCE,2026-05-28,34
RELIANCE,2026-05-29,42
RELIANCE,2026-05-30,15
RELIANCE,2026-05-31,24
RELIANCE,2026-06-01,46
RELIANCE,2026-06-02,30
RELIANCE,2026-06-03,35
RELIANCE,2026-06-04,49
RELIANCE,2026-06-05,38
RELIANCE,2026-06-06,10
RELIANCE,2026-06-07,10
RELIANCE,2026-06-08,46
RELIANCE,2026-06-09,41
RELIANCE,2026-06-10,45
RELIANCE,2026-06-11,38
RELIANCE,2026-06-12,38
RELIANCE,2026-06-13,16
RELIANCE,2026-06-14,14
RELIANCE,2026-06-15,47
RELIANCE,2026-06-16,41
RELIANCE,2026-06-17,37
RELIANCE,2026-06-18,35
RELIANCE,2026-06-19,61
RELIANCE,2026-06-20,23
RELIANCE,2026-06-21,18
RELIANCE,2026-06-22,50
RELIANCE,2026-06-23,39
RELIANCE,2026-06-24,35
RELIANCE,2026-06-25,37
RELIANCE,2026-06-26,17
RELIANCE,2026-06-27,12
RELIANCE,2026-06-28,11
RELIANCE,2026-06-29,39
RELIANCE,2026-06-30,35
RELIANCE,2026-07-01,32
RELIANCE,2026-07-02,36
RELIANCE,2026-07-03,34
RELIANCE,2026-07-04,15
RELIANCE,2026-07-05,13
RELIANCE,2026-07-06,38
RELIANCE,2026-07-07,35
RELIANCE,2026-07-08,38
RELIANCE,2026-07-09,38
RELIANCE,2026-07-10,38
RELIANCE,2026-07-11,20
RELIANCE,2026-07-12,13
RELIANCE,2026-07-13,43
RELIANCE,2026-07-14,34
RELIANCE,2026-07-15,34
RELIANCE,2026-07-16,39
RELIANCE,2026-07-17,100
RELIANCE,2026-07-18,30
RELIANCE,2026-07-19,52
RELIANCE,2026-07-20,33
RELIANCE,2026-07-21,41
RELIANCE,2026-07-22,39
RELIANCE,2026-07-23,33
RELIANCE,2026-07-24,40
RELIANCE,2026-07-25,11
RELIANCE,2026-07-26,9
RELIANCE,2026-07-27,37
RELIANCE,2026-07-28,36
RELIANCE,2026-07-29,30
RELIANCE,2026-07-30,36
RELIANCE,2026-07-31,32
RELIANCE,2026-08-01,11
RELIANCE,2026-08-02,13
RELIANCE,2026-08-03,37
RELIANCE,2026-08-04,35
RELIANCE,2026-08-05,33
RELIANCE,2026-08-06,42
RELIANCE,2026-08-07,35
RELIANCE,2026-08-08,20
RELIANCE,2026-08-09,11
RELIANCE,2026-08-10,35
RELIANCE,2026-08-11,33
RELIANCE,2026-08-12,34
RELIANCE,2026-08-13,36
RELIANCE,2026-08-14,31
RELIANCE,2026-08-15,14
RELIANCE,2026-08-16,20
RELIANCE,2026-08-17,38
RELIANCE,2026-08-18,36
RELIANCE,2026-08-19,36
RELIANCE,2026-08-20,33
RELIANCE,2026-08-21,31
RELIANCE,2026-08-22,15
RELIANCE,2026-08-23,15
RELIANCE,2026-08-24,35
RELIANCE,2026-08-25,32
RELIANCE,2026-08-26,34
RELIANCE,2026-08-27,34
RELIANCE,2026-08-28,31
RELIANCE,2026-08-29,24
RELIANCE,2026-08-30,18
RELIANCE,2026-08-31,44
RELIANCE,2026-09-01,36
RELIANCE,2026-09-02,44
RELIANCE,2026-09-03,34
RELIANCE,2026-09-04,39
RELIANCE,2026-09-05,11
RELIANCE,2026-09-06,15
RELIANCE,2026-09-07,34
RELIANCE,2026-09-08,37
RELIANCE,2026-09-09,32
RELIANCE,2026-09-10,33
RELIANCE,2026-09-11,39
RELIANCE,2026-09-12,13
RELIANCE,2026-09-13,10
RELIANCE,2026-09-14,13
RELIANCE,2026-09-15,35
RELIANCE,2026-09-16,34
RELIANCE,2026-09-17,30
RELIANCE,2026-09-18,32
RELIANCE,2026-09-19,13
RELIANCE,2026-09-20,12
RELIANCE,2026-09-21,28
RELIANCE,2026-09-22,27
RELIANCE,2026-09-23,30
RELIANCE,2026-09-24,38
RELIANCE,2026-09-25,32
RELIANCE,2026-09-26,13
RELIANCE,2026-09-27,9
TCS,2024-01-01,36
TCS,2024-01-02,82
TCS,2024-01-03,75
TCS,2024-01-04,70
TCS,2024-01-05,75
TCS,2024-01-06,54
TCS,2024-01-07,48
TCS,2024-01-08,65
TCS,2024-01-09,86
TCS,2024-01-10,63
TCS,2024-01-11,100
TCS,2024-01-12,88
TCS,2024-01-13,54
TCS,2024-01-14,49
TCS,2024-01-15,67
TCS,2024-01-16,58
TCS,2024-01-17,83
TCS,2024-01-18,72
TCS,2024-01-19,71
TCS,2024-01-20,45
TCS,2024-01-21,21
TCS,2024-01-22,78
TCS,2024-01-23,70
TCS,2024-01-24,72
TCS,2024-01-25,50
TCS,2024-01-26,31
TCS,2024-01-27,39
TCS,2024-01-28,49
TCS,2024-01-29,59
TCS,2024-01-30,76
TCS,2024-01-31,73
TCS,2024-02-01,62
TCS,2024-02-02,77
TCS,2024-02-03,48
TCS,2024-02-04,48
TCS,2024-02-05,70
TCS,2024-02-06,77
TCS,2024-02-07,67
TCS,2024-02-08,96
TCS,2024-02-09,69
TCS,2024-02-10,41
TCS,2024-02-11,27
TCS,2024-02-12,62
TCS,2024-02-13,83
TCS,2024-02-14,62
TCS,2024-02-15,60
TCS,2024-02-16,68
TCS,2024-02-17,56
TCS,2024-02-18,54
TCS,2024-02-19,87
TCS,2024-02-20,70
TCS,2024-02-21,85
TCS,2024-02-22,77
TCS,2024-02-23,59
TCS,2024-02-24,46
TCS,2024-02-25,47
TCS,2024-02-26,72
TCS,2024-02-27,77
TCS,2024-02-28,62
TCS,2024-02-29,68
TCS,2024-03-01,67
TCS,2024-03-02,66
TCS,2024-03-03,38
TCS,2024-03-04,88
TCS,2024-03-05,74
TCS,2024-03-06,69
TCS,2024-03-07,88
TCS,2024-03-08,71
TCS,2024-03-09,37
TCS,2024-03-10,43
TCS,2024-03-11,70
TCS,2024-03-12,70
TCS,2024-03-13,74
TCS,2024-03-14,82
TCS,2024-03-15,81
TCS,2024-03-16,59
TCS,2024-03-17,32
TCS,2024-03-18,73
TCS,2024-03-19,80
TCS,2024-03-20,69
TCS,2024-03-21,78
TCS,2024-03-22,64
TCS,2024-03-23,45
TCS,2024-03-24,24
TCS,2024-03-25,41
TCS,2024-03-26,66
TCS,2024-03-27,65
TCS,2024-03-28,61
TCS,2024-03-29,62
TCS,2024-03-30,51
TCS,2024-03-31,29
TCS,2024-04-01,70
TCS,2024-04-02,74
TCS,2024-04-03,48
TCS,2024-04-04,57
TCS,2024-04-05,71
TCS,2024-04-06,31
TCS,2024-04-07,50
TCS,2024-04-08,56
TCS,2024-04-09,58
TCS,2024-04-10,90
TCS,2024-04-11,75
TCS,2024-04-12,82
TCS,2024-04-13,87
TCS,2024-04-14,41
TCS,2024-04-15,42
TCS,2024-04-16,53
TCS,2024-04-17,70
TCS,2024-04-18,81
TCS,2024-04-19,46
TCS,2024-04-20,65
TCS,2024-04-21,50
TCS,2024-04-22,56
TCS,2024-04-23,83
TCS,2024-04-24,59
TCS,2024-04-25,59
TCS,2024-04-26,54
TCS,2024-04-27,60
TCS,2024-04-28,36
TCS,2024-04-29,72
TCS,2024-04-30,66
TCS,2024-05-01,35
TCS,2024-05-02,58
TCS,2024-05-03,65
TCS,2024-05-04,32
TCS,2024-05-05,35
TCS,2024-05-06,54
TCS,2024-05-07,56
TCS,2024-05-08,73
TCS,2024-05-09,64
TCS,2024-05-10,65
TCS,2024-05-11,22
TCS,2024-05-12,21
TCS,2024-05-13,68
TCS,2024-05-14,67
TCS,2024-05-15,62
TCS,2024-05-16,59
TCS,2024-05-17,69
TCS,2024-05-18,43
TCS,2024-05-19,34
TCS,2024-05-20,55
TCS,2024-05-21,68
TCS,2024-05-22,59
TCS,2024-05-23,64
TCS,2024-05-24,50
TCS,2024-05-25,60
TCS,2024-05-26,29
TCS,2024-05-27,57
TCS,2024-05-28,56
TCS,2024-05-29,78
TCS,2024-05-30,74
TCS,2024-05-31,86
TCS,2024-06-01,49
TCS,2024-06-02,42
TCS,2024-06-03,60
TCS,2024-06-04,41
TCS,2024-06-05,59
TCS,2024-06-06,72
TCS,2024-06-07,63
TCS,2024-06-08,43
TCS,2024-06-09,21
TCS,2024-06-10,60
TCS,2024-06-11,75
TCS,2024-06-12,68
TCS,2024-06-13,56
TCS,2024-06-14,81
TCS,2024-06-15,54
TCS,2024-06-16,41
TCS,2024-06-17,58
TCS,2024-06-18,63
TCS,2024-06-19,79
TCS,2024-06-20,71
TCS,2024-06-21,54
TCS,2024-06-22,49
TCS,2024-06-23,49
TCS,2024-06-24,44
TCS,2024-06-25,59
TCS,2024-06-26,66
TCS,2024-06-27,68
TCS,2024-06-28,71
TCS,2024-06-29,38
TCS,2024-06-30,22
TCS,2024-07-01,26
TCS,2024-07-02,22
TCS,2024-07-03,25
TCS,2024-07-04,26
TCS,2024-07-05,21
TCS,2024-07-06,24
TCS,2024-07-07,15
TCS,2024-07-08,26
TCS,2024-07-09,32
TCS,2024-07-10,23
TCS,2024-07-11,43
TCS,2024-07-12,31
TCS,2024-07-13,18
TCS,2024-07-14,16
TCS,2024-07-15,28
TCS,2024-07-16,28
TCS,2024-07-17,31
TCS,2024-07-18,32
TCS,2024-07-19,34
TCS,2024-07-20,24
TCS,2024-07-21,18
TCS,2024-07-22,26
TCS,2024-07-23,31
TCS,2024-07-24,31
TCS,2024-07-25,37
TCS,2024-07-26,29
TCS,2024-07-27,21
TCS,2024-07-28,15
TCS,2024-07-29,25
TCS,2024-07-30,30
TCS,2024-07-31,33
TCS,2024-08-01,28
TCS,2024-08-02,25
TCS,2024-08-03,27
TCS,2024-08-04,14
TCS,2024-08-05,34
TCS,2024-08-06,31
TCS,2024-08-07,24
TCS,2024-08-08,24
TCS,2024-08-09,27
TCS,2024-08-10,8
TCS,2024-08-11,15
TCS,2024-08-12,31
TCS,2024-08-13,26
TCS,2024-08-14,22
TCS,2024-08-15,18
TCS,2024-08-16,29
TCS,2024-08-17,23
TCS,2024-08-18,12
TCS,2024-08-19,21
TCS,2024-08-20,19
TCS,2024-08-21,23
TCS,2024-08-22,24
TCS,2024-08-23,25
TCS,2024-08-24,20
TCS,2024-08-25,18
TCS,2024-08-26,28
TCS,2024-08-27,26
TCS,2024-08-28,28
TCS,2024-08-29,25
TCS,2024-08-30,25
TCS,2024-08-31,15
TCS,2024-09-01,19
TCS,2024-09-02,19
TCS,2024-09-03,22
TCS,2024-09-04,22
TCS,2024-09-05,17
TCS,2024-09-06,18
TCS,2024-09-07,13
TCS,2024-09-08,11
TCS,2024-09-09,27
TCS,2024-09-10,23
TCS,2024-09-11,26
TCS,2024-09-12,23
TCS,2024-09-13,26
TCS,2024-09-14,18
TCS,2024-09-15,13
TCS,2024-09-16,19
TCS,2024-09-17,16
TCS,2024-09-18,23
TCS,2024-09-19,23
TCS,2024-09-20,25
TCS,2024-09-21,15
TCS,2024-09-22,13
TCS,2024-09-23,24
TCS,2024-09-24,26
TCS,2024-09-25,26
TCS,2024-09-26,20
TCS,2024-09-27,22
TCS,2024-09-28,17
TCS,2024-09-29,13
TCS,2024-09-30,25
TCS,2024-10-01,13
TCS,2024-10-02,15
TCS,2024-10-03,22
TCS,2024-10-04,27
TCS,2024-10-05,18
TCS,2024-10-06,12
TCS,2024-10-07,25
TCS,2024-10-08,24
TCS,2024-10-09,37
TCS,2024-10-10,100
TCS,2024-10-11,43
TCS,2024-10-12,12
TCS,2024-10-13,18
TCS,2024-10-14,35
TCS,2024-10-15,25
TCS,2024-10-16,19
TCS,2024-10-17,16
TCS,2024-10-18,22
TCS,2024-10-19,21
TCS,2024-10-20,15
TCS,2024-10-21,17
TCS,2024-10-22,21
TCS,2024-10-23,26
TCS,2024-10-24,11
TCS,2024-10-25,20
TCS,2024-10-26,16
TCS,2024-10-27,11
TCS,2024-10-28,17
TCS,2024-10-29,17
TCS,2024-10-30,15
TCS,2024-10-31,11
TCS,2024-11-01,13
TCS,2024-11-02,12
TCS,2024-11-03,10
TCS,2024-11-04,22
TCS,2024-11-05,18
TCS,2024-11-06,32
TCS,2024-11-07,24
TCS,2024-11-08,22
TCS,2024-11-09,13
TCS,2024-11-10,17
TCS,2024-11-11,25
TCS,2024-11-12,23
TCS,2024-11-13,18
TCS,2024-11-14,22
TCS,2024-11-15,16
TCS,2024-11-16,14
TCS,2024-11-17,15
TCS,2024-11-18,20
TCS,2024-11-19,26
TCS,2024-11-20,22
TCS,2024-11-21,24
TCS,2024-11-22,22
TCS,2024-11-23,11
TCS,2024-11-24,16
TCS,2024-11-25,16
TCS,2024-11-26,15
TCS,2024-11-27,30
TCS,2024-11-28,17
TCS,2024-11-29,26
TCS,2024-11-30,10
TCS,2024-12-01,14
TCS,2024-12-02,28
TCS,2024-12-03,22
TCS,2024-12-04,18
TCS,2024-12-05,27
TCS,2024-12-06,24
TCS,2024-12-07,13
TCS,2024-12-08,12
TCS,2024-12-09,20
TCS,2024-12-10,25
TCS,2024-12-11,16
TCS,2024-12-12,17
TCS,2024-12-13,13
TCS,2024-12-14,13
TCS,2024-12-15,15
TCS,2024-12-16,22
TCS,2024-12-17,16
TCS,2024-12-18,20
TCS,2024-12-19,34
TCS,2024-12-20,20
TCS,2024-12-21,19
TCS,2024-12-22,15
TCS,2024-12-23,19
TCS,2024-12-24,18
TCS,2024-12-25,14
TCS,2024-12-26,19
TCS,2024-12-27,20
TCS,2024-12-28,16
TCS,2024-12-29,15
TCS,2024-12-30,21
TCS,2024-12-31,16
TCS,2025-01-01,34
TCS,2025-01-02,42
TCS,2025-01-03,46
TCS,2025-01-04,35
TCS,2025-01-05,26
TCS,2025-01-06,36
TCS,2025-01-07,31
TCS,2025-01-08,38
TCS,2025-01-09,65
TCS,2025-01-10,56
TCS,2025-01-11,44
TCS,2025-01-12,27
TCS,2025-01-13,43
TCS,2025-01-14,42
TCS,2025-01-15,38
TCS,2025-01-16,31
TCS,2025-01-17,43
TCS,2025-01-18,30
TCS,2025-01-19,20
TCS,2025-01-20,40
TCS,2025-01-21,50
TCS,2025-01-22,43
TCS,2025-01-23,34
TCS,2025-01-24,49
TCS,2025-01-25,37
TCS,2025-01-26,0
TCS,2025-01-27,55
TCS,2025-01-28,47
TCS,2025-01-29,46
TCS,2025-01-30,34
TCS,2025-01-31,60
TCS,2025-02-01,38
TCS,2025-02-02,33
TCS,2025-02-03,33
TCS,2025-02-04,52
TCS,2025-02-05,35
TCS,2025-02-06,49
TCS,2025-02-07,53
TCS,2025-02-08,26
TCS,2025-02-09,18
TCS,2025-02-10,35
TCS,2025-02-11,39
TCS,2025-02-12,47
TCS,2025-02-13,62
TCS,2025-02-14,41
TCS,2025-02-15,35
TCS,2025-02-16,25
TCS,2025-02-17,50
TCS,2025-02-18,42
TCS,2025-02-19,49
TCS,2025-02-20,100
TCS,2025-02-21,47
TCS,2025-02-22,32
TCS,2025-02-23,35
TCS,2025-02-24,39
TCS,2025-02-25,48
TCS,2025-02-26,40
TCS,2025-02-27,37
TCS,2025-02-28,42
TCS,2025-03-01,35
TCS,2025-03-02,28
TCS,2025-03-03,53
TCS,2025-03-04,31
TCS,2025-03-05,43
TCS,2025-03-06,54
TCS,2025-03-07,41
TCS,2025-03-08,39
TCS,2025-03-09,23
TCS,2025-03-10,53
TCS,2025-03-11,44
TCS,2025-03-12,27
TCS,2025-03-13,41
TCS,2025-03-14,36
TCS,2025-03-15,29
TCS,2025-03-16,0
TCS,2025-03-17,55
TCS,2025-03-18,49
TCS,2025-03-19,36
TCS,2025-03-20,36
TCS,2025-03-21,55
TCS,2025-03-22,27
TCS,2025-03-23,22
TCS,2025-03-24,44
TCS,2025-03-25,45
TCS,2025-03-26,44
TCS,2025-03-27,40
TCS,2025-03-28,26
TCS,2025-03-29,30
TCS,2025-03-30,24
TCS,2025-03-31,28
TCS,2025-04-01,37
TCS,2025-04-02,56
TCS,2025-04-03,44
TCS,2025-04-04,40
TCS,2025-04-05,19
TCS,2025-04-06,19
TCS,2025-04-07,34
TCS,2025-04-08,45
TCS,2025-04-09,48
TCS,2025-04-10,49
TCS,2025-04-11,39
TCS,2025-04-12,32
TCS,2025-04-13,27
TCS,2025-04-14,41
TCS,2025-04-15,28
TCS,2025-04-16,55
TCS,2025-04-17,53
TCS,2025-04-18,41
TCS,2025-04-19,18
TCS,2025-04-20,20
TCS,2025-04-21,40
TCS,2025-04-22,47
TCS,2025-04-23,35
TCS,2025-04-24,38
TCS,2025-04-25,37
TCS,2025-04-26,21
TCS,2025-04-27,29
TCS,2025-04-28,25
TCS,2025-04-29,39
TCS,2025-04-30,21
TCS,2025-05-01,19
TCS,2025-05-02,22
TCS,2025-05-03,22
TCS,2025-05-04,25
TCS,2025-05-05,44
TCS,2025-05-06,36
TCS,2025-05-07,44
TCS,2025-05-08,33
TCS,2025-05-09,49
TCS,2025-05-10,24
TCS,2025-05-11,19
TCS,2025-05-12,24
TCS,2025-05-13,25
TCS,2025-05-14,49
TCS,2025-05-15,38
TCS,2025-05-16,42
TCS,2025-05-17,42
TCS,2025-05-18,20
TCS,2025-05-19,42
TCS,2025-05-20,39
TCS,2025-05-21,36
TCS,2025-05-22,33
TCS,2025-05-23,32
TCS,2025-05-24,25
TCS,2025-05-25,39
TCS,2025-05-26,40
TCS,2025-05-27,44
TCS,2025-05-28,39
TCS,2025-05-29,25
TCS,2025-05-30,40
TCS,2025-05-31,21
TCS,2025-06-01,21
TCS,2025-06-02,36
TCS,2025-06-03,40
TCS,2025-06-04,28
TCS,2025-06-05,51
TCS,2025-06-06,38
TCS,2025-06-07,42
TCS,2025-06-08,29
TCS,2025-06-09,40
TCS,2025-06-10,43
TCS,2025-06-11,47
TCS,2025-06-12,47
TCS,2025-06-13,56
TCS,2025-06-14,38
TCS,2025-06-15,0
TCS,2025-06-16,40
TCS,2025-06-17,47
TCS,2025-06-18,53
TCS,2025-06-19,66
TCS,2025-06-20,46
TCS,2025-06-21,30
TCS,2025-06-22,29
TCS,2025-06-23,38
TCS,2025-06-24,39
TCS,2025-06-25,45
TCS,2025-06-26,48
TCS,2025-06-27,34
TCS,2025-06-28,26
TCS,2025-06-29,36
TCS,2025-06-30,41
TCS,2025-07-01,24
TCS,2025-07-02,23
TCS,2025-07-03,28
TCS,2025-07-04,30
TCS,2025-07-05,11
TCS,2025-07-06,13
TCS,2025-07-07,22
TCS,2025-07-08,25
TCS,2025-07-09,22
TCS,2025-07-10,35
TCS,2025-07-11,26
TCS,2025-07-12,15
TCS,2025-07-13,10
TCS,2025-07-14,22
TCS,2025-07-15,24
TCS,2025-07-16,27
TCS,2025-07-17,30
TCS,2025-07-18,19
TCS,2025-07-19,15
TCS,2025-07-20,12
TCS,2025-07-21,26
TCS,2025-07-22,17
TCS,2025-07-23,26
TCS,2025-07-24,23
TCS,2025-07-25,24
TCS,2025-07-26,10
TCS,2025-07-27,55
TCS,2025-07-28,41
TCS,2025-07-29,34
TCS,2025-07-30,18
TCS,2025-07-31,23
TCS,2025-08-01,18
TCS,2025-08-02,21
TCS,2025-08-03,19
TCS,2025-08-04,18
TCS,2025-08-05,22
TCS,2025-08-06,18
TCS,2025-08-07,28
TCS,2025-08-08,17
TCS,2025-08-09,13
TCS,2025-08-10,15
TCS,2025-08-11,25
TCS,2025-08-12,24
TCS,2025-08-13,23
TCS,2025-08-14,14
TCS,2025-08-15,16
TCS,2025-08-16,11
TCS,2025-08-17,0
TCS,2025-08-18,25
TCS,2025-08-19,17
TCS,2025-08-20,26
TCS,2025-08-21,20
TCS,2025-08-22,17
TCS,2025-08-23,18
TCS,2025-08-24,13
TCS,2025-08-25,24
TCS,2025-08-26,19
TCS,2025-08-27,20
TCS,2025-08-28,14
TCS,2025-08-29,20
TCS,2025-08-30,20
TCS,2025-08-31,11
TCS,2025-09-01,12
TCS,2025-09-02,27
TCS,2025-09-03,19
TCS,2025-09-04,23
TCS,2025-09-05,28
TCS,2025-09-06,10
TCS,2025-09-07,17
TCS,2025-09-08,21
TCS,2025-09-09,17
TCS,2025-09-10,15
TCS,2025-09-11,26
TCS,2025-09-12,15
TCS,2025-09-13,15
TCS,2025-09-14,17
TCS,2025-09-15,17
TCS,2025-09-16,15
TCS,2025-09-17,25
TCS,2025-09-18,17
TCS,2025-09-19,20
TCS,2025-09-20,17
TCS,2025-09-21,9
TCS,2025-09-22,23
TCS,2025-09-23,21
TCS,2025-09-24,20
TCS,2025-09-25,16
TCS,2025-09-26,16
TCS,2025-09-27,14
TCS,2025-09-28,9
TCS,2025-09-29,18
TCS,2025-09-30,21
TCS,2025-10-01,16
TCS,2025-10-02,0
TCS,2025-10-03,17
TCS,2025-10-04,12
TCS,2025-10-05,12
TCS,2025-10-06,22
TCS,2025-10-07,24
TCS,2025-10-08,32
TCS,2025-10-09,100
TCS,2025-10-10,52
TCS,2025-10-11,21
TCS,2025-10-12,15
TCS,2025-10-13,25
TCS,2025-10-14,24
TCS,2025-10-15,20
TCS,2025-10-16,14
TCS,2025-10-17,17
TCS,2025-10-18,12
TCS,2025-10-19,11
TCS,2025-10-20,0
TCS,2025-10-21,18
TCS,2025-10-22,13
TCS,2025-10-23,24
TCS,2025-10-24,20
TCS,2025-10-25,12
TCS,2025-10-26,16
TCS,2025-10-27,25
TCS,2025-10-28,24
TCS,2025-10-29,18
TCS,2025-10-30,24
TCS,2025-10-31,20
TCS,2025-11-01,20
TCS,2025-11-02,13
TCS,2025-11-03,19
TCS,2025-11-04,25
TCS,2025-11-05,26
TCS,2025-11-06,23
TCS,2025-11-07,18
TCS,2025-11-08,21
TCS,2025-11-09,0
TCS,2025-11-10,22
TCS,2025-11-11,22
TCS,2025-11-12,26
TCS,2025-11-13,19
TCS,2025-11-14,20
TCS,2025-11-15,21
TCS,2025-11-16,0
TCS,2025-11-17,26
TCS,2025-11-18,16
TCS,2025-11-19,23
TCS,2025-11-20,17
TCS,2025-11-21,20
TCS,2025-11-22,17
TCS,2025-11-23,16
TCS,2025-11-24,23
TCS,2025-11-25,24
TCS,2025-11-26,23
TCS,2025-11-27,21
TCS,2025-11-28,29
TCS,2025-11-29,15
TCS,2025-11-30,18
TCS,2025-12-01,21
TCS,2025-12-02,21
TCS,2025-12-03,21
TCS,2025-12-04,28
TCS,2025-12-05,25
TCS,2025-12-06,16
TCS,2025-12-07,18
TCS,2025-12-08,31
TCS,2025-12-09,23
TCS,2025-12-10,25
TCS,2025-12-11,26
TCS,2025-12-12,29
TCS,2025-12-13,12
TCS,2025-12-14,10
TCS,2025-12-15,25
TCS,2025-12-16,26
TCS,2025-12-17,29
TCS,2025-12-18,25
TCS,2025-12-19,24
TCS,2025-12-20,19
TCS,2025-12-21,13
TCS,2025-12-22,15
TCS,2025-12-23,25
TCS,2025-12-24,24
TCS,2025-12-25,13
TCS,2025-12-26,26
TCS,2025-12-27,16
TCS,2025-12-28,15
TCS,2025-12-29,23
TCS,2025-12-30,30
TCS,2025-12-31,23
TCS,2026-01-01,9
TCS,2026-01-02,12
TCS,2026-01-03,6
TCS,2026-01-04,0
TCS,2026-01-05,11
TCS,2026-01-06,12
TCS,2026-01-07,14
TCS,2026-01-08,8
TCS,2026-01-09,13
TCS,2026-01-10,7
TCS,2026-01-11,6
TCS,2026-01-12,10
TCS,2026-01-13,13
TCS,2026-01-14,9
TCS,2026-01-15,12
TCS,2026-01-16,9
TCS,2026-01-17,4
TCS,2026-01-18,0
TCS,2026-01-19,9
TCS,2026-01-20,11
TCS,2026-01-21,8
TCS,2026-01-22,12
TCS,2026-01-23,11
TCS,2026-01-24,7
TCS,2026-01-25,4
TCS,2026-01-26,5
TCS,2026-01-27,9
TCS,2026-01-28,13
TCS,2026-01-29,9
TCS,2026-01-30,13
TCS,2026-01-31,6
TCS,2026-02-01,4
TCS,2026-02-02,12
TCS,2026-02-03,9
TCS,2026-02-04,17
TCS,2026-02-05,14
TCS,2026-02-06,11
TCS,2026-02-07,11
TCS,2026-02-08,5
TCS,2026-02-09,9
TCS,2026-02-10,9
TCS,2026-02-11,13
TCS,2026-02-12,15
TCS,2026-02-13,15
TCS,2026-02-14,6
TCS,2026-02-15,7
TCS,2026-02-16,14
TCS,2026-02-17,12
TCS,2026-02-18,15
TCS,2026-02-19,12
TCS,2026-02-20,15
TCS,2026-02-21,11
TCS,2026-02-22,5
TCS,2026-02-23,11
TCS,2026-02-24,17
TCS,2026-02-25,13
TCS,2026-02-26,12
TCS,2026-02-27,12
TCS,2026-02-28,6
TCS,2026-03-01,9
TCS,2026-03-02,10
TCS,2026-03-03,12
TCS,2026-03-04,12
TCS,2026-03-05,10
TCS,2026-03-06,13
TCS,2026-03-07,7
TCS,2026-03-08,6
TCS,2026-03-09,8
TCS,2026-03-10,8
TCS,2026-03-11,11
TCS,2026-03-12,11
TCS,2026-03-13,14
TCS,2026-03-14,7
TCS,2026-03-15,8
TCS,2026-03-16,12
TCS,2026-03-17,11
TCS,2026-03-18,10
TCS,2026-03-19,9
TCS,2026-03-20,8
TCS,2026-03-21,7
TCS,2026-03-22,0
TCS,2026-03-23,11
TCS,2026-03-24,12
TCS,2026-03-25,8
TCS,2026-03-26,9
TCS,2026-03-27,7
TCS,2026-03-28,6
TCS,2026-03-29,0
TCS,2026-03-30,13
TCS,2026-03-31,11
TCS,2026-04-01,7
TCS,2026-04-02,11
TCS,2026-04-03,10
TCS,2026-04-04,7
TCS,2026-04-05,5
TCS,2026-04-06,17
TCS,2026-04-07,10
TCS,2026-04-08,18
TCS,2026-04-09,26
TCS,2026-04-10,100
TCS,2026-04-11,22
TCS,2026-04-12,52
TCS,2026-04-13,34
TCS,2026-04-14,25
TCS,2026-04-15,28
TCS,2026-04-16,20
TCS,2026-04-17,18
TCS,2026-04-18,12
TCS,2026-04-19,10
TCS,2026-04-20,11
TCS,2026-04-21,21
TCS,2026-04-22,11
TCS,2026-04-23,12
TCS,2026-04-24,13
TCS,2026-04-25,8
TCS,2026-04-26,6
TCS,2026-04-27,10
TCS,2026-04-28,9
TCS,2026-04-29,8
TCS,2026-04-30,11
TCS,2026-05-01,5
TCS,2026-05-02,5
TCS,2026-05-03,0
TCS,2026-05-04,6
TCS,2026-05-05,10
TCS,2026-05-06,8
TCS,2026-05-07,11
TCS,2026-05-08,9
TCS,2026-05-09,10
TCS,2026-05-10,4
TCS,2026-05-11,13
TCS,2026-05-12,21
TCS,2026-05-13,12
TCS,2026-05-14,7
TCS,2026-05-15,8
TCS,2026-05-16,16
TCS,2026-05-17,0
TCS,2026-05-18,84
TCS,2026-05-19,31
TCS,2026-05-20,9
TCS,2026-05-21,8
TCS,2026-05-22,11
TCS,2026-05-23,5
TCS,2026-05-24,5
TCS,2026-05-25,5
TCS,2026-05-26,68
TCS,2026-05-27,19
TCS,2026-05-28,8
TCS,2026-05-29,11
TCS,2026-05-30,4
TCS,2026-05-31,3
TCS,2026-06-01,7
TCS,2026-06-02,11
TCS,2026-06-03,13
TCS,2026-06-04,9
TCS,2026-06-05,9
TCS,2026-06-06,6
TCS,2026-06-07,5
TCS,2026-06-08,10
TCS,2026-06-09,15
TCS,2026-06-10,28
TCS,2026-06-11,27
TCS,2026-06-12,12
TCS,2026-06-13,13
TCS,2026-06-14,7
TCS,2026-06-15,6
TCS,2026-06-16,5
TCS,2026-06-17,7
TCS,2026-06-18,9
TCS,2026-06-19,10
TCS,2026-06-20,26
TCS,2026-06-21,7
TCS,2026-06-22,11
TCS,2026-06-23,10
TCS,2026-06-24,9
TCS,2026-06-25,7
TCS,2026-06-26,9
TCS,2026-06-27,4
TCS,2026-06-28,6
TCS,2026-06-29,6
TCS,2026-06-30,6
TCS,2026-07-01,5
TCS,2026-07-02,12
TCS,2026-07-03,13
TCS,2026-07-04,9
TCS,2026-07-05,6
TCS,2026-07-06,9
TCS,2026-07-07,24
TCS,2026-07-08,11
TCS,2026-07-09,20
TCS,2026-07-10,13
TCS,2026-07-11,12
TCS,2026-07-12,26
TCS,2026-07-13,35
TCS,2026-07-14,22
TCS,2026-07-15,13
TCS,2026-07-16,12
TCS,2026-07-17,11
TCS,2026-07-18,12
TCS,2026-07-19,0
TCS,2026-07-20,11
TCS,2026-07-21,10
TCS,2026-07-22,9
TCS,2026-07-23,9
TCS,2026-07-24,10
TCS,2026-07-25,7
TCS,2026-07-26,10
TCS,2026-07-27,9
TCS,2026-07-28,7
TCS,2026-07-29,10
TCS,2026-07-30,11
TCS,2026-07-31,6
TCS,2026-08-01,7
TCS,2026-08-02,5
TCS,2026-08-03,8
TCS,2026-08-04,10
TCS,2026-08-05,9
TCS,2026-08-06,10
TCS,2026-08-07,8
TCS,2026-08-08,8
TCS,2026-08-09,5
TCS,2026-08-10,100
TCS,2026-08-11,27
TCS,2026-08-12,12
TCS,2026-08-13,7
TCS,2026-08-14,8
TCS,2026-08-15,5
TCS,2026-08-16,24
TCS,2026-08-17,13
TCS,2026-08-18,13
TCS,2026-08-19,10
TCS,2026-08-20,9
TCS,2026-08-21,11
TCS,2026-08-22,13
TCS,2026-08-23,7
TCS,2026-08-24,9
TCS,2026-08-25,10
TCS,2026-08-26,11
TCS,2026-08-27,11
TCS,2026-08-28,7
TCS,2026-08-29,11
TCS,2026-08-30,10
TCS,2026-08-31,9
TCS,2026-09-01,6
TCS,2026-09-02,9
TCS,2026-09-03,11
TCS,2026-09-04,9
TCS,2026-09-05,9
TCS,2026-09-06,8
TCS,2026-09-07,8
TCS,2026-09-08,21
TCS,2026-09-09,17
TCS,2026-09-10,14
TCS,2026-09-11,8
TCS,2026-09-12,6
TCS,2026-09-13,4
TCS,2026-09-14,5
TCS,2026-09-15,7
TCS,2026-09-16,7
TCS,2026-09-17,8
TCS,2026-09-18,7
TCS,2026-09-19,8
TCS,2026-09-20,4
TCS,2026-09-21,8
TCS,2026-09-22,10
TCS,2026-09-23,18
TCS,2026-09-24,7
TCS,2026-09-25,6
TCS,2026-09-26,6
TCS,2026-09-27,3
